#
# There is insufficient memory for the Java Runtime Environment to continue.
# Native memory allocation (mmap) failed to map 54525952 bytes. Error detail: G1 virtual space
# Possible reasons:
#   The system is out of physical RAM or swap space
#   This process is running with CompressedOops enabled, and the Java Heap may be blocking the growth of the native heap
# Possible solutions:
#   Reduce memory load on the system
#   Increase physical memory or swap space
#   Check if swap backing store is full
#   Decrease Java heap size (-Xmx/-Xms)
#   Decrease number of Java threads
#   Decrease Java thread stack sizes (-Xss)
#   Set larger code cache with -XX:ReservedCodeCacheSize=
#   JVM is running with Unscaled Compressed Oops mode in which the Java heap is
#     placed in the first 4GB address space. The Java Heap base address is the
#     maximum limit for the native heap growth. Please use -XX:HeapBaseMinAddress
#     to set the Java Heap base and to place the Java Heap above 4GB virtual address.
# This output file may be truncated or incomplete.
#
#  Out of Memory Error (os_windows.cpp:3714), pid=27344, tid=30796
#
# JRE version: OpenJDK Runtime Environment Temurin-21.0.11+10 (21.0.11+10) (build 21.0.11+10-LTS)
# Java VM: OpenJDK 64-Bit Server VM Temurin-21.0.11+10 (21.0.11+10-LTS, mixed mode, sharing, tiered, compressed oops, compressed class ptrs, g1 gc, windows-amd64)
# No core dump will be written. Minidumps are not enabled by default on client versions of Windows
#

---------------  S U M M A R Y ------------

Command Line: --add-opens=java.base/java.lang=ALL-UNNAMED --add-opens=java.base/java.lang.invoke=ALL-UNNAMED --add-opens=java.base/java.util=ALL-UNNAMED --add-opens=java.prefs/java.util.prefs=ALL-UNNAMED --add-exports=jdk.compiler/com.sun.tools.javac.api=ALL-UNNAMED --add-exports=jdk.compiler/com.sun.tools.javac.util=ALL-UNNAMED --add-opens=java.base/java.util=ALL-UNNAMED --add-opens=java.prefs/java.util.prefs=ALL-UNNAMED --add-opens=java.base/java.nio.charset=ALL-UNNAMED --add-opens=java.base/java.net=ALL-UNNAMED --add-opens=java.base/java.util.concurrent.atomic=ALL-UNNAMED --add-opens=java.xml/javax.xml.namespace=ALL-UNNAMED -XX:MaxMetaspaceSize=512m -Xmx1280m -Dfile.encoding=UTF-8 -Duser.country=IN -Duser.language=en -Duser.variant -javaagent:C:\Users\AFIS\.gradle\wrapper\dists\gradle-8.14.3-bin\cv11ve7ro1n3o1j4so8xd9n66\gradle-8.14.3\lib\agents\gradle-instrumentation-agent-8.14.3.jar org.gradle.launcher.daemon.bootstrap.GradleDaemon 8.14.3

Host: 11th Gen Intel(R) Core(TM) i3-1115G4 @ 3.00GHz, 4 cores, 7G,  Windows 11 , 64 bit Build 26100 (10.0.26100.8521)
Time: Tue Jun 30 11:24:02 2026 India Standard Time elapsed time: 274.690707 seconds (0d 0h 4m 34s)

---------------  T H R E A D  ---------------

Current thread (0x000001e0f633b800):  VMThread "VM Thread"          [id=30796, stack(0x00000070dd300000,0x00000070dd400000) (1024K)]

Stack: [0x00000070dd300000,0x00000070dd400000]
Native frames: (J=compiled Java code, j=interpreted, Vv=VM code, C=native code)
V  [jvm.dll+0x6d7e19]
V  [jvm.dll+0x8b5096]
V  [jvm.dll+0x8b764e]
V  [jvm.dll+0x8b7d33]
V  [jvm.dll+0x284596]
V  [jvm.dll+0x6d4735]
V  [jvm.dll+0x6c845a]
V  [jvm.dll+0x35ef08]
V  [jvm.dll+0x366b46]
V  [jvm.dll+0x3b7c2e]
V  [jvm.dll+0x3b7ed8]
V  [jvm.dll+0x33310c]
V  [jvm.dll+0x335926]
V  [jvm.dll+0x33f91d]
V  [jvm.dll+0x374fdf]
V  [jvm.dll+0x8bda20]
V  [jvm.dll+0x8bed94]
V  [jvm.dll+0x8bf2c0]
V  [jvm.dll+0x8bf563]
V  [jvm.dll+0x85fb0d]
V  [jvm.dll+0x6d664d]
C  [ucrtbase.dll+0x2cd30]
C  [KERNEL32.DLL+0x2e957]
C  [ntdll.dll+0x87c1c]

VM_Operation (0x00000070dceff750): G1PauseRemark, mode: safepoint, requested by thread 0x000001e0ef3fc2a0


---------------  P R O C E S S  ---------------

Threads class SMR info:
_java_thread_list=0x000001e0ff5be060, length=73, elements={
0x000001e0ef3afef0, 0x000001e0f6361580, 0x000001e0f6362d00, 0x000001e0f6366490,
0x000001e0f6366ef0, 0x000001e0f6367950, 0x000001e0f63683b0, 0x000001e0f6369140,
0x000001e0f636e780, 0x000001e0f661cda0, 0x000001e0f65d0470, 0x000001e0fbdb5870,
0x000001e0f643a610, 0x000001e0fb32b910, 0x000001e0fb0ec470, 0x000001e0fbf7e9d0,
0x000001e0f64f0030, 0x000001e0f64f06c0, 0x000001e0f64ee5f0, 0x000001e0f64f0d50,
0x000001e0f64eec80, 0x000001e0f64f13e0, 0x000001e0f64edf60, 0x000001e0f64ef310,
0x000001e0fc1765f0, 0x000001e0fc173170, 0x000001e0fc176c80, 0x000001e0fc1758d0,
0x000001e0fc173e90, 0x000001e0fc173800, 0x000001e0fc175240, 0x000001e0fc178030,
0x000001e0fc174bb0, 0x000001e0fc1786c0, 0x000001e0fc17a790, 0x000001e0fe7326a0,
0x000001e0fe731980, 0x000001e0fe7333c0, 0x000001e0fe733a50, 0x000001e0fe732d30,
0x000001e0fe7312f0, 0x000001e0fe732010, 0x000001e0fe730c60, 0x000001e0fe736840,
0x000001e0fe734e00, 0x000001e0fe7361b0, 0x000001e0fe736ed0, 0x000001e0fe737bf0,
0x000001e0ff6654c0, 0x000001e0ff6626d0, 0x000001e0ff6661e0, 0x000001e0ff666870,
0x000001e0ff663a80, 0x000001e0ff667c20, 0x000001e0ff669660, 0x000001e0ff6682b0,
0x000001e0ff668940, 0x000001e0ff668fd0, 0x000001e0ff7ba870, 0x000001e0ff7b9b50,
0x000001e0aaeaa020, 0x000001e0aaeaba60, 0x000001e0aaeadb30, 0x000001e0aaeace10,
0x000001e0fe940e10, 0x000001e0fe9414a0, 0x000001e0fe943c00, 0x000001e0ff664e30,
0x000001e0ff7b8e30, 0x000001e0aaeaad40, 0x000001e0aa856c90, 0x000001e0aa854bc0,
0x000001e0aa8558e0
}

Java Threads: ( => current thread )
  0x000001e0ef3afef0 JavaThread "main"                              [_thread_blocked, id=24500, stack(0x00000070dcc00000,0x00000070dcd00000) (1024K)]
  0x000001e0f6361580 JavaThread "Reference Handler"          daemon [_thread_blocked, id=36004, stack(0x00000070dd400000,0x00000070dd500000) (1024K)]
  0x000001e0f6362d00 JavaThread "Finalizer"                  daemon [_thread_blocked, id=26320, stack(0x00000070dd500000,0x00000070dd600000) (1024K)]
  0x000001e0f6366490 JavaThread "Signal Dispatcher"          daemon [_thread_blocked, id=26984, stack(0x00000070dd600000,0x00000070dd700000) (1024K)]
  0x000001e0f6366ef0 JavaThread "Attach Listener"            daemon [_thread_blocked, id=28052, stack(0x00000070dd700000,0x00000070dd800000) (1024K)]
  0x000001e0f6367950 JavaThread "Service Thread"             daemon [_thread_blocked, id=15080, stack(0x00000070dd800000,0x00000070dd900000) (1024K)]
  0x000001e0f63683b0 JavaThread "Monitor Deflation Thread"   daemon [_thread_blocked, id=16916, stack(0x00000070dd900000,0x00000070dda00000) (1024K)]
  0x000001e0f6369140 JavaThread "C2 CompilerThread0"         daemon [_thread_blocked, id=36624, stack(0x00000070dda00000,0x00000070ddb00000) (1024K)]
  0x000001e0f636e780 JavaThread "C1 CompilerThread0"         daemon [_thread_blocked, id=30996, stack(0x00000070ddb00000,0x00000070ddc00000) (1024K)]
  0x000001e0f661cda0 JavaThread "Common-Cleaner"             daemon [_thread_blocked, id=10056, stack(0x00000070ddc00000,0x00000070ddd00000) (1024K)]
  0x000001e0f65d0470 JavaThread "Notification Thread"        daemon [_thread_blocked, id=18816, stack(0x00000070ddd00000,0x00000070dde00000) (1024K)]
  0x000001e0fbdb5870 JavaThread "Daemon health stats"               [_thread_blocked, id=15352, stack(0x00000070de000000,0x00000070de100000) (1024K)]
  0x000001e0f643a610 JavaThread "Incoming local TCP Connector on port 54978"        [_thread_in_native, id=31700, stack(0x00000070de300000,0x00000070de400000) (1024K)]
  0x000001e0fb32b910 JavaThread "Daemon periodic checks"            [_thread_blocked, id=10696, stack(0x00000070de400000,0x00000070de500000) (1024K)]
  0x000001e0fb0ec470 JavaThread "Daemon"                            [_thread_blocked, id=28432, stack(0x00000070de500000,0x00000070de600000) (1024K)]
  0x000001e0fbf7e9d0 JavaThread "Handler for socket connection from /127.0.0.1:54978 to /127.0.0.1:54979"        [_thread_in_native, id=15084, stack(0x00000070de600000,0x00000070de700000) (1024K)]
  0x000001e0f64f0030 JavaThread "Cancel handler"                    [_thread_blocked, id=9536, stack(0x00000070de200000,0x00000070de300000) (1024K)]
  0x000001e0f64f06c0 JavaThread "Daemon worker"                     [_thread_blocked, id=26048, stack(0x00000070de700000,0x00000070de800000) (1024K)]
  0x000001e0f64ee5f0 JavaThread "Asynchronous log dispatcher for DefaultDaemonConnection: socket connection from /127.0.0.1:54978 to /127.0.0.1:54979"        [_thread_blocked, id=19448, stack(0x00000070de800000,0x00000070de900000) (1024K)]
  0x000001e0f64f0d50 JavaThread "Stdin handler"                     [_thread_blocked, id=16676, stack(0x00000070de900000,0x00000070dea00000) (1024K)]
  0x000001e0f64eec80 JavaThread "Daemon client event forwarder"        [_thread_blocked, id=24336, stack(0x00000070dea00000,0x00000070deb00000) (1024K)]
  0x000001e0f64f13e0 JavaThread "Cache worker for journal cache (C:\Users\AFIS\.gradle\caches\journal-1)"        [_thread_blocked, id=30284, stack(0x00000070deb00000,0x00000070dec00000) (1024K)]
  0x000001e0f64edf60 JavaThread "File lock request listener"        [_thread_in_native, id=12436, stack(0x00000070dec00000,0x00000070ded00000) (1024K)]
  0x000001e0f64ef310 JavaThread "Cache worker for file hash cache (C:\Users\AFIS\.gradle\caches\8.14.3\fileHashes)"        [_thread_blocked, id=28916, stack(0x00000070ded00000,0x00000070dee00000) (1024K)]
  0x000001e0fc1765f0 JavaThread "Cache worker for file hash cache (C:\Users\AFIS\Desktop\ReactNativeIMC\MeloneLite\android\.gradle\8.14.3\fileHashes)"        [_thread_blocked, id=35000, stack(0x00000070def00000,0x00000070df000000) (1024K)]
  0x000001e0fc173170 JavaThread "Cache worker for Build Output Cleanup Cache (C:\Users\AFIS\Desktop\ReactNativeIMC\MeloneLite\android\.gradle\buildOutputCleanup)"        [_thread_blocked, id=28764, stack(0x00000070df000000,0x00000070df100000) (1024K)]
  0x000001e0fc176c80 JavaThread "File watcher server"        daemon [_thread_in_native, id=23100, stack(0x00000070df100000,0x00000070df200000) (1024K)]
  0x000001e0fc1758d0 JavaThread "File watcher consumer"      daemon [_thread_blocked, id=24876, stack(0x00000070df200000,0x00000070df300000) (1024K)]
  0x000001e0fc173e90 JavaThread "jar transforms"                    [_thread_blocked, id=10576, stack(0x00000070dee00000,0x00000070def00000) (1024K)]
  0x000001e0fc173800 JavaThread "Cache worker for checksums cache (C:\Users\AFIS\Desktop\ReactNativeIMC\MeloneLite\android\.gradle\8.14.3\checksums)"        [_thread_blocked, id=25344, stack(0x00000070df300000,0x00000070df400000) (1024K)]
  0x000001e0fc175240 JavaThread "Cache worker for file content cache (C:\Users\AFIS\.gradle\caches\8.14.3\fileContent)"        [_thread_blocked, id=27884, stack(0x00000070df500000,0x00000070df600000) (1024K)]
  0x000001e0fc178030 JavaThread "Cache worker for cache directory md-supplier (C:\Users\AFIS\.gradle\caches\8.14.3\md-supplier)"        [_thread_blocked, id=22368, stack(0x00000070df400000,0x00000070df500000) (1024K)]
  0x000001e0fc174bb0 JavaThread "Cache worker for cache directory md-rule (C:\Users\AFIS\.gradle\caches\8.14.3\md-rule)"        [_thread_blocked, id=15324, stack(0x00000070df900000,0x00000070dfa00000) (1024K)]
  0x000001e0fc1786c0 JavaThread "Cache worker for Build Output Cleanup Cache (C:\Users\AFIS\Desktop\ReactNativeIMC\MeloneLite\node_modules\@react-native\gradle-plugin\.gradle\buildOutputCleanup)"        [_thread_blocked, id=25956, stack(0x00000070dfb00000,0x00000070dfc00000) (1024K)]
  0x000001e0fc17a790 JavaThread "Unconstrained build operations"        [_thread_blocked, id=23996, stack(0x00000070dfa00000,0x00000070dfb00000) (1024K)]
  0x000001e0fe7326a0 JavaThread "Unconstrained build operations Thread 2"        [_thread_blocked, id=18280, stack(0x00000070dfc00000,0x00000070dfd00000) (1024K)]
  0x000001e0fe731980 JavaThread "Unconstrained build operations Thread 3"        [_thread_blocked, id=17024, stack(0x00000070dfd00000,0x00000070dfe00000) (1024K)]
  0x000001e0fe7333c0 JavaThread "Cache worker for Build Output Cleanup Cache (C:\Users\AFIS\Desktop\ReactNativeIMC\MeloneLite\node_modules\expo-modules-autolinking\android\expo-gradle-plugin\.gradle\buildOutputCleanup)"        [_thread_blocked, id=12200, stack(0x00000070dfe00000,0x00000070dff00000) (1024K)]
  0x000001e0fe733a50 JavaThread "Unconstrained build operations Thread 4"        [_thread_blocked, id=21060, stack(0x00000070e0000000,0x00000070e0100000) (1024K)]
  0x000001e0fe732d30 JavaThread "Unconstrained build operations Thread 5"        [_thread_blocked, id=26472, stack(0x00000070e0100000,0x00000070e0200000) (1024K)]
  0x000001e0fe7312f0 JavaThread "Unconstrained build operations Thread 6"        [_thread_blocked, id=25300, stack(0x00000070e0200000,0x00000070e0300000) (1024K)]
  0x000001e0fe732010 JavaThread "build event listener"              [_thread_blocked, id=1556, stack(0x00000070dff00000,0x00000070e0000000) (1024K)]
  0x000001e0fe730c60 JavaThread "Memory manager"                    [_thread_blocked, id=34804, stack(0x00000070e0300000,0x00000070e0400000) (1024K)]
  0x000001e0fe736840 JavaThread "Unconstrained build operations Thread 7"        [_thread_blocked, id=20828, stack(0x00000070e0400000,0x00000070e0500000) (1024K)]
  0x000001e0fe734e00 JavaThread "build event listener"              [_thread_blocked, id=31996, stack(0x00000070e0500000,0x00000070e0600000) (1024K)]
  0x000001e0fe7361b0 JavaThread "Unconstrained build operations Thread 8"        [_thread_blocked, id=9344, stack(0x00000070e0600000,0x00000070e0700000) (1024K)]
  0x000001e0fe736ed0 JavaThread "Unconstrained build operations Thread 9"        [_thread_blocked, id=33252, stack(0x00000070e0700000,0x00000070e0800000) (1024K)]
  0x000001e0fe737bf0 JavaThread "Unconstrained build operations Thread 10"        [_thread_blocked, id=18948, stack(0x00000070e0800000,0x00000070e0900000) (1024K)]
  0x000001e0ff6654c0 JavaThread "included builds"                   [_thread_blocked, id=5784, stack(0x00000070e0f00000,0x00000070e1000000) (1024K)]
  0x000001e0ff6626d0 JavaThread "Cache worker for execution history cache (C:\Users\AFIS\Desktop\ReactNativeIMC\MeloneLite\node_modules\expo-modules-autolinking\android\expo-gradle-plugin\.gradle\8.14.3\executionHistory)"        [_thread_blocked, id=32516, stack(0x00000070e1100000,0x00000070e1200000) (1024K)]
  0x000001e0ff6661e0 JavaThread "Cache worker for execution history cache (C:\Users\AFIS\Desktop\ReactNativeIMC\MeloneLite\node_modules\@react-native\gradle-plugin\.gradle\8.14.3\executionHistory)"        [_thread_blocked, id=15644, stack(0x00000070e1200000,0x00000070e1300000) (1024K)]
  0x000001e0ff666870 JavaThread "WorkerExecutor Queue"              [_thread_blocked, id=13624, stack(0x00000070dc900000,0x00000070dca00000) (1024K)]
  0x000001e0ff663a80 JavaThread "RMI Scheduler(0)"           daemon [_thread_blocked, id=35188, stack(0x00000070dca00000,0x00000070dcb00000) (1024K)]
  0x000001e0ff667c20 JavaThread "RMI GC Daemon"              daemon [_thread_blocked, id=28232, stack(0x00000070df600000,0x00000070df700000) (1024K)]
  0x000001e0ff669660 JavaThread "RMI RenewClean-[127.0.0.1:17744,org.jetbrains.kotlin.daemon.common.LoopbackNetworkInterface$ClientLoopbackSocketFactory@30143af3]" daemon [_thread_blocked, id=29368, stack(0x00000070df700000,0x00000070df800000) (1024K)]
  0x000001e0ff6682b0 JavaThread "RMI TCP Accept-0"           daemon [_thread_in_native, id=15316, stack(0x00000070df800000,0x00000070df900000) (1024K)]
  0x000001e0ff668940 JavaThread "RMI Reaper"                        [_thread_blocked, id=3088, stack(0x00000070e1300000,0x00000070e1400000) (1024K)]
  0x000001e0ff668fd0 JavaThread "RMI TCP Connection(idle)"   daemon [_thread_blocked, id=22508, stack(0x00000070e1400000,0x00000070e1500000) (1024K)]
  0x000001e0ff7ba870 JavaThread "RMI TCP Connection(idle)"   daemon [_thread_blocked, id=27396, stack(0x00000070e0b00000,0x00000070e0c00000) (1024K)]
  0x000001e0ff7b9b50 JavaThread "jar transforms Thread 2"           [_thread_blocked, id=20516, stack(0x00000070e1500000,0x00000070e1600000) (1024K)]
  0x000001e0aaeaa020 JavaThread "Cache worker for Build Output Cleanup Cache (C:\Users\AFIS\Desktop\ReactNativeIMC\MeloneLite\node_modules\expo-dev-launcher\expo-dev-launcher-gradle-plugin\.gradle\buildOutputCleanup)"        [_thread_blocked, id=2752, stack(0x00000070dcb00000,0x00000070dcc00000) (1024K)]
  0x000001e0aaeaba60 JavaThread "Cache worker for Build Output Cleanup Cache (C:\Users\AFIS\Desktop\ReactNativeIMC\MeloneLite\node_modules\expo-modules-core\expo-module-gradle-plugin\.gradle\buildOutputCleanup)"        [_thread_blocked, id=21648, stack(0x00000070e1600000,0x00000070e1700000) (1024K)]
  0x000001e0aaeadb30 JavaThread "build event listener"              [_thread_blocked, id=10476, stack(0x00000070e1700000,0x00000070e1800000) (1024K)]
  0x000001e0aaeace10 JavaThread "build event listener"              [_thread_blocked, id=29392, stack(0x00000070e1800000,0x00000070e1900000) (1024K)]
  0x000001e0fe940e10 JavaThread "jar transforms Thread 3"           [_thread_blocked, id=21180, stack(0x00000070e0a00000,0x00000070e0b00000) (1024K)]
  0x000001e0fe9414a0 JavaThread "Cache worker for execution history cache (C:\Users\AFIS\Desktop\ReactNativeIMC\MeloneLite\node_modules\expo-dev-launcher\expo-dev-launcher-gradle-plugin\.gradle\8.14.3\executionHistory)"        [_thread_blocked, id=34596, stack(0x00000070e1b00000,0x00000070e1c00000) (1024K)]
  0x000001e0fe943c00 JavaThread "Cache worker for execution history cache (C:\Users\AFIS\Desktop\ReactNativeIMC\MeloneLite\node_modules\expo-modules-core\expo-module-gradle-plugin\.gradle\8.14.3\executionHistory)"        [_thread_blocked, id=27816, stack(0x00000070e1c00000,0x00000070e1d00000) (1024K)]
  0x000001e0ff664e30 JavaThread "jar transforms Thread 4"           [_thread_blocked, id=26888, stack(0x00000070e0900000,0x00000070e0a00000) (1024K)]
  0x000001e0ff7b8e30 JavaThread "Problems report writer"            [_thread_blocked, id=31172, stack(0x00000070e0c00000,0x00000070e0d00000) (1024K)]
  0x000001e0aaeaad40 JavaThread "build event listener"              [_thread_blocked, id=22384, stack(0x00000070e0d00000,0x00000070e0e00000) (1024K)]
  0x000001e0aa856c90 JavaThread "Exec process Thread 7"             [_thread_blocked, id=26732, stack(0x00000070e0e00000,0x00000070e0f00000) (1024K)]
  0x000001e0aa854bc0 JavaThread "Exec process Thread 8"             [_thread_blocked, id=33860, stack(0x00000070e1000000,0x00000070e1100000) (1024K)]
  0x000001e0aa8558e0 JavaThread "Exec process Thread 9"             [_thread_blocked, id=21592, stack(0x00000070e1a00000,0x00000070e1b00000) (1024K)]
Total: 73

Other Threads:
=>0x000001e0f633b800 VMThread "VM Thread"                           [id=30796, stack(0x00000070dd300000,0x00000070dd400000) (1024K)]
  0x000001e0f632aff0 WatcherThread "VM Periodic Task Thread"        [id=34504, stack(0x00000070dd200000,0x00000070dd300000) (1024K)]
  0x000001e0ef3f0b90 WorkerThread "GC Thread#0"                     [id=18868, stack(0x00000070dcd00000,0x00000070dce00000) (1024K)]
  0x000001e0f665d460 WorkerThread "GC Thread#1"                     [id=36704, stack(0x00000070dde00000,0x00000070ddf00000) (1024K)]
  0x000001e0f6719430 WorkerThread "GC Thread#2"                     [id=13740, stack(0x00000070ddf00000,0x00000070de000000) (1024K)]
  0x000001e0f6fc8110 WorkerThread "GC Thread#3"                     [id=23652, stack(0x00000070de100000,0x00000070de200000) (1024K)]
  0x000001e0ef3fc2a0 ConcurrentGCThread "G1 Main Marker"            [id=34856, stack(0x00000070dce00000,0x00000070dcf00000) (1024K)]
  0x000001e0ef3fdb40 WorkerThread "G1 Conc#0"                       [id=20800, stack(0x00000070dcf00000,0x00000070dd000000) (1024K)]
  0x000001e0f61f64d0 ConcurrentGCThread "G1 Refine#0"               [id=36252, stack(0x00000070dd000000,0x00000070dd100000) (1024K)]
  0x000001e0f61f8e70 ConcurrentGCThread "G1 Service"                [id=29628, stack(0x00000070dd100000,0x00000070dd200000) (1024K)]
Total: 10

Threads with active compile tasks:
Total: 0

VM state: at safepoint (normal execution)

VM Mutex/Monitor currently owned by a thread:  ([mutex/lock_event])
[0x00007ffc2104f570] Threads_lock - owner thread: 0x000001e0f633b800
[0x00007ffc2104f670] Heap_lock - owner thread: 0x000001e0ef3fc2a0

Heap address: 0x00000000b0000000, size: 1280 MB, Compressed Oops mode: 32-bit

CDS archive(s) mapped at: [0x000001e08f000000-0x000001e08fba0000-0x000001e08fba0000), size 12189696, SharedBaseAddress: 0x000001e08f000000, ArchiveRelocationMode: 1.
Compressed class space mapped at: 0x000001e090000000-0x000001e0aa000000, reserved size: 436207616
Narrow klass base: 0x000001e08f000000, Narrow klass shift: 0, Narrow klass range: 0x100000000

GC Precious Log:
 CardTable entry size: 512
 Card Set container configuration: InlinePtr #cards 5 size 8 Array Of Cards #cards 12 size 40 Howl #buckets 4 coarsen threshold 1843 Howl Bitmap #cards 512 size 80 coarsen threshold 460 Card regions per heap region 1 cards per card region 2048
 CPUs: 4 total, 4 available
 Memory: 7834M
 Large Page Support: Disabled
 NUMA Support: Disabled
 Compressed Oops: Enabled (32-bit)
 Heap Region Size: 1M
 Heap Min Capacity: 8M
 Heap Initial Capacity: 124M
 Heap Max Capacity: 1280M
 Pre-touch: Disabled
 Parallel Workers: 4
 Concurrent Workers: 1
 Concurrent Refinement Workers: 4
 Periodic GC: Disabled

Heap:
 garbage-first heap   total 286720K, used 212480K [0x00000000b0000000, 0x0000000100000000)
  region size 1024K, 20 young (20480K), 10 survivors (10240K)
 Metaspace       used 136947K, committed 140032K, reserved 557056K
  class space    used 19095K, committed 20608K, reserved 425984K

Heap Regions: E=young(eden), S=young(survivor), O=old, HS=humongous(starts), HC=humongous(continues), CS=collection set, F=free, TAMS=top-at-mark-start, PB=parsable bottom
|   0|0x00000000b0000000, 0x00000000b0100000, 0x00000000b0100000|100%|HS|  |TAMS 0x00000000b0100000| PB 0x00000000b0000000| Complete 
|   1|0x00000000b0100000, 0x00000000b0200000, 0x00000000b0200000|100%|HC|  |TAMS 0x00000000b0200000| PB 0x00000000b0100000| Complete 
|   2|0x00000000b0200000, 0x00000000b0300000, 0x00000000b0300000|100%|HC|  |TAMS 0x00000000b0300000| PB 0x00000000b0200000| Complete 
|   3|0x00000000b0300000, 0x00000000b0400000, 0x00000000b0400000|100%| O|  |TAMS 0x00000000b0400000| PB 0x00000000b0400000| Updating 
|   4|0x00000000b0400000, 0x00000000b0500000, 0x00000000b0500000|100%| O|  |TAMS 0x00000000b0500000| PB 0x00000000b0500000| Untracked 
|   5|0x00000000b0500000, 0x00000000b0600000, 0x00000000b0600000|100%| O|  |TAMS 0x00000000b0600000| PB 0x00000000b0600000| Untracked 
|   6|0x00000000b0600000, 0x00000000b0700000, 0x00000000b0700000|100%| O|  |TAMS 0x00000000b0700000| PB 0x00000000b0700000| Untracked 
|   7|0x00000000b0700000, 0x00000000b0800000, 0x00000000b0800000|100%|HS|  |TAMS 0x00000000b0800000| PB 0x00000000b0700000| Complete 
|   8|0x00000000b0800000, 0x00000000b0900000, 0x00000000b0900000|100%| O|  |TAMS 0x00000000b0900000| PB 0x00000000b0900000| Untracked 
|   9|0x00000000b0900000, 0x00000000b0a00000, 0x00000000b0a00000|100%| O|  |TAMS 0x00000000b0a00000| PB 0x00000000b0a00000| Untracked 
|  10|0x00000000b0a00000, 0x00000000b0b00000, 0x00000000b0b00000|100%| O|  |TAMS 0x00000000b0b00000| PB 0x00000000b0b00000| Untracked 
|  11|0x00000000b0b00000, 0x00000000b0c00000, 0x00000000b0c00000|100%| O|  |TAMS 0x00000000b0c00000| PB 0x00000000b0c00000| Untracked 
|  12|0x00000000b0c00000, 0x00000000b0d00000, 0x00000000b0d00000|100%| O|  |TAMS 0x00000000b0d00000| PB 0x00000000b0d00000| Untracked 
|  13|0x00000000b0d00000, 0x00000000b0e00000, 0x00000000b0e00000|100%| O|  |TAMS 0x00000000b0e00000| PB 0x00000000b0e00000| Untracked 
|  14|0x00000000b0e00000, 0x00000000b0f00000, 0x00000000b0f00000|100%| O|  |TAMS 0x00000000b0f00000| PB 0x00000000b0f00000| Untracked 
|  15|0x00000000b0f00000, 0x00000000b1000000, 0x00000000b1000000|100%| O|  |TAMS 0x00000000b1000000| PB 0x00000000b1000000| Updating 
|  16|0x00000000b1000000, 0x00000000b1100000, 0x00000000b1100000|100%| O|  |TAMS 0x00000000b1100000| PB 0x00000000b1100000| Untracked 
|  17|0x00000000b1100000, 0x00000000b1200000, 0x00000000b1200000|100%| O|  |TAMS 0x00000000b1200000| PB 0x00000000b1200000| Untracked 
|  18|0x00000000b1200000, 0x00000000b1300000, 0x00000000b1300000|100%| O|  |TAMS 0x00000000b1300000| PB 0x00000000b1300000| Untracked 
|  19|0x00000000b1300000, 0x00000000b1400000, 0x00000000b1400000|100%| O|  |TAMS 0x00000000b1400000| PB 0x00000000b1400000| Untracked 
|  20|0x00000000b1400000, 0x00000000b1500000, 0x00000000b1500000|100%| O|  |TAMS 0x00000000b1500000| PB 0x00000000b1500000| Untracked 
|  21|0x00000000b1500000, 0x00000000b1600000, 0x00000000b1600000|100%| O|  |TAMS 0x00000000b1600000| PB 0x00000000b1600000| Untracked 
|  22|0x00000000b1600000, 0x00000000b1700000, 0x00000000b1700000|100%| O|  |TAMS 0x00000000b1700000| PB 0x00000000b1700000| Untracked 
|  23|0x00000000b1700000, 0x00000000b1800000, 0x00000000b1800000|100%| O|  |TAMS 0x00000000b1800000| PB 0x00000000b1800000| Untracked 
|  24|0x00000000b1800000, 0x00000000b1900000, 0x00000000b1900000|100%| O|  |TAMS 0x00000000b1900000| PB 0x00000000b1900000| Untracked 
|  25|0x00000000b1900000, 0x00000000b1a00000, 0x00000000b1a00000|100%| O|  |TAMS 0x00000000b1a00000| PB 0x00000000b1a00000| Untracked 
|  26|0x00000000b1a00000, 0x00000000b1b00000, 0x00000000b1b00000|100%| O|  |TAMS 0x00000000b1b00000| PB 0x00000000b1b00000| Untracked 
|  27|0x00000000b1b00000, 0x00000000b1c00000, 0x00000000b1c00000|100%| O|  |TAMS 0x00000000b1c00000| PB 0x00000000b1c00000| Untracked 
|  28|0x00000000b1c00000, 0x00000000b1d00000, 0x00000000b1d00000|100%| O|  |TAMS 0x00000000b1d00000| PB 0x00000000b1d00000| Untracked 
|  29|0x00000000b1d00000, 0x00000000b1e00000, 0x00000000b1e00000|100%| O|  |TAMS 0x00000000b1e00000| PB 0x00000000b1e00000| Updating 
|  30|0x00000000b1e00000, 0x00000000b1f00000, 0x00000000b1f00000|100%| O|  |TAMS 0x00000000b1f00000| PB 0x00000000b1f00000| Untracked 
|  31|0x00000000b1f00000, 0x00000000b2000000, 0x00000000b2000000|100%| O|  |TAMS 0x00000000b2000000| PB 0x00000000b2000000| Untracked 
|  32|0x00000000b2000000, 0x00000000b2100000, 0x00000000b2100000|100%| O|  |TAMS 0x00000000b2100000| PB 0x00000000b2100000| Untracked 
|  33|0x00000000b2100000, 0x00000000b2200000, 0x00000000b2200000|100%| O|  |TAMS 0x00000000b2200000| PB 0x00000000b2200000| Untracked 
|  34|0x00000000b2200000, 0x00000000b2300000, 0x00000000b2300000|100%| O|  |TAMS 0x00000000b2300000| PB 0x00000000b2300000| Untracked 
|  35|0x00000000b2300000, 0x00000000b2400000, 0x00000000b2400000|100%| O|  |TAMS 0x00000000b2400000| PB 0x00000000b2400000| Untracked 
|  36|0x00000000b2400000, 0x00000000b2500000, 0x00000000b2500000|100%| O|  |TAMS 0x00000000b2500000| PB 0x00000000b2500000| Untracked 
|  37|0x00000000b2500000, 0x00000000b2600000, 0x00000000b2600000|100%| O|  |TAMS 0x00000000b2600000| PB 0x00000000b2600000| Updating 
|  38|0x00000000b2600000, 0x00000000b2700000, 0x00000000b2700000|100%| O|  |TAMS 0x00000000b2700000| PB 0x00000000b2700000| Untracked 
|  39|0x00000000b2700000, 0x00000000b2800000, 0x00000000b2800000|100%| O|  |TAMS 0x00000000b2800000| PB 0x00000000b2800000| Untracked 
|  40|0x00000000b2800000, 0x00000000b2900000, 0x00000000b2900000|100%| O|  |TAMS 0x00000000b2900000| PB 0x00000000b2900000| Untracked 
|  41|0x00000000b2900000, 0x00000000b2a00000, 0x00000000b2a00000|100%| O|  |TAMS 0x00000000b2a00000| PB 0x00000000b2a00000| Updating 
|  42|0x00000000b2a00000, 0x00000000b2b00000, 0x00000000b2b00000|100%| O|  |TAMS 0x00000000b2b00000| PB 0x00000000b2b00000| Updating 
|  43|0x00000000b2b00000, 0x00000000b2c00000, 0x00000000b2c00000|100%| O|  |TAMS 0x00000000b2c00000| PB 0x00000000b2c00000| Updating 
|  44|0x00000000b2c00000, 0x00000000b2d00000, 0x00000000b2d00000|100%|HS|  |TAMS 0x00000000b2d00000| PB 0x00000000b2c00000| Complete 
|  45|0x00000000b2d00000, 0x00000000b2e00000, 0x00000000b2e00000|100%|HC|  |TAMS 0x00000000b2e00000| PB 0x00000000b2d00000| Complete 
|  46|0x00000000b2e00000, 0x00000000b2f00000, 0x00000000b2f00000|100%|HC|  |TAMS 0x00000000b2f00000| PB 0x00000000b2e00000| Complete 
|  47|0x00000000b2f00000, 0x00000000b3000000, 0x00000000b3000000|100%| O|  |TAMS 0x00000000b3000000| PB 0x00000000b3000000| Updating 
|  48|0x00000000b3000000, 0x00000000b3100000, 0x00000000b3100000|100%| O|  |TAMS 0x00000000b3100000| PB 0x00000000b3100000| Untracked 
|  49|0x00000000b3100000, 0x00000000b3200000, 0x00000000b3200000|100%| O|  |TAMS 0x00000000b3200000| PB 0x00000000b3200000| Untracked 
|  50|0x00000000b3200000, 0x00000000b3300000, 0x00000000b3300000|100%| O|  |TAMS 0x00000000b3300000| PB 0x00000000b3300000| Updating 
|  51|0x00000000b3300000, 0x00000000b3400000, 0x00000000b3400000|100%| O|  |TAMS 0x00000000b3400000| PB 0x00000000b3400000| Untracked 
|  52|0x00000000b3400000, 0x00000000b3500000, 0x00000000b3500000|100%|HS|  |TAMS 0x00000000b3500000| PB 0x00000000b3400000| Complete 
|  53|0x00000000b3500000, 0x00000000b3600000, 0x00000000b3600000|100%|HC|  |TAMS 0x00000000b3600000| PB 0x00000000b3500000| Complete 
|  54|0x00000000b3600000, 0x00000000b3700000, 0x00000000b3700000|100%|HC|  |TAMS 0x00000000b3700000| PB 0x00000000b3600000| Complete 
|  55|0x00000000b3700000, 0x00000000b3800000, 0x00000000b3800000|100%| O|  |TAMS 0x00000000b3800000| PB 0x00000000b3800000| Untracked 
|  56|0x00000000b3800000, 0x00000000b3900000, 0x00000000b3900000|100%| O|  |TAMS 0x00000000b3900000| PB 0x00000000b3900000| Untracked 
|  57|0x00000000b3900000, 0x00000000b3a00000, 0x00000000b3a00000|100%| O|  |TAMS 0x00000000b3a00000| PB 0x00000000b3a00000| Untracked 
|  58|0x00000000b3a00000, 0x00000000b3b00000, 0x00000000b3b00000|100%| O|  |TAMS 0x00000000b3b00000| PB 0x00000000b3b00000| Untracked 
|  59|0x00000000b3b00000, 0x00000000b3c00000, 0x00000000b3c00000|100%| O|  |TAMS 0x00000000b3c00000| PB 0x00000000b3c00000| Updating 
|  60|0x00000000b3c00000, 0x00000000b3d00000, 0x00000000b3d00000|100%| O|  |TAMS 0x00000000b3d00000| PB 0x00000000b3d00000| Updating 
|  61|0x00000000b3d00000, 0x00000000b3e00000, 0x00000000b3e00000|100%| O|  |TAMS 0x00000000b3e00000| PB 0x00000000b3e00000| Updating 
|  62|0x00000000b3e00000, 0x00000000b3f00000, 0x00000000b3f00000|100%| O|  |TAMS 0x00000000b3f00000| PB 0x00000000b3f00000| Untracked 
|  63|0x00000000b3f00000, 0x00000000b4000000, 0x00000000b4000000|100%| O|  |TAMS 0x00000000b4000000| PB 0x00000000b4000000| Untracked 
|  64|0x00000000b4000000, 0x00000000b4100000, 0x00000000b4100000|100%| O|  |TAMS 0x00000000b4100000| PB 0x00000000b4100000| Updating 
|  65|0x00000000b4100000, 0x00000000b4200000, 0x00000000b4200000|100%| O|  |TAMS 0x00000000b4100000| PB 0x00000000b4100000| Untracked 
|  66|0x00000000b4200000, 0x00000000b4300000, 0x00000000b4300000|100%| O|  |TAMS 0x00000000b4300000| PB 0x00000000b4300000| Untracked 
|  67|0x00000000b4300000, 0x00000000b4400000, 0x00000000b4400000|100%| O|  |TAMS 0x00000000b4400000| PB 0x00000000b4400000| Untracked 
|  68|0x00000000b4400000, 0x00000000b4500000, 0x00000000b4500000|100%| O|  |TAMS 0x00000000b4500000| PB 0x00000000b4500000| Untracked 
|  69|0x00000000b4500000, 0x00000000b4600000, 0x00000000b4600000|100%| O|  |TAMS 0x00000000b4600000| PB 0x00000000b4600000| Untracked 
|  70|0x00000000b4600000, 0x00000000b4700000, 0x00000000b4700000|100%| O|  |TAMS 0x00000000b4700000| PB 0x00000000b4700000| Untracked 
|  71|0x00000000b4700000, 0x00000000b4800000, 0x00000000b4800000|100%|HS|  |TAMS 0x00000000b4800000| PB 0x00000000b4700000| Complete 
|  72|0x00000000b4800000, 0x00000000b4900000, 0x00000000b4900000|100%| O|  |TAMS 0x00000000b4900000| PB 0x00000000b4900000| Untracked 
|  73|0x00000000b4900000, 0x00000000b4a00000, 0x00000000b4a00000|100%| O|  |TAMS 0x00000000b4a00000| PB 0x00000000b4a00000| Updating 
|  74|0x00000000b4a00000, 0x00000000b4b00000, 0x00000000b4b00000|100%| O|  |TAMS 0x00000000b4b00000| PB 0x00000000b4b00000| Updating 
|  75|0x00000000b4b00000, 0x00000000b4c00000, 0x00000000b4c00000|100%| O|  |TAMS 0x00000000b4c00000| PB 0x00000000b4c00000| Untracked 
|  76|0x00000000b4c00000, 0x00000000b4d00000, 0x00000000b4d00000|100%| O|  |TAMS 0x00000000b4d00000| PB 0x00000000b4d00000| Untracked 
|  77|0x00000000b4d00000, 0x00000000b4e00000, 0x00000000b4e00000|100%| O|  |TAMS 0x00000000b4e00000| PB 0x00000000b4e00000| Updating 
|  78|0x00000000b4e00000, 0x00000000b4f00000, 0x00000000b4f00000|100%| O|  |TAMS 0x00000000b4f00000| PB 0x00000000b4f00000| Updating 
|  79|0x00000000b4f00000, 0x00000000b5000000, 0x00000000b5000000|100%| O|  |TAMS 0x00000000b5000000| PB 0x00000000b5000000| Untracked 
|  80|0x00000000b5000000, 0x00000000b5100000, 0x00000000b5100000|100%|HS|  |TAMS 0x00000000b5100000| PB 0x00000000b5000000| Complete 
|  81|0x00000000b5100000, 0x00000000b5200000, 0x00000000b5200000|100%|HC|  |TAMS 0x00000000b5200000| PB 0x00000000b5100000| Complete 
|  82|0x00000000b5200000, 0x00000000b5300000, 0x00000000b5300000|100%|HC|  |TAMS 0x00000000b5300000| PB 0x00000000b5200000| Complete 
|  83|0x00000000b5300000, 0x00000000b5400000, 0x00000000b5400000|100%| O|  |TAMS 0x00000000b5400000| PB 0x00000000b5400000| Untracked 
|  84|0x00000000b5400000, 0x00000000b5500000, 0x00000000b5500000|100%| O|  |TAMS 0x00000000b5500000| PB 0x00000000b5500000| Updating 
|  85|0x00000000b5500000, 0x00000000b5600000, 0x00000000b5600000|100%| O|  |TAMS 0x00000000b5500000| PB 0x00000000b5500000| Untracked 
|  86|0x00000000b5600000, 0x00000000b5700000, 0x00000000b5700000|100%|HS|  |TAMS 0x00000000b5700000| PB 0x00000000b5600000| Complete 
|  87|0x00000000b5700000, 0x00000000b5800000, 0x00000000b5800000|100%|HS|  |TAMS 0x00000000b5800000| PB 0x00000000b5700000| Complete 
|  88|0x00000000b5800000, 0x00000000b5900000, 0x00000000b5900000|100%|HS|  |TAMS 0x00000000b5900000| PB 0x00000000b5800000| Complete 
|  89|0x00000000b5900000, 0x00000000b5a00000, 0x00000000b5a00000|100%| O|  |TAMS 0x00000000b5a00000| PB 0x00000000b5a00000| Untracked 
|  90|0x00000000b5a00000, 0x00000000b5b00000, 0x00000000b5b00000|100%| O|  |TAMS 0x00000000b5b00000| PB 0x00000000b5b00000| Updating 
|  91|0x00000000b5b00000, 0x00000000b5c00000, 0x00000000b5c00000|100%| O|  |TAMS 0x00000000b5c00000| PB 0x00000000b5c00000| Untracked 
|  92|0x00000000b5c00000, 0x00000000b5d00000, 0x00000000b5d00000|100%| O|  |TAMS 0x00000000b5d00000| PB 0x00000000b5d00000| Updating 
|  93|0x00000000b5d00000, 0x00000000b5e00000, 0x00000000b5e00000|100%| O|  |TAMS 0x00000000b5e00000| PB 0x00000000b5e00000| Untracked 
|  94|0x00000000b5e00000, 0x00000000b5f00000, 0x00000000b5f00000|100%| O|  |TAMS 0x00000000b5f00000| PB 0x00000000b5f00000| Untracked 
|  95|0x00000000b5f00000, 0x00000000b6000000, 0x00000000b6000000|100%| O|  |TAMS 0x00000000b6000000| PB 0x00000000b6000000| Untracked 
|  96|0x00000000b6000000, 0x00000000b6100000, 0x00000000b6100000|100%|HS|  |TAMS 0x00000000b6100000| PB 0x00000000b6000000| Complete 
|  97|0x00000000b6100000, 0x00000000b6200000, 0x00000000b6200000|100%| O|  |TAMS 0x00000000b6200000| PB 0x00000000b6200000| Untracked 
|  98|0x00000000b6200000, 0x00000000b6300000, 0x00000000b6300000|100%| O|  |TAMS 0x00000000b6300000| PB 0x00000000b6300000| Updating 
|  99|0x00000000b6300000, 0x00000000b6400000, 0x00000000b6400000|100%| O|  |TAMS 0x00000000b6400000| PB 0x00000000b6400000| Untracked 
| 100|0x00000000b6400000, 0x00000000b6500000, 0x00000000b6500000|100%| O|  |TAMS 0x00000000b6500000| PB 0x00000000b6500000| Updating 
| 101|0x00000000b6500000, 0x00000000b6600000, 0x00000000b6600000|100%| O|  |TAMS 0x00000000b6600000| PB 0x00000000b6600000| Untracked 
| 102|0x00000000b6600000, 0x00000000b6700000, 0x00000000b6700000|100%| O|  |TAMS 0x00000000b6700000| PB 0x00000000b6700000| Untracked 
| 103|0x00000000b6700000, 0x00000000b6800000, 0x00000000b6800000|100%| O|  |TAMS 0x00000000b6800000| PB 0x00000000b6800000| Untracked 
| 104|0x00000000b6800000, 0x00000000b6900000, 0x00000000b6900000|100%| O|  |TAMS 0x00000000b6900000| PB 0x00000000b6900000| Updating 
| 105|0x00000000b6900000, 0x00000000b6a00000, 0x00000000b6a00000|100%| O|  |TAMS 0x00000000b6a00000| PB 0x00000000b6a00000| Untracked 
| 106|0x00000000b6a00000, 0x00000000b6b00000, 0x00000000b6b00000|100%| O|  |TAMS 0x00000000b6b00000| PB 0x00000000b6b00000| Untracked 
| 107|0x00000000b6b00000, 0x00000000b6c00000, 0x00000000b6c00000|100%| O|  |TAMS 0x00000000b6c00000| PB 0x00000000b6c00000| Untracked 
| 108|0x00000000b6c00000, 0x00000000b6d00000, 0x00000000b6d00000|100%|HS|  |TAMS 0x00000000b6d00000| PB 0x00000000b6c00000| Complete 
| 109|0x00000000b6d00000, 0x00000000b6e00000, 0x00000000b6e00000|100%|HS|  |TAMS 0x00000000b6e00000| PB 0x00000000b6d00000| Complete 
| 110|0x00000000b6e00000, 0x00000000b6f00000, 0x00000000b6f00000|100%| O|  |TAMS 0x00000000b6f00000| PB 0x00000000b6f00000| Untracked 
| 111|0x00000000b6f00000, 0x00000000b7000000, 0x00000000b7000000|100%| O|  |TAMS 0x00000000b7000000| PB 0x00000000b7000000| Untracked 
| 112|0x00000000b7000000, 0x00000000b7100000, 0x00000000b7100000|100%| O|  |TAMS 0x00000000b7100000| PB 0x00000000b7100000| Untracked 
| 113|0x00000000b7100000, 0x00000000b7200000, 0x00000000b7200000|100%| O|  |TAMS 0x00000000b7200000| PB 0x00000000b7200000| Untracked 
| 114|0x00000000b7200000, 0x00000000b7300000, 0x00000000b7300000|100%| O|  |TAMS 0x00000000b7300000| PB 0x00000000b7300000| Untracked 
| 115|0x00000000b7300000, 0x00000000b7400000, 0x00000000b7400000|100%| O|  |TAMS 0x00000000b7400000| PB 0x00000000b7400000| Updating 
| 116|0x00000000b7400000, 0x00000000b7500000, 0x00000000b7500000|100%|HS|  |TAMS 0x00000000b7500000| PB 0x00000000b7400000| Complete 
| 117|0x00000000b7500000, 0x00000000b7600000, 0x00000000b7600000|100%|HC|  |TAMS 0x00000000b7600000| PB 0x00000000b7500000| Complete 
| 118|0x00000000b7600000, 0x00000000b7700000, 0x00000000b7700000|100%|HC|  |TAMS 0x00000000b7700000| PB 0x00000000b7600000| Complete 
| 119|0x00000000b7700000, 0x00000000b7800000, 0x00000000b7800000|100%| O|  |TAMS 0x00000000b7800000| PB 0x00000000b7800000| Untracked 
| 120|0x00000000b7800000, 0x00000000b7900000, 0x00000000b7900000|100%| O|  |TAMS 0x00000000b7900000| PB 0x00000000b7900000| Untracked 
| 121|0x00000000b7900000, 0x00000000b7a00000, 0x00000000b7a00000|100%| O|  |TAMS 0x00000000b7a00000| PB 0x00000000b7a00000| Untracked 
| 122|0x00000000b7a00000, 0x00000000b7b00000, 0x00000000b7b00000|100%| O|  |TAMS 0x00000000b7b00000| PB 0x00000000b7b00000| Untracked 
| 123|0x00000000b7b00000, 0x00000000b7c00000, 0x00000000b7c00000|100%| O|  |TAMS 0x00000000b7c00000| PB 0x00000000b7c00000| Untracked 
| 124|0x00000000b7c00000, 0x00000000b7d00000, 0x00000000b7d00000|100%| O|  |TAMS 0x00000000b7d00000| PB 0x00000000b7d00000| Untracked 
| 125|0x00000000b7d00000, 0x00000000b7e00000, 0x00000000b7e00000|100%| O|  |TAMS 0x00000000b7e00000| PB 0x00000000b7e00000| Untracked 
| 126|0x00000000b7e00000, 0x00000000b7f00000, 0x00000000b7f00000|100%| O|  |TAMS 0x00000000b7f00000| PB 0x00000000b7f00000| Untracked 
| 127|0x00000000b7f00000, 0x00000000b8000000, 0x00000000b8000000|100%| O|  |TAMS 0x00000000b8000000| PB 0x00000000b8000000| Untracked 
| 128|0x00000000b8000000, 0x00000000b8100000, 0x00000000b8100000|100%| O|  |TAMS 0x00000000b8100000| PB 0x00000000b8100000| Untracked 
| 129|0x00000000b8100000, 0x00000000b8200000, 0x00000000b8200000|100%| O|  |TAMS 0x00000000b8200000| PB 0x00000000b8200000| Untracked 
| 130|0x00000000b8200000, 0x00000000b8300000, 0x00000000b8300000|100%| O|  |TAMS 0x00000000b8300000| PB 0x00000000b8300000| Untracked 
| 131|0x00000000b8300000, 0x00000000b8400000, 0x00000000b8400000|100%| O|  |TAMS 0x00000000b8400000| PB 0x00000000b8400000| Updating 
| 132|0x00000000b8400000, 0x00000000b8500000, 0x00000000b8500000|100%| O|  |TAMS 0x00000000b8400000| PB 0x00000000b8400000| Untracked 
| 133|0x00000000b8500000, 0x00000000b8600000, 0x00000000b8600000|100%| O|  |TAMS 0x00000000b8500000| PB 0x00000000b8500000| Untracked 
| 134|0x00000000b8600000, 0x00000000b8700000, 0x00000000b8700000|100%| O|  |TAMS 0x00000000b8700000| PB 0x00000000b8700000| Untracked 
| 135|0x00000000b8700000, 0x00000000b8800000, 0x00000000b8800000|100%| O|  |TAMS 0x00000000b8800000| PB 0x00000000b8800000| Untracked 
| 136|0x00000000b8800000, 0x00000000b8900000, 0x00000000b8900000|100%| O|  |TAMS 0x00000000b8900000| PB 0x00000000b8900000| Untracked 
| 137|0x00000000b8900000, 0x00000000b8a00000, 0x00000000b8a00000|100%| O|  |TAMS 0x00000000b8a00000| PB 0x00000000b8a00000| Untracked 
| 138|0x00000000b8a00000, 0x00000000b8b00000, 0x00000000b8b00000|100%| O|  |TAMS 0x00000000b8b00000| PB 0x00000000b8b00000| Untracked 
| 139|0x00000000b8b00000, 0x00000000b8c00000, 0x00000000b8c00000|100%| O|  |TAMS 0x00000000b8c00000| PB 0x00000000b8c00000| Untracked 
| 140|0x00000000b8c00000, 0x00000000b8d00000, 0x00000000b8d00000|100%| O|  |TAMS 0x00000000b8d00000| PB 0x00000000b8d00000| Updating 
| 141|0x00000000b8d00000, 0x00000000b8e00000, 0x00000000b8e00000|100%| O|  |TAMS 0x00000000b8e00000| PB 0x00000000b8e00000| Untracked 
| 142|0x00000000b8e00000, 0x00000000b8f00000, 0x00000000b8f00000|100%| O|  |TAMS 0x00000000b8f00000| PB 0x00000000b8f00000| Updating 
| 143|0x00000000b8f00000, 0x00000000b9000000, 0x00000000b9000000|100%| O|  |TAMS 0x00000000b9000000| PB 0x00000000b9000000| Untracked 
| 144|0x00000000b9000000, 0x00000000b9100000, 0x00000000b9100000|100%| O|  |TAMS 0x00000000b9100000| PB 0x00000000b9100000| Updating 
| 145|0x00000000b9100000, 0x00000000b9200000, 0x00000000b9200000|100%| O|  |TAMS 0x00000000b9200000| PB 0x00000000b9200000| Untracked 
| 146|0x00000000b9200000, 0x00000000b9300000, 0x00000000b9300000|100%| O|  |TAMS 0x00000000b9300000| PB 0x00000000b9300000| Untracked 
| 147|0x00000000b9300000, 0x00000000b9400000, 0x00000000b9400000|100%| O|  |TAMS 0x00000000b9300000| PB 0x00000000b9300000| Untracked 
| 148|0x00000000b9400000, 0x00000000b9500000, 0x00000000b9500000|100%| O|  |TAMS 0x00000000b9500000| PB 0x00000000b9500000| Untracked 
| 149|0x00000000b9500000, 0x00000000b9600000, 0x00000000b9600000|100%| O|  |TAMS 0x00000000b9600000| PB 0x00000000b9600000| Untracked 
| 150|0x00000000b9600000, 0x00000000b9700000, 0x00000000b9700000|100%| O|  |TAMS 0x00000000b9700000| PB 0x00000000b9700000| Untracked 
| 151|0x00000000b9700000, 0x00000000b9800000, 0x00000000b9800000|100%| O|  |TAMS 0x00000000b9800000| PB 0x00000000b9800000| Untracked 
| 152|0x00000000b9800000, 0x00000000b9900000, 0x00000000b9900000|100%| O|  |TAMS 0x00000000b9900000| PB 0x00000000b9900000| Untracked 
| 153|0x00000000b9900000, 0x00000000b9a00000, 0x00000000b9a00000|100%| O|  |TAMS 0x00000000b9a00000| PB 0x00000000b9a00000| Untracked 
| 154|0x00000000b9a00000, 0x00000000b9b00000, 0x00000000b9b00000|100%| O|  |TAMS 0x00000000b9b00000| PB 0x00000000b9b00000| Untracked 
| 155|0x00000000b9b00000, 0x00000000b9c00000, 0x00000000b9c00000|100%| O|  |TAMS 0x00000000b9c00000| PB 0x00000000b9c00000| Untracked 
| 156|0x00000000b9c00000, 0x00000000b9d00000, 0x00000000b9d00000|100%| O|  |TAMS 0x00000000b9d00000| PB 0x00000000b9d00000| Untracked 
| 157|0x00000000b9d00000, 0x00000000b9e00000, 0x00000000b9e00000|100%| O|  |TAMS 0x00000000b9e00000| PB 0x00000000b9e00000| Untracked 
| 158|0x00000000b9e00000, 0x00000000b9f00000, 0x00000000b9f00000|100%| O|  |TAMS 0x00000000b9f00000| PB 0x00000000b9f00000| Untracked 
| 159|0x00000000b9f00000, 0x00000000ba000000, 0x00000000ba000000|100%| O|  |TAMS 0x00000000ba000000| PB 0x00000000ba000000| Updating 
| 160|0x00000000ba000000, 0x00000000ba100000, 0x00000000ba100000|100%| O|  |TAMS 0x00000000ba100000| PB 0x00000000ba100000| Untracked 
| 161|0x00000000ba100000, 0x00000000ba200000, 0x00000000ba200000|100%| O|  |TAMS 0x00000000ba200000| PB 0x00000000ba200000| Untracked 
| 162|0x00000000ba200000, 0x00000000ba300000, 0x00000000ba300000|100%| O|  |TAMS 0x00000000ba300000| PB 0x00000000ba300000| Untracked 
| 163|0x00000000ba300000, 0x00000000ba400000, 0x00000000ba400000|100%| O|  |TAMS 0x00000000ba400000| PB 0x00000000ba400000| Updating 
| 164|0x00000000ba400000, 0x00000000ba500000, 0x00000000ba500000|100%| O|  |TAMS 0x00000000ba500000| PB 0x00000000ba500000| Updating 
| 165|0x00000000ba500000, 0x00000000ba600000, 0x00000000ba600000|100%| O|  |TAMS 0x00000000ba600000| PB 0x00000000ba600000| Untracked 
| 166|0x00000000ba600000, 0x00000000ba700000, 0x00000000ba700000|100%| O|  |TAMS 0x00000000ba700000| PB 0x00000000ba700000| Untracked 
| 167|0x00000000ba700000, 0x00000000ba800000, 0x00000000ba800000|100%| O|  |TAMS 0x00000000ba800000| PB 0x00000000ba800000| Untracked 
| 168|0x00000000ba800000, 0x00000000ba900000, 0x00000000ba900000|100%| O|  |TAMS 0x00000000ba900000| PB 0x00000000ba900000| Untracked 
| 169|0x00000000ba900000, 0x00000000baa00000, 0x00000000baa00000|100%| O|  |TAMS 0x00000000baa00000| PB 0x00000000baa00000| Untracked 
| 170|0x00000000baa00000, 0x00000000bab00000, 0x00000000bab00000|100%| O|  |TAMS 0x00000000bab00000| PB 0x00000000bab00000| Untracked 
| 171|0x00000000bab00000, 0x00000000bac00000, 0x00000000bac00000|100%| O|  |TAMS 0x00000000bac00000| PB 0x00000000bac00000| Updating 
| 172|0x00000000bac00000, 0x00000000bad00000, 0x00000000bad00000|100%| O|  |TAMS 0x00000000bad00000| PB 0x00000000bad00000| Updating 
| 173|0x00000000bad00000, 0x00000000bae00000, 0x00000000bae00000|100%| O|  |TAMS 0x00000000bae00000| PB 0x00000000bae00000| Updating 
| 174|0x00000000bae00000, 0x00000000baf00000, 0x00000000baf00000|100%| O|  |TAMS 0x00000000baf00000| PB 0x00000000baf00000| Untracked 
| 175|0x00000000baf00000, 0x00000000bb000000, 0x00000000bb000000|100%| O|  |TAMS 0x00000000bb000000| PB 0x00000000bb000000| Untracked 
| 176|0x00000000bb000000, 0x00000000bb100000, 0x00000000bb100000|100%| O|  |TAMS 0x00000000bb100000| PB 0x00000000bb100000| Updating 
| 177|0x00000000bb100000, 0x00000000bb200000, 0x00000000bb200000|100%| O|  |TAMS 0x00000000bb200000| PB 0x00000000bb200000| Updating 
| 178|0x00000000bb200000, 0x00000000bb300000, 0x00000000bb300000|100%| O|  |TAMS 0x00000000bb200000| PB 0x00000000bb200000| Untracked 
| 179|0x00000000bb300000, 0x00000000bb400000, 0x00000000bb400000|100%| O|  |TAMS 0x00000000bb300000| PB 0x00000000bb300000| Untracked 
| 180|0x00000000bb400000, 0x00000000bb500000, 0x00000000bb500000|100%| O|  |TAMS 0x00000000bb400000| PB 0x00000000bb400000| Untracked 
| 181|0x00000000bb500000, 0x00000000bb600000, 0x00000000bb600000|100%| O|  |TAMS 0x00000000bb500000| PB 0x00000000bb500000| Untracked 
| 182|0x00000000bb600000, 0x00000000bb600000, 0x00000000bb700000|  0%| F|  |TAMS 0x00000000bb600000| PB 0x00000000bb600000| Untracked 
| 183|0x00000000bb700000, 0x00000000bb700000, 0x00000000bb800000|  0%| F|  |TAMS 0x00000000bb700000| PB 0x00000000bb700000| Untracked 
| 184|0x00000000bb800000, 0x00000000bb800000, 0x00000000bb900000|  0%| F|  |TAMS 0x00000000bb800000| PB 0x00000000bb800000| Untracked 
| 185|0x00000000bb900000, 0x00000000bb900000, 0x00000000bba00000|  0%| F|  |TAMS 0x00000000bb900000| PB 0x00000000bb900000| Untracked 
| 186|0x00000000bba00000, 0x00000000bba00000, 0x00000000bbb00000|  0%| F|  |TAMS 0x00000000bba00000| PB 0x00000000bba00000| Untracked 
| 187|0x00000000bbb00000, 0x00000000bbb00000, 0x00000000bbc00000|  0%| F|  |TAMS 0x00000000bbb00000| PB 0x00000000bbb00000| Untracked 
| 188|0x00000000bbc00000, 0x00000000bbc00000, 0x00000000bbd00000|  0%| F|  |TAMS 0x00000000bbc00000| PB 0x00000000bbc00000| Untracked 
| 189|0x00000000bbd00000, 0x00000000bbd00000, 0x00000000bbe00000|  0%| F|  |TAMS 0x00000000bbd00000| PB 0x00000000bbd00000| Untracked 
| 190|0x00000000bbe00000, 0x00000000bbe00000, 0x00000000bbf00000|  0%| F|  |TAMS 0x00000000bbe00000| PB 0x00000000bbe00000| Untracked 
| 191|0x00000000bbf00000, 0x00000000bbf00000, 0x00000000bc000000|  0%| F|  |TAMS 0x00000000bbf00000| PB 0x00000000bbf00000| Untracked 
| 192|0x00000000bc000000, 0x00000000bc000000, 0x00000000bc100000|  0%| F|  |TAMS 0x00000000bc000000| PB 0x00000000bc000000| Untracked 
| 193|0x00000000bc100000, 0x00000000bc200000, 0x00000000bc200000|100%| O|  |TAMS 0x00000000bc100000| PB 0x00000000bc100000| Untracked 
| 194|0x00000000bc200000, 0x00000000bc300000, 0x00000000bc300000|100%| O|  |TAMS 0x00000000bc200000| PB 0x00000000bc200000| Untracked 
| 195|0x00000000bc300000, 0x00000000bc380000, 0x00000000bc400000| 50%| O|  |TAMS 0x00000000bc300000| PB 0x00000000bc300000| Updating 
| 196|0x00000000bc400000, 0x00000000bc400000, 0x00000000bc500000|  0%| F|  |TAMS 0x00000000bc400000| PB 0x00000000bc400000| Untracked 
| 197|0x00000000bc500000, 0x00000000bc500000, 0x00000000bc600000|  0%| F|  |TAMS 0x00000000bc500000| PB 0x00000000bc500000| Untracked 
| 198|0x00000000bc600000, 0x00000000bc600000, 0x00000000bc700000|  0%| F|  |TAMS 0x00000000bc600000| PB 0x00000000bc600000| Untracked 
| 199|0x00000000bc700000, 0x00000000bc700000, 0x00000000bc800000|  0%| F|  |TAMS 0x00000000bc700000| PB 0x00000000bc700000| Untracked 
| 200|0x00000000bc800000, 0x00000000bc800000, 0x00000000bc900000|  0%| F|  |TAMS 0x00000000bc800000| PB 0x00000000bc800000| Untracked 
| 201|0x00000000bc900000, 0x00000000bc900000, 0x00000000bca00000|  0%| F|  |TAMS 0x00000000bc900000| PB 0x00000000bc900000| Untracked 
| 202|0x00000000bca00000, 0x00000000bca00000, 0x00000000bcb00000|  0%| F|  |TAMS 0x00000000bca00000| PB 0x00000000bca00000| Untracked 
| 203|0x00000000bcb00000, 0x00000000bcc00000, 0x00000000bcc00000|100%| S|CS|TAMS 0x00000000bcb00000| PB 0x00000000bcb00000| Complete 
| 204|0x00000000bcc00000, 0x00000000bcd00000, 0x00000000bcd00000|100%| S|CS|TAMS 0x00000000bcc00000| PB 0x00000000bcc00000| Complete 
| 205|0x00000000bcd00000, 0x00000000bce00000, 0x00000000bce00000|100%| S|CS|TAMS 0x00000000bcd00000| PB 0x00000000bcd00000| Complete 
| 206|0x00000000bce00000, 0x00000000bcf00000, 0x00000000bcf00000|100%| S|CS|TAMS 0x00000000bce00000| PB 0x00000000bce00000| Complete 
| 207|0x00000000bcf00000, 0x00000000bd000000, 0x00000000bd000000|100%| S|CS|TAMS 0x00000000bcf00000| PB 0x00000000bcf00000| Complete 
| 208|0x00000000bd000000, 0x00000000bd100000, 0x00000000bd100000|100%| S|CS|TAMS 0x00000000bd000000| PB 0x00000000bd000000| Complete 
| 209|0x00000000bd100000, 0x00000000bd200000, 0x00000000bd200000|100%| S|CS|TAMS 0x00000000bd100000| PB 0x00000000bd100000| Complete 
| 210|0x00000000bd200000, 0x00000000bd300000, 0x00000000bd300000|100%| S|CS|TAMS 0x00000000bd200000| PB 0x00000000bd200000| Complete 
| 211|0x00000000bd300000, 0x00000000bd400000, 0x00000000bd400000|100%| S|CS|TAMS 0x00000000bd300000| PB 0x00000000bd300000| Complete 
| 212|0x00000000bd400000, 0x00000000bd500000, 0x00000000bd500000|100%| S|CS|TAMS 0x00000000bd400000| PB 0x00000000bd400000| Complete 
| 213|0x00000000bd500000, 0x00000000bd500000, 0x00000000bd600000|  0%| F|  |TAMS 0x00000000bd500000| PB 0x00000000bd500000| Untracked 
| 214|0x00000000bd600000, 0x00000000bd600000, 0x00000000bd700000|  0%| F|  |TAMS 0x00000000bd600000| PB 0x00000000bd600000| Untracked 
| 215|0x00000000bd700000, 0x00000000bd700000, 0x00000000bd800000|  0%| F|  |TAMS 0x00000000bd700000| PB 0x00000000bd700000| Untracked 
| 216|0x00000000bd800000, 0x00000000bd800000, 0x00000000bd900000|  0%| F|  |TAMS 0x00000000bd800000| PB 0x00000000bd800000| Untracked 
| 217|0x00000000bd900000, 0x00000000bd900000, 0x00000000bda00000|  0%| F|  |TAMS 0x00000000bd900000| PB 0x00000000bd900000| Untracked 
| 218|0x00000000bda00000, 0x00000000bda00000, 0x00000000bdb00000|  0%| F|  |TAMS 0x00000000bda00000| PB 0x00000000bda00000| Untracked 
| 219|0x00000000bdb00000, 0x00000000bdb00000, 0x00000000bdc00000|  0%| F|  |TAMS 0x00000000bdb00000| PB 0x00000000bdb00000| Untracked 
| 220|0x00000000bdc00000, 0x00000000bdc00000, 0x00000000bdd00000|  0%| F|  |TAMS 0x00000000bdc00000| PB 0x00000000bdc00000| Untracked 
| 221|0x00000000bdd00000, 0x00000000bdd00000, 0x00000000bde00000|  0%| F|  |TAMS 0x00000000bdd00000| PB 0x00000000bdd00000| Untracked 
| 222|0x00000000bde00000, 0x00000000bde00000, 0x00000000bdf00000|  0%| F|  |TAMS 0x00000000bde00000| PB 0x00000000bde00000| Untracked 
| 223|0x00000000bdf00000, 0x00000000bdf00000, 0x00000000be000000|  0%| F|  |TAMS 0x00000000bdf00000| PB 0x00000000bdf00000| Untracked 
| 224|0x00000000be000000, 0x00000000be000000, 0x00000000be100000|  0%| F|  |TAMS 0x00000000be000000| PB 0x00000000be000000| Untracked 
| 225|0x00000000be100000, 0x00000000be100000, 0x00000000be200000|  0%| F|  |TAMS 0x00000000be100000| PB 0x00000000be100000| Untracked 
| 226|0x00000000be200000, 0x00000000be200000, 0x00000000be300000|  0%| F|  |TAMS 0x00000000be200000| PB 0x00000000be200000| Untracked 
| 227|0x00000000be300000, 0x00000000be300000, 0x00000000be400000|  0%| F|  |TAMS 0x00000000be300000| PB 0x00000000be300000| Untracked 
| 228|0x00000000be400000, 0x00000000be400000, 0x00000000be500000|  0%| F|  |TAMS 0x00000000be400000| PB 0x00000000be400000| Untracked 
| 229|0x00000000be500000, 0x00000000be500000, 0x00000000be600000|  0%| F|  |TAMS 0x00000000be500000| PB 0x00000000be500000| Untracked 
| 230|0x00000000be600000, 0x00000000be600000, 0x00000000be700000|  0%| F|  |TAMS 0x00000000be600000| PB 0x00000000be600000| Untracked 
| 231|0x00000000be700000, 0x00000000be700000, 0x00000000be800000|  0%| F|  |TAMS 0x00000000be700000| PB 0x00000000be700000| Untracked 
| 232|0x00000000be800000, 0x00000000be800000, 0x00000000be900000|  0%| F|  |TAMS 0x00000000be800000| PB 0x00000000be800000| Untracked 
| 233|0x00000000be900000, 0x00000000be900000, 0x00000000bea00000|  0%| F|  |TAMS 0x00000000be900000| PB 0x00000000be900000| Untracked 
| 234|0x00000000bea00000, 0x00000000bea00000, 0x00000000beb00000|  0%| F|  |TAMS 0x00000000bea00000| PB 0x00000000bea00000| Untracked 
| 235|0x00000000beb00000, 0x00000000beb00000, 0x00000000bec00000|  0%| F|  |TAMS 0x00000000beb00000| PB 0x00000000beb00000| Untracked 
| 236|0x00000000bec00000, 0x00000000bec00000, 0x00000000bed00000|  0%| F|  |TAMS 0x00000000bec00000| PB 0x00000000bec00000| Untracked 
| 237|0x00000000bed00000, 0x00000000bed00000, 0x00000000bee00000|  0%| F|  |TAMS 0x00000000bed00000| PB 0x00000000bed00000| Untracked 
| 238|0x00000000bee00000, 0x00000000bee00000, 0x00000000bef00000|  0%| F|  |TAMS 0x00000000bee00000| PB 0x00000000bee00000| Untracked 
| 239|0x00000000bef00000, 0x00000000bef00000, 0x00000000bf000000|  0%| F|  |TAMS 0x00000000bef00000| PB 0x00000000bef00000| Untracked 
| 240|0x00000000bf000000, 0x00000000bf000000, 0x00000000bf100000|  0%| F|  |TAMS 0x00000000bf000000| PB 0x00000000bf000000| Untracked 
| 241|0x00000000bf100000, 0x00000000bf100000, 0x00000000bf200000|  0%| F|  |TAMS 0x00000000bf100000| PB 0x00000000bf100000| Untracked 
| 242|0x00000000bf200000, 0x00000000bf200000, 0x00000000bf300000|  0%| F|  |TAMS 0x00000000bf200000| PB 0x00000000bf200000| Untracked 
| 243|0x00000000bf300000, 0x00000000bf300000, 0x00000000bf400000|  0%| F|  |TAMS 0x00000000bf300000| PB 0x00000000bf300000| Untracked 
| 244|0x00000000bf400000, 0x00000000bf400000, 0x00000000bf500000|  0%| F|  |TAMS 0x00000000bf400000| PB 0x00000000bf400000| Untracked 
| 245|0x00000000bf500000, 0x00000000bf500000, 0x00000000bf600000|  0%| F|  |TAMS 0x00000000bf500000| PB 0x00000000bf500000| Untracked 
| 246|0x00000000bf600000, 0x00000000bf600000, 0x00000000bf700000|  0%| F|  |TAMS 0x00000000bf600000| PB 0x00000000bf600000| Untracked 
| 247|0x00000000bf700000, 0x00000000bf700000, 0x00000000bf800000|  0%| F|  |TAMS 0x00000000bf700000| PB 0x00000000bf700000| Untracked 
| 248|0x00000000bf800000, 0x00000000bf800000, 0x00000000bf900000|  0%| F|  |TAMS 0x00000000bf800000| PB 0x00000000bf800000| Untracked 
| 249|0x00000000bf900000, 0x00000000bf900000, 0x00000000bfa00000|  0%| F|  |TAMS 0x00000000bf900000| PB 0x00000000bf900000| Untracked 
| 250|0x00000000bfa00000, 0x00000000bfa00000, 0x00000000bfb00000|  0%| F|  |TAMS 0x00000000bfa00000| PB 0x00000000bfa00000| Untracked 
| 251|0x00000000bfb00000, 0x00000000bfb00000, 0x00000000bfc00000|  0%| F|  |TAMS 0x00000000bfb00000| PB 0x00000000bfb00000| Untracked 
| 252|0x00000000bfc00000, 0x00000000bfc00000, 0x00000000bfd00000|  0%| F|  |TAMS 0x00000000bfc00000| PB 0x00000000bfc00000| Untracked 
| 253|0x00000000bfd00000, 0x00000000bfd00000, 0x00000000bfe00000|  0%| F|  |TAMS 0x00000000bfd00000| PB 0x00000000bfd00000| Untracked 
| 254|0x00000000bfe00000, 0x00000000bfe00000, 0x00000000bff00000|  0%| F|  |TAMS 0x00000000bfe00000| PB 0x00000000bfe00000| Untracked 
| 255|0x00000000bff00000, 0x00000000bff00000, 0x00000000c0000000|  0%| F|  |TAMS 0x00000000bff00000| PB 0x00000000bff00000| Untracked 
| 256|0x00000000c0000000, 0x00000000c0000000, 0x00000000c0100000|  0%| F|  |TAMS 0x00000000c0000000| PB 0x00000000c0000000| Untracked 
| 257|0x00000000c0100000, 0x00000000c0100000, 0x00000000c0200000|  0%| F|  |TAMS 0x00000000c0100000| PB 0x00000000c0100000| Untracked 
| 258|0x00000000c0200000, 0x00000000c0200000, 0x00000000c0300000|  0%| F|  |TAMS 0x00000000c0200000| PB 0x00000000c0200000| Untracked 
| 259|0x00000000c0300000, 0x00000000c0300000, 0x00000000c0400000|  0%| F|  |TAMS 0x00000000c0300000| PB 0x00000000c0300000| Untracked 
| 260|0x00000000c0400000, 0x00000000c0400000, 0x00000000c0500000|  0%| F|  |TAMS 0x00000000c0400000| PB 0x00000000c0400000| Untracked 
| 261|0x00000000c0500000, 0x00000000c0500000, 0x00000000c0600000|  0%| F|  |TAMS 0x00000000c0500000| PB 0x00000000c0500000| Untracked 
| 262|0x00000000c0600000, 0x00000000c0600000, 0x00000000c0700000|  0%| F|  |TAMS 0x00000000c0600000| PB 0x00000000c0600000| Untracked 
| 263|0x00000000c0700000, 0x00000000c0700000, 0x00000000c0800000|  0%| F|  |TAMS 0x00000000c0700000| PB 0x00000000c0700000| Untracked 
| 264|0x00000000c0800000, 0x00000000c0800000, 0x00000000c0900000|  0%| F|  |TAMS 0x00000000c0800000| PB 0x00000000c0800000| Untracked 
| 265|0x00000000c0900000, 0x00000000c0900000, 0x00000000c0a00000|  0%| F|  |TAMS 0x00000000c0900000| PB 0x00000000c0900000| Untracked 
| 266|0x00000000c0a00000, 0x00000000c0a80000, 0x00000000c0b00000| 50%| E|  |TAMS 0x00000000c0a00000| PB 0x00000000c0a00000| Complete 
| 267|0x00000000c0b00000, 0x00000000c0c00000, 0x00000000c0c00000|100%| E|CS|TAMS 0x00000000c0b00000| PB 0x00000000c0b00000| Complete 
| 268|0x00000000c0c00000, 0x00000000c0d00000, 0x00000000c0d00000|100%| E|CS|TAMS 0x00000000c0c00000| PB 0x00000000c0c00000| Complete 
| 269|0x00000000c0d00000, 0x00000000c0e00000, 0x00000000c0e00000|100%| E|CS|TAMS 0x00000000c0d00000| PB 0x00000000c0d00000| Complete 
| 270|0x00000000c0e00000, 0x00000000c0f00000, 0x00000000c0f00000|100%| E|CS|TAMS 0x00000000c0e00000| PB 0x00000000c0e00000| Complete 
| 271|0x00000000c0f00000, 0x00000000c1000000, 0x00000000c1000000|100%| E|CS|TAMS 0x00000000c0f00000| PB 0x00000000c0f00000| Complete 
| 272|0x00000000c1000000, 0x00000000c1100000, 0x00000000c1100000|100%| E|CS|TAMS 0x00000000c1000000| PB 0x00000000c1000000| Complete 
| 273|0x00000000c1100000, 0x00000000c1200000, 0x00000000c1200000|100%| E|CS|TAMS 0x00000000c1100000| PB 0x00000000c1100000| Complete 
|1274|0x00000000ffa00000, 0x00000000ffb00000, 0x00000000ffb00000|100%| O|  |TAMS 0x00000000ffb00000| PB 0x00000000ffb00000| Untracked 
|1275|0x00000000ffb00000, 0x00000000ffc00000, 0x00000000ffc00000|100%| E|CS|TAMS 0x00000000ffb00000| PB 0x00000000ffb00000| Complete 
|1276|0x00000000ffc00000, 0x00000000ffd00000, 0x00000000ffd00000|100%| O|  |TAMS 0x00000000ffd00000| PB 0x00000000ffd00000| Untracked 
|1277|0x00000000ffd00000, 0x00000000ffe00000, 0x00000000ffe00000|100%| O|  |TAMS 0x00000000ffe00000| PB 0x00000000ffe00000| Updating 
|1278|0x00000000ffe00000, 0x00000000fff00000, 0x00000000fff00000|100%| E|CS|TAMS 0x00000000ffe00000| PB 0x00000000ffe00000| Complete 
|1279|0x00000000fff00000, 0x0000000100000000, 0x0000000100000000|100%| O|  |TAMS 0x0000000100000000| PB 0x0000000100000000| Updating 

Card table byte_map: [0x000001e0f2830000,0x000001e0f2ab0000] _byte_map_base: 0x000001e0f22b0000

Marking Bits: (CMBitMap*) 0x000001e0ef3f11b0
 Bits: [0x000001e0f2ab0000, 0x000001e0f3eb0000)

Polling page: 0x000001e0ed340000

Metaspace:

Usage:
  Non-class:    115.09 MB used.
      Class:     18.65 MB used.
       Both:    133.74 MB used.

Virtual space:
  Non-class space:      128.00 MB reserved,     116.62 MB ( 91%) committed,  2 nodes.
      Class space:      416.00 MB reserved,      20.12 MB (  5%) committed,  1 nodes.
             Both:      544.00 MB reserved,     136.75 MB ( 25%) committed. 

Chunk freelists:
   Non-Class:  11.20 MB
       Class:  11.86 MB
        Both:  23.06 MB

MaxMetaspaceSize: 512.00 MB
CompressedClassSpaceSize: 416.00 MB
Initial GC threshold: 21.00 MB
Current GC threshold: 224.81 MB
CDS: on
 - commit_granule_bytes: 65536.
 - commit_granule_words: 8192.
 - virtual_space_node_default_size: 8388608.
 - enlarge_chunks_in_place: 1.
 - use_allocation_guard: 0.


Internal statistics:

num_allocs_failed_limit: 6.
num_arena_births: 5042.
num_arena_deaths: 0.
num_vsnodes_births: 3.
num_vsnodes_deaths: 0.
num_space_committed: 2188.
num_space_uncommitted: 0.
num_chunks_returned_to_freelist: 6.
num_chunks_taken_from_freelist: 11638.
num_chunk_merges: 6.
num_chunk_splits: 7608.
num_chunks_enlarged: 4828.
num_inconsistent_stats: 0.

CodeHeap 'non-profiled nmethods': size=120000Kb used=10534Kb max_used=10642Kb free=109465Kb
 bounds [0x000001e087ad0000, 0x000001e088540000, 0x000001e08f000000]
CodeHeap 'profiled nmethods': size=120000Kb used=30174Kb max_used=31177Kb free=89826Kb
 bounds [0x000001e080000000, 0x000001e081e80000, 0x000001e087530000]
CodeHeap 'non-nmethods': size=5760Kb used=3097Kb max_used=3157Kb free=2662Kb
 bounds [0x000001e087530000, 0x000001e087860000, 0x000001e087ad0000]
CodeCache: size=245760Kb, used=43805Kb, max_used=44976Kb, free=201953Kb
 total_blobs=15849, nmethods=14772, adapters=980, full_count=0
Compilation: enabled, stopped_count=0, restarted_count=0

Compilation events (20 events):
Event: 274.645 Thread 0x000001e0f636e780 20123       1       com.android.build.gradle.internal.api.DefaultAndroidSourceSet::getKaptConfigurationName (5 bytes)
Event: 274.645 Thread 0x000001e0f636e780 nmethod 20123 0x000001e088533390 code [0x000001e088533520, 0x000001e0885335e8]
Event: 274.646 Thread 0x000001e0f636e780 20124       1       org.gradle.api.internal.artifacts.ivyservice.resolutionstrategy.DefaultResolutionStrategy::sortArtifacts (6 bytes)
Event: 274.646 Thread 0x000001e0f636e780 nmethod 20124 0x000001e088533690 code [0x000001e088533820, 0x000001e088533930]
Event: 274.648 Thread 0x000001e0f6369140 20125       4       org.gradle.api.internal.artifacts.configurations.DefaultConfiguration::getAttributes (5 bytes)
Event: 274.649 Thread 0x000001e0f6369140 nmethod 20125 0x000001e088533990 code [0x000001e088533b20, 0x000001e088533bd0]
Event: 274.653 Thread 0x000001e0f636e780 20126       1       com.android.build.gradle.internal.dependency.VariantDependencies::getAnnotationProcessorConfiguration (5 bytes)
Event: 274.654 Thread 0x000001e0f636e780 nmethod 20126 0x000001e088533c90 code [0x000001e088533e20, 0x000001e088533ee8]
Event: 274.655 Thread 0x000001e0f636e780 20127       3       com.android.build.gradle.internal.services.VariantServicesImpl::fileCollection (20 bytes)
Event: 274.655 Thread 0x000001e0f636e780 nmethod 20127 0x000001e081e6e390 code [0x000001e081e6e560, 0x000001e081e6e820]
Event: 274.655 Thread 0x000001e0f636e780 20128       1       com.android.build.api.component.impl.AnnotationProcessorImpl::getClassNames (5 bytes)
Event: 274.655 Thread 0x000001e0f636e780 nmethod 20128 0x000001e088533f90 code [0x000001e088534120, 0x000001e0885341e8]
Event: 274.656 Thread 0x000001e0f636e780 20129       3       com.android.build.gradle.internal.dependency.VariantDependenciesBuilder::applyVariantAttributes (101 bytes)
Event: 274.657 Thread 0x000001e0f636e780 nmethod 20129 0x000001e081e6ea10 code [0x000001e081e6ed80, 0x000001e081e704c0]
Event: 274.663 Thread 0x000001e0f636e780 20130       1       com.android.build.api.component.impl.features.InstrumentationCreationConfigImpl::access$getComponent$p (5 bytes)
Event: 274.663 Thread 0x000001e0f636e780 nmethod 20130 0x000001e088534290 code [0x000001e088534420, 0x000001e0885344d0]
Event: 274.663 Thread 0x000001e0f636e780 20131       3       com.android.build.gradle.internal.dependency.VariantDependencies::getArtifactFileCollection (43 bytes)
Event: 274.664 Thread 0x000001e0f636e780 nmethod 20131 0x000001e081e70c10 code [0x000001e081e70f40, 0x000001e081e71f48]
Event: 274.665 Thread 0x000001e0f636e780 20132       1       com.android.build.api.component.impl.OldVariantApiLegacySupportImpl$JavaCompileOptionsForOldVariantAPI::access$getAnnotationProcessor$p (5 bytes)
Event: 274.665 Thread 0x000001e0f636e780 nmethod 20132 0x000001e088534590 code [0x000001e088534720, 0x000001e0885347d0]

GC Heap History (20 events):
Event: 249.308 GC heap before
{Heap before GC invocations=59 (full 0):
 garbage-first heap   total 232448K, used 198115K [0x00000000b0000000, 0x0000000100000000)
  region size 1024K, 65 young (66560K), 7 survivors (7168K)
 Metaspace       used 119580K, committed 122240K, reserved 557056K
  class space    used 16459K, committed 17728K, reserved 425984K
}
Event: 249.318 GC heap after
{Heap after GC invocations=60 (full 0):
 garbage-first heap   total 232448K, used 141579K [0x00000000b0000000, 0x0000000100000000)
  region size 1024K, 7 young (7168K), 7 survivors (7168K)
 Metaspace       used 119580K, committed 122240K, reserved 557056K
  class space    used 16459K, committed 17728K, reserved 425984K
}
Event: 250.876 GC heap before
{Heap before GC invocations=61 (full 0):
 garbage-first heap   total 237568K, used 203019K [0x00000000b0000000, 0x0000000100000000)
  region size 1024K, 67 young (68608K), 7 survivors (7168K)
 Metaspace       used 120142K, committed 122752K, reserved 557056K
  class space    used 16553K, committed 17856K, reserved 425984K
}
Event: 250.891 GC heap after
{Heap after GC invocations=62 (full 0):
 garbage-first heap   total 237568K, used 147236K [0x00000000b0000000, 0x0000000100000000)
  region size 1024K, 8 young (8192K), 8 survivors (8192K)
 Metaspace       used 120142K, committed 122752K, reserved 557056K
  class space    used 16553K, committed 17856K, reserved 425984K
}
Event: 252.048 GC heap before
{Heap before GC invocations=62 (full 0):
 garbage-first heap   total 237568K, used 210724K [0x00000000b0000000, 0x0000000100000000)
  region size 1024K, 70 young (71680K), 8 survivors (8192K)
 Metaspace       used 124090K, committed 126848K, reserved 557056K
  class space    used 17085K, committed 18432K, reserved 425984K
}
Event: 252.065 GC heap after
{Heap after GC invocations=63 (full 0):
 garbage-first heap   total 237568K, used 148813K [0x00000000b0000000, 0x0000000100000000)
  region size 1024K, 3 young (3072K), 3 survivors (3072K)
 Metaspace       used 124090K, committed 126848K, reserved 557056K
  class space    used 17085K, committed 18432K, reserved 425984K
}
Event: 255.047 GC heap before
{Heap before GC invocations=63 (full 0):
 garbage-first heap   total 237568K, used 213325K [0x00000000b0000000, 0x0000000100000000)
  region size 1024K, 66 young (67584K), 3 survivors (3072K)
 Metaspace       used 128026K, committed 130752K, reserved 557056K
  class space    used 17778K, committed 19136K, reserved 425984K
}
Event: 255.054 GC heap after
{Heap after GC invocations=64 (full 0):
 garbage-first heap   total 237568K, used 150203K [0x00000000b0000000, 0x0000000100000000)
  region size 1024K, 5 young (5120K), 5 survivors (5120K)
 Metaspace       used 128026K, committed 130752K, reserved 557056K
  class space    used 17778K, committed 19136K, reserved 425984K
}
Event: 256.880 GC heap before
{Heap before GC invocations=65 (full 0):
 garbage-first heap   total 252928K, used 215739K [0x00000000b0000000, 0x0000000100000000)
  region size 1024K, 69 young (70656K), 5 survivors (5120K)
 Metaspace       used 131120K, committed 133952K, reserved 557056K
  class space    used 18211K, committed 19584K, reserved 425984K
}
Event: 256.891 GC heap after
{Heap after GC invocations=66 (full 0):
 garbage-first heap   total 252928K, used 152640K [0x00000000b0000000, 0x0000000100000000)
  region size 1024K, 7 young (7168K), 7 survivors (7168K)
 Metaspace       used 131120K, committed 133952K, reserved 557056K
  class space    used 18211K, committed 19584K, reserved 425984K
}
Event: 259.038 GC heap before
{Heap before GC invocations=66 (full 0):
 garbage-first heap   total 252928K, used 229440K [0x00000000b0000000, 0x0000000100000000)
  region size 1024K, 82 young (83968K), 7 survivors (7168K)
 Metaspace       used 133763K, committed 136576K, reserved 557056K
  class space    used 18629K, committed 20032K, reserved 425984K
}
Event: 259.067 GC heap after
{Heap after GC invocations=67 (full 0):
 garbage-first heap   total 252928K, used 162417K [0x00000000b0000000, 0x0000000100000000)
  region size 1024K, 11 young (11264K), 11 survivors (11264K)
 Metaspace       used 133763K, committed 136576K, reserved 557056K
  class space    used 18629K, committed 20032K, reserved 425984K
}
Event: 262.053 GC heap before
{Heap before GC invocations=67 (full 0):
 garbage-first heap   total 252928K, used 231025K [0x00000000b0000000, 0x0000000100000000)
  region size 1024K, 78 young (79872K), 11 survivors (11264K)
 Metaspace       used 135002K, committed 137920K, reserved 557056K
  class space    used 18809K, committed 20224K, reserved 425984K
}
Event: 262.082 GC heap after
{Heap after GC invocations=68 (full 0):
 garbage-first heap   total 252928K, used 172032K [0x00000000b0000000, 0x0000000100000000)
  region size 1024K, 10 young (10240K), 10 survivors (10240K)
 Metaspace       used 135002K, committed 137920K, reserved 557056K
  class space    used 18809K, committed 20224K, reserved 425984K
}
Event: 265.370 GC heap before
{Heap before GC invocations=69 (full 0):
 garbage-first heap   total 286720K, used 231424K [0x00000000b0000000, 0x0000000100000000)
  region size 1024K, 68 young (69632K), 10 survivors (10240K)
 Metaspace       used 135641K, committed 138624K, reserved 557056K
  class space    used 18898K, committed 20352K, reserved 425984K
}
Event: 265.398 GC heap after
{Heap after GC invocations=70 (full 0):
 garbage-first heap   total 286720K, used 181248K [0x00000000b0000000, 0x0000000100000000)
  region size 1024K, 9 young (9216K), 9 survivors (9216K)
 Metaspace       used 135641K, committed 138624K, reserved 557056K
  class space    used 18898K, committed 20352K, reserved 425984K
}
Event: 270.376 GC heap before
{Heap before GC invocations=70 (full 0):
 garbage-first heap   total 286720K, used 257024K [0x00000000b0000000, 0x0000000100000000)
  region size 1024K, 83 young (84992K), 9 survivors (9216K)
 Metaspace       used 136364K, committed 139392K, reserved 557056K
  class space    used 19000K, committed 20480K, reserved 425984K
}
Event: 270.428 GC heap after
{Heap after GC invocations=71 (full 0):
 garbage-first heap   total 286720K, used 192512K [0x00000000b0000000, 0x0000000100000000)
  region size 1024K, 11 young (11264K), 11 survivors (11264K)
 Metaspace       used 136364K, committed 139392K, reserved 557056K
  class space    used 19000K, committed 20480K, reserved 425984K
}
Event: 274.186 GC heap before
{Heap before GC invocations=71 (full 0):
 garbage-first heap   total 286720K, used 257024K [0x00000000b0000000, 0x0000000100000000)
  region size 1024K, 74 young (75776K), 11 survivors (11264K)
 Metaspace       used 136784K, committed 139840K, reserved 557056K
  class space    used 19063K, committed 20544K, reserved 425984K
}
Event: 274.219 GC heap after
{Heap after GC invocations=72 (full 0):
 garbage-first heap   total 286720K, used 203264K [0x00000000b0000000, 0x0000000100000000)
  region size 1024K, 10 young (10240K), 10 survivors (10240K)
 Metaspace       used 136784K, committed 139840K, reserved 557056K
  class space    used 19063K, committed 20544K, reserved 425984K
}

Dll operation events (15 events):
Event: 0.027 Loaded shared library C:\Users\AFIS\.antigravity-ide\extensions\redhat.java-1.55.0-win32-x64\jre\21.0.11-win32-x86_64\bin\java.dll
Event: 0.212 Loaded shared library C:\Users\AFIS\.antigravity-ide\extensions\redhat.java-1.55.0-win32-x64\jre\21.0.11-win32-x86_64\bin\zip.dll
Event: 0.257 Loaded shared library C:\Users\AFIS\.antigravity-ide\extensions\redhat.java-1.55.0-win32-x64\jre\21.0.11-win32-x86_64\bin\instrument.dll
Event: 0.266 Loaded shared library C:\Users\AFIS\.antigravity-ide\extensions\redhat.java-1.55.0-win32-x64\jre\21.0.11-win32-x86_64\bin\net.dll
Event: 0.276 Loaded shared library C:\Users\AFIS\.antigravity-ide\extensions\redhat.java-1.55.0-win32-x64\jre\21.0.11-win32-x86_64\bin\nio.dll
Event: 0.282 Loaded shared library C:\Users\AFIS\.antigravity-ide\extensions\redhat.java-1.55.0-win32-x64\jre\21.0.11-win32-x86_64\bin\zip.dll
Event: 1.145 Loaded shared library C:\Users\AFIS\.antigravity-ide\extensions\redhat.java-1.55.0-win32-x64\jre\21.0.11-win32-x86_64\bin\jimage.dll
Event: 1.687 Loaded shared library C:\Users\AFIS\.antigravity-ide\extensions\redhat.java-1.55.0-win32-x64\jre\21.0.11-win32-x86_64\bin\verify.dll
Event: 1.892 Loaded shared library C:\Users\AFIS\.gradle\native\1def1411415f61bf3af743bc5b6707747c0891f09f0c88961ee8f79bc544acac\windows-amd64\native-platform.dll
Event: 1.915 Loaded shared library C:\Users\AFIS\.gradle\native\0.2.7\x86_64-windows-gnu\gradle-fileevents.dll
Event: 5.047 Loaded shared library C:\Users\AFIS\.antigravity-ide\extensions\redhat.java-1.55.0-win32-x64\jre\21.0.11-win32-x86_64\bin\management.dll
Event: 5.053 Loaded shared library C:\Users\AFIS\.antigravity-ide\extensions\redhat.java-1.55.0-win32-x64\jre\21.0.11-win32-x86_64\bin\management_ext.dll
Event: 5.600 Loaded shared library C:\Users\AFIS\.antigravity-ide\extensions\redhat.java-1.55.0-win32-x64\jre\21.0.11-win32-x86_64\bin\extnet.dll
Event: 6.198 Loaded shared library C:\Users\AFIS\.antigravity-ide\extensions\redhat.java-1.55.0-win32-x64\jre\21.0.11-win32-x86_64\bin\sunmscapi.dll
Event: 91.431 Loaded shared library C:\Users\AFIS\.antigravity-ide\extensions\redhat.java-1.55.0-win32-x64\jre\21.0.11-win32-x86_64\bin\rmi.dll

Deoptimization events (20 events):
Event: 272.222 Thread 0x000001e0f64f06c0 Uncommon trap: trap_request=0xffffff45 fr.pc=0x000001e088387298 relative=0x00000000000004f8
Event: 272.222 Thread 0x000001e0f64f06c0 Uncommon trap: reason=unstable_if action=reinterpret pc=0x000001e088387298 method=groovy.lang.MetaClassImpl.filterPropertyMethod(Ljava/lang/Object;ZZ)Ljava/lang/Object; @ 80 c2
Event: 272.222 Thread 0x000001e0f64f06c0 DEOPT PACKING pc=0x000001e088387298 sp=0x00000070de7f7620
Event: 272.222 Thread 0x000001e0f64f06c0 DEOPT UNPACKING pc=0x000001e087587ba2 sp=0x00000070de7f75a8 mode 2
Event: 272.222 Thread 0x000001e0f64f06c0 Uncommon trap: trap_request=0xffffff45 fr.pc=0x000001e088462a18 relative=0x00000000000009f8
Event: 272.222 Thread 0x000001e0f64f06c0 Uncommon trap: reason=unstable_if action=reinterpret pc=0x000001e088462a18 method=groovy.lang.MetaClassImpl.filterPropertyMethod(Ljava/lang/Object;ZZ)Ljava/lang/Object; @ 80 c2
Event: 272.222 Thread 0x000001e0f64f06c0 DEOPT PACKING pc=0x000001e088462a18 sp=0x00000070de7f76b0
Event: 272.222 Thread 0x000001e0f64f06c0 DEOPT UNPACKING pc=0x000001e087587ba2 sp=0x00000070de7f75b0 mode 2
Event: 272.256 Thread 0x000001e0f64f06c0 Uncommon trap: trap_request=0xffffff45 fr.pc=0x000001e08850dbc0 relative=0x00000000000004a0
Event: 272.256 Thread 0x000001e0f64f06c0 Uncommon trap: reason=unstable_if action=reinterpret pc=0x000001e08850dbc0 method=org.gradle.internal.extensibility.DefaultExtraPropertiesExtension.find(Ljava/lang/String;)Ljava/lang/Object; @ 4 c2
Event: 272.256 Thread 0x000001e0f64f06c0 DEOPT PACKING pc=0x000001e08850dbc0 sp=0x00000070de7f7cd0
Event: 272.256 Thread 0x000001e0f64f06c0 DEOPT UNPACKING pc=0x000001e087587ba2 sp=0x00000070de7f7c28 mode 2
Event: 272.533 Thread 0x000001e0f64f06c0 Uncommon trap: trap_request=0xffffffd6 fr.pc=0x000001e08826dbf8 relative=0x00000000000006f8
Event: 272.533 Thread 0x000001e0f64f06c0 Uncommon trap: reason=array_check action=maybe_recompile pc=0x000001e08826dbf8 method=java.util.ComparableTimSort.binarySort([Ljava/lang/Object;III)V @ 215 c2
Event: 272.533 Thread 0x000001e0f64f06c0 DEOPT PACKING pc=0x000001e08826dbf8 sp=0x00000070de7f81a0
Event: 272.533 Thread 0x000001e0f64f06c0 DEOPT UNPACKING pc=0x000001e087587ba2 sp=0x00000070de7f8140 mode 2
Event: 274.412 Thread 0x000001e0f64f06c0 Uncommon trap: trap_request=0xffffff45 fr.pc=0x000001e0884396a0 relative=0x0000000000000500
Event: 274.412 Thread 0x000001e0f64f06c0 Uncommon trap: reason=unstable_if action=reinterpret pc=0x000001e0884396a0 method=groovy.lang.MetaClassImpl.getMetaProperty(Ljava/lang/String;Z)Lgroovy/lang/MetaProperty; @ 6 c2
Event: 274.412 Thread 0x000001e0f64f06c0 DEOPT PACKING pc=0x000001e0884396a0 sp=0x00000070de7f8ae0
Event: 274.412 Thread 0x000001e0f64f06c0 DEOPT UNPACKING pc=0x000001e087587ba2 sp=0x00000070de7f8a90 mode 2

Classes loaded (20 events):
Event: 272.279 Loading class java/util/LinkedHashMapCustomizer
Event: 272.279 Loading class java/util/LinkedHashMapCustomizer done
Event: 274.595 Loading class sun/nio/fs/WindowsPathBeanInfo
Event: 274.595 Loading class sun/nio/fs/WindowsPathBeanInfo done
Event: 274.596 Loading class sun/nio/fs/WindowsPathBeanInfo
Event: 274.596 Loading class sun/nio/fs/WindowsPathBeanInfo done
Event: 274.596 Loading class sun/nio/fs/WindowsPathCustomizer
Event: 274.597 Loading class sun/nio/fs/WindowsPathCustomizer done
Event: 274.597 Loading class sun/nio/fs/WindowsPathCustomizer
Event: 274.597 Loading class sun/nio/fs/WindowsPathCustomizer done
Event: 274.599 Loading class java/nio/file/WatchEvent
Event: 274.600 Loading class java/nio/file/WatchEvent done
Event: 274.604 Loading class java/nio/file/PathsBeanInfo
Event: 274.605 Loading class java/nio/file/PathsBeanInfo done
Event: 274.606 Loading class java/nio/file/PathsBeanInfo
Event: 274.606 Loading class java/nio/file/PathsBeanInfo done
Event: 274.606 Loading class java/nio/file/PathsCustomizer
Event: 274.606 Loading class java/nio/file/PathsCustomizer done
Event: 274.606 Loading class java/nio/file/PathsCustomizer
Event: 274.606 Loading class java/nio/file/PathsCustomizer done

Classes unloaded (0 events):
No events

Classes redefined (0 events):
No events

Internal exceptions (20 events):
Event: 274.234 Thread 0x000001e0f64f06c0 Exception <a 'java/lang/ClassNotFoundException'{0x00000000ffe53958}: org/gradle/api/internal/artifacts/configurations/DefaultConfigurationContainer_DecoratedBeanInfo> (0x00000000ffe53958) 
thrown [s\src\hotspot\share\classfile\systemDictionary.cpp, line 313]
Event: 274.236 Thread 0x000001e0f64f06c0 Exception <a 'java/lang/ClassNotFoundException'{0x00000000ffe6ecb0}: org/gradle/api/internal/artifacts/configurations/DefaultConfigurationContainerBeanInfo> (0x00000000ffe6ecb0) 
thrown [s\src\hotspot\share\classfile\systemDictionary.cpp, line 313]
Event: 274.237 Thread 0x000001e0f64f06c0 Exception <a 'java/lang/ClassNotFoundException'{0x00000000ffe884f0}: org/gradle/api/internal/AbstractValidatingNamedDomainObjectContainerBeanInfo> (0x00000000ffe884f0) 
thrown [s\src\hotspot\share\classfile\systemDictionary.cpp, line 313]
Event: 274.238 Thread 0x000001e0f64f06c0 Exception <a 'java/lang/ClassNotFoundException'{0x00000000ffea1098}: org/gradle/api/internal/AbstractValidatingNamedDomainObjectContainerCustomizer> (0x00000000ffea1098) 
thrown [s\src\hotspot\share\classfile\systemDictionary.cpp, line 313]
Event: 274.240 Thread 0x000001e0f64f06c0 Exception <a 'java/lang/ClassNotFoundException'{0x00000000ffecab00}: org/gradle/api/internal/artifacts/configurations/DefaultConfigurationContainerCustomizer> (0x00000000ffecab00) 
thrown [s\src\hotspot\share\classfile\systemDictionary.cpp, line 313]
Event: 274.258 Thread 0x000001e0f64f06c0 Exception <a 'java/lang/ClassNotFoundException'{0x00000000ffbbb7c0}: org/gradle/api/internal/artifacts/configurations/DefaultConfigurationContainer_DecoratedCustomizer> (0x00000000ffbbb7c0) 
thrown [s\src\hotspot\share\classfile\systemDictionary.cpp, line 313]
Event: 274.381 Thread 0x000001e0f64f06c0 Exception <a 'java/lang/ClassNotFoundException'{0x00000000c0f2a3a0}: org/gradle/internal/logging/slf4j/OutputEventListenerBackedLoggerBeanInfo> (0x00000000c0f2a3a0) 
thrown [s\src\hotspot\share\classfile\systemDictionary.cpp, line 313]
Event: 274.382 Thread 0x000001e0f64f06c0 Exception <a 'java/lang/ClassNotFoundException'{0x00000000c0f40310}: org/gradle/internal/logging/slf4j/BuildOperationAwareLoggerBeanInfo> (0x00000000c0f40310) 
thrown [s\src\hotspot\share\classfile\systemDictionary.cpp, line 313]
Event: 274.383 Thread 0x000001e0f64f06c0 Exception <a 'java/lang/ClassNotFoundException'{0x00000000c0f56250}: org/gradle/internal/logging/slf4j/BuildOperationAwareLoggerCustomizer> (0x00000000c0f56250) 
thrown [s\src\hotspot\share\classfile\systemDictionary.cpp, line 313]
Event: 274.388 Thread 0x000001e0f64f06c0 Exception <a 'java/lang/ClassNotFoundException'{0x00000000c0f9dc78}: org/gradle/internal/logging/slf4j/OutputEventListenerBackedLoggerCustomizer> (0x00000000c0f9dc78) 
thrown [s\src\hotspot\share\classfile\systemDictionary.cpp, line 313]
Event: 274.409 Thread 0x000001e0f64f06c0 Exception <a 'java/lang/ClassNotFoundException'{0x00000000c0e452a0}: com/android/VersionBeanInfo> (0x00000000c0e452a0) 
thrown [s\src\hotspot\share\classfile\systemDictionary.cpp, line 313]
Event: 274.412 Thread 0x000001e0f64f06c0 Exception <a 'java/lang/ClassNotFoundException'{0x00000000c0e57998}: com/android/VersionCustomizer> (0x00000000c0e57998) 
thrown [s\src\hotspot\share\classfile\systemDictionary.cpp, line 313]
Event: 274.490 Thread 0x000001e0f64f06c0 Exception <a 'java/lang/ClassNotFoundException'{0x00000000c0d184d8}: com/android/build/gradle/internal/dsl/LintOptions_DecoratedBeanInfo> (0x00000000c0d184d8) 
thrown [s\src\hotspot\share\classfile\systemDictionary.cpp, line 313]
Event: 274.492 Thread 0x000001e0f64f06c0 Exception <a 'java/lang/ClassNotFoundException'{0x00000000c0d2d5f0}: com/android/build/gradle/internal/dsl/LintOptionsBeanInfo> (0x00000000c0d2d5f0) 
thrown [s\src\hotspot\share\classfile\systemDictionary.cpp, line 313]
Event: 274.497 Thread 0x000001e0f64f06c0 Exception <a 'java/lang/ClassNotFoundException'{0x00000000c0d42730}: com/android/build/gradle/internal/dsl/LintOptionsCustomizer> (0x00000000c0d42730) 
thrown [s\src\hotspot\share\classfile\systemDictionary.cpp, line 313]
Event: 274.499 Thread 0x000001e0f64f06c0 Exception <a 'java/lang/ClassNotFoundException'{0x00000000c0d95868}: com/android/build/gradle/internal/dsl/LintOptions_DecoratedCustomizer> (0x00000000c0d95868) 
thrown [s\src\hotspot\share\classfile\systemDictionary.cpp, line 313]
Event: 274.596 Thread 0x000001e0f64f06c0 Exception <a 'java/lang/ClassNotFoundException'{0x00000000c0ca7488}: sun/nio/fs/WindowsPathBeanInfo> (0x00000000c0ca7488) 
thrown [s\src\hotspot\share\classfile\systemDictionary.cpp, line 313]
Event: 274.597 Thread 0x000001e0f64f06c0 Exception <a 'java/lang/ClassNotFoundException'{0x00000000c0cb5cf0}: sun/nio/fs/WindowsPathCustomizer> (0x00000000c0cb5cf0) 
thrown [s\src\hotspot\share\classfile\systemDictionary.cpp, line 313]
Event: 274.606 Thread 0x000001e0f64f06c0 Exception <a 'java/lang/ClassNotFoundException'{0x00000000c0b30fa8}: java/nio/file/PathsBeanInfo> (0x00000000c0b30fa8) 
thrown [s\src\hotspot\share\classfile\systemDictionary.cpp, line 313]
Event: 274.607 Thread 0x000001e0f64f06c0 Exception <a 'java/lang/ClassNotFoundException'{0x00000000c0b3f1b0}: java/nio/file/PathsCustomizer> (0x00000000c0b3f1b0) 
thrown [s\src\hotspot\share\classfile\systemDictionary.cpp, line 313]

ZGC Phase Switch (0 events):
No events

VM Operations (20 events):
Event: 262.661 Executing safepoint VM operation: G1PauseCleanup done
Event: 264.662 Executing safepoint VM operation: Cleanup
Event: 264.662 Executing safepoint VM operation: Cleanup done
Event: 265.370 Executing safepoint VM operation: G1CollectForAllocation (G1 Evacuation Pause)
Event: 265.399 Executing safepoint VM operation: G1CollectForAllocation (G1 Evacuation Pause) done
Event: 266.399 Executing safepoint VM operation: Cleanup
Event: 266.399 Executing safepoint VM operation: Cleanup done
Event: 267.400 Executing safepoint VM operation: Cleanup
Event: 267.400 Executing safepoint VM operation: Cleanup done
Event: 268.401 Executing safepoint VM operation: Cleanup
Event: 268.401 Executing safepoint VM operation: Cleanup done
Event: 269.402 Executing safepoint VM operation: Cleanup
Event: 269.404 Executing safepoint VM operation: Cleanup done
Event: 270.369 Executing safepoint VM operation: G1CollectForAllocation (G1 Evacuation Pause)
Event: 270.428 Executing safepoint VM operation: G1CollectForAllocation (G1 Evacuation Pause) done
Event: 272.428 Executing safepoint VM operation: Cleanup
Event: 272.428 Executing safepoint VM operation: Cleanup done
Event: 274.186 Executing safepoint VM operation: G1CollectForAllocation (G1 Evacuation Pause)
Event: 274.219 Executing safepoint VM operation: G1CollectForAllocation (G1 Evacuation Pause) done
Event: 274.665 Executing safepoint VM operation: G1PauseRemark

Memory protections (0 events):
No events

Nmethod flushes (20 events):
Event: 274.685 Thread 0x000001e0f633b800 flushing  nmethod 0x000001e080fbe990
Event: 274.685 Thread 0x000001e0f633b800 flushing  nmethod 0x000001e080fe2d90
Event: 274.685 Thread 0x000001e0f633b800 flushing  nmethod 0x000001e080fe4210
Event: 274.685 Thread 0x000001e0f633b800 flushing  nmethod 0x000001e080ff5090
Event: 274.685 Thread 0x000001e0f633b800 flushing  nmethod 0x000001e080ff7410
Event: 274.685 Thread 0x000001e0f633b800 flushing  nmethod 0x000001e08103cb10
Event: 274.685 Thread 0x000001e0f633b800 flushing  nmethod 0x000001e08103d510
Event: 274.685 Thread 0x000001e0f633b800 flushing  nmethod 0x000001e081040110
Event: 274.685 Thread 0x000001e0f633b800 flushing  nmethod 0x000001e08105aa90
Event: 274.685 Thread 0x000001e0f633b800 flushing  nmethod 0x000001e08105b890
Event: 274.685 Thread 0x000001e0f633b800 flushing  nmethod 0x000001e08105e210
Event: 274.685 Thread 0x000001e0f633b800 flushing  nmethod 0x000001e081084f10
Event: 274.685 Thread 0x000001e0f633b800 flushing  nmethod 0x000001e08108ad10
Event: 274.685 Thread 0x000001e0f633b800 flushing  nmethod 0x000001e08108d590
Event: 274.685 Thread 0x000001e0f633b800 flushing  nmethod 0x000001e08108dd90
Event: 274.685 Thread 0x000001e0f633b800 flushing  nmethod 0x000001e0810a3390
Event: 274.685 Thread 0x000001e0f633b800 flushing  nmethod 0x000001e0810a6f10
Event: 274.685 Thread 0x000001e0f633b800 flushing  nmethod 0x000001e0810a7690
Event: 274.685 Thread 0x000001e0f633b800 flushing  nmethod 0x000001e0811b1c90
Event: 274.685 Thread 0x000001e0f633b800 flushing  nmethod 0x000001e0819d4d10

Events (20 events):
Event: 246.988 Thread 0x000001e0fd9f9440 Thread exited: 0x000001e0fd9f9440
Event: 247.019 Thread 0x000001e0f64f06c0 Thread added: 0x000001e0aaeaad40
Event: 247.617 Thread 0x000001e0f636e780 Thread added: 0x000001e0aa7ad360
Event: 248.726 Thread 0x000001e0aa7ad360 Thread exited: 0x000001e0aa7ad360
Event: 249.578 Thread 0x000001e0f636e780 Thread added: 0x000001e0aa7aaa80
Event: 251.154 Thread 0x000001e0aa7aaa80 Thread exited: 0x000001e0aa7aaa80
Event: 252.349 Thread 0x000001e0f636e780 Thread added: 0x000001e0aa7b10b0
Event: 253.137 Thread 0x000001e0aa7b10b0 Thread exited: 0x000001e0aa7b10b0
Event: 255.588 Thread 0x000001e0f636e780 Thread added: 0x000001e0fd9f9440
Event: 256.134 Thread 0x000001e0fd9f9440 Thread exited: 0x000001e0fd9f9440
Event: 257.616 Thread 0x000001e0f636e780 Thread added: 0x000001e0af71bfd0
Event: 257.837 Thread 0x000001e0af71bfd0 Thread exited: 0x000001e0af71bfd0
Event: 257.887 Thread 0x000001e0f64f06c0 Thread added: 0x000001e0aa856c90
Event: 257.905 Thread 0x000001e0aa856c90 Thread added: 0x000001e0aa854bc0
Event: 257.905 Thread 0x000001e0aa856c90 Thread added: 0x000001e0aa8558e0
Event: 258.324 Thread 0x000001e0f636e780 Thread added: 0x000001e0af71b900
Event: 259.315 Thread 0x000001e0af71b900 Thread exited: 0x000001e0af71b900
Event: 270.518 Thread 0x000001e0f636e780 Thread added: 0x000001e0af71e8b0
Event: 270.704 Thread 0x000001e0fe941b30 Thread exited: 0x000001e0fe941b30
Event: 271.057 Thread 0x000001e0af71e8b0 Thread exited: 0x000001e0af71e8b0


Dynamic libraries:
0x00007ff716240000 - 0x00007ff71624e000 	C:\Users\AFIS\.antigravity-ide\extensions\redhat.java-1.55.0-win32-x64\jre\21.0.11-win32-x86_64\bin\java.exe
0x00007ffce87c0000 - 0x00007ffce8a26000 	C:\WINDOWS\SYSTEM32\ntdll.dll
0x00007ffce76e0000 - 0x00007ffce77a9000 	C:\WINDOWS\System32\KERNEL32.DLL
0x00007ffce5a50000 - 0x00007ffce5e4a000 	C:\WINDOWS\System32\KERNELBASE.dll
0x00007ffce6170000 - 0x00007ffce62bc000 	C:\WINDOWS\System32\ucrtbase.dll
0x00007ffcb3740000 - 0x00007ffcb375e000 	C:\Users\AFIS\.antigravity-ide\extensions\redhat.java-1.55.0-win32-x64\jre\21.0.11-win32-x86_64\bin\VCRUNTIME140.dll
0x00007ffcb3760000 - 0x00007ffcb3778000 	C:\Users\AFIS\.antigravity-ide\extensions\redhat.java-1.55.0-win32-x64\jre\21.0.11-win32-x86_64\bin\jli.dll
0x00007ffce66e0000 - 0x00007ffce68a7000 	C:\WINDOWS\System32\USER32.dll
0x00007ffce6500000 - 0x00007ffce6527000 	C:\WINDOWS\System32\win32u.dll
0x00007ffce7ab0000 - 0x00007ffce7adb000 	C:\WINDOWS\System32\GDI32.dll
0x00007ffce5f90000 - 0x00007ffce60bb000 	C:\WINDOWS\System32\gdi32full.dll
0x00007ffce5ee0000 - 0x00007ffce5f83000 	C:\WINDOWS\System32\msvcp_win.dll
0x00007ffcc4700000 - 0x00007ffcc4992000 	C:\WINDOWS\WinSxS\amd64_microsoft.windows.common-controls_6595b64144ccf1df_6.0.26100.8521_none_3e08b75ce33403b3\COMCTL32.dll
0x00007ffce75a0000 - 0x00007ffce7649000 	C:\WINDOWS\System32\msvcrt.dll
0x00007ffce7bd0000 - 0x00007ffce7c02000 	C:\WINDOWS\System32\IMM32.DLL
0x00007ffcb3fc0000 - 0x00007ffcb3fcc000 	C:\Users\AFIS\.antigravity-ide\extensions\redhat.java-1.55.0-win32-x64\jre\21.0.11-win32-x86_64\bin\vcruntime140_1.dll
0x00007ffc29b40000 - 0x00007ffc29bcd000 	C:\Users\AFIS\.antigravity-ide\extensions\redhat.java-1.55.0-win32-x64\jre\21.0.11-win32-x86_64\bin\msvcp140.dll
0x00007ffc20390000 - 0x00007ffc21132000 	C:\Users\AFIS\.antigravity-ide\extensions\redhat.java-1.55.0-win32-x64\jre\21.0.11-win32-x86_64\bin\server\jvm.dll
0x00007ffce8110000 - 0x00007ffce81c6000 	C:\WINDOWS\System32\ADVAPI32.dll
0x00007ffce7a00000 - 0x00007ffce7aaa000 	C:\WINDOWS\System32\sechost.dll
0x00007ffce6530000 - 0x00007ffce6648000 	C:\WINDOWS\System32\RPCRT4.dll
0x00007ffce7650000 - 0x00007ffce76d0000 	C:\WINDOWS\System32\WS2_32.dll
0x00007ffce58b0000 - 0x00007ffce590e000 	C:\WINDOWS\SYSTEM32\POWRPROF.dll
0x00007ffcdb2c0000 - 0x00007ffcdb2f6000 	C:\WINDOWS\SYSTEM32\WINMM.dll
0x00007ffcd35a0000 - 0x00007ffcd35ab000 	C:\WINDOWS\SYSTEM32\VERSION.dll
0x00007ffce5890000 - 0x00007ffce58a4000 	C:\WINDOWS\SYSTEM32\UMPDC.dll
0x00007ffce47e0000 - 0x00007ffce47fb000 	C:\WINDOWS\SYSTEM32\kernel.appcore.dll
0x00007ffccc960000 - 0x00007ffccc96a000 	C:\Users\AFIS\.antigravity-ide\extensions\redhat.java-1.55.0-win32-x64\jre\21.0.11-win32-x86_64\bin\jimage.dll
0x00007ffce30d0000 - 0x00007ffce3312000 	C:\WINDOWS\SYSTEM32\DBGHELP.DLL
0x00007ffce7c40000 - 0x00007ffce7fc3000 	C:\WINDOWS\System32\combase.dll
0x00007ffce7ae0000 - 0x00007ffce7bb9000 	C:\WINDOWS\System32\OLEAUT32.dll
0x00007ffccae20000 - 0x00007ffccae5b000 	C:\WINDOWS\SYSTEM32\dbgcore.DLL
0x00007ffce60c0000 - 0x00007ffce6168000 	C:\WINDOWS\System32\bcryptPrimitives.dll
0x00007ffcb4000000 - 0x00007ffcb400f000 	C:\Users\AFIS\.antigravity-ide\extensions\redhat.java-1.55.0-win32-x64\jre\21.0.11-win32-x86_64\bin\instrument.dll
0x00007ffcb37b0000 - 0x00007ffcb37d0000 	C:\Users\AFIS\.antigravity-ide\extensions\redhat.java-1.55.0-win32-x64\jre\21.0.11-win32-x86_64\bin\java.dll
0x00007ffce6bb0000 - 0x00007ffce7334000 	C:\WINDOWS\System32\SHELL32.dll
0x00007ffce35e0000 - 0x00007ffce3e60000 	C:\WINDOWS\SYSTEM32\windows.storage.dll
0x00007ffce6ab0000 - 0x00007ffce6ba6000 	C:\WINDOWS\System32\SHCORE.dll
0x00007ffce7340000 - 0x00007ffce73a7000 	C:\WINDOWS\System32\shlwapi.dll
0x00007ffce5970000 - 0x00007ffce5999000 	C:\WINDOWS\SYSTEM32\profapi.dll
0x00007ffcb3720000 - 0x00007ffcb3738000 	C:\Users\AFIS\.antigravity-ide\extensions\redhat.java-1.55.0-win32-x64\jre\21.0.11-win32-x86_64\bin\zip.dll
0x00007ffcb3ff0000 - 0x00007ffcb4000000 	C:\Users\AFIS\.antigravity-ide\extensions\redhat.java-1.55.0-win32-x64\jre\21.0.11-win32-x86_64\bin\net.dll
0x00007ffcd5e40000 - 0x00007ffcd5f69000 	C:\WINDOWS\SYSTEM32\WINHTTP.dll
0x00007ffce4d50000 - 0x00007ffce4dbc000 	C:\WINDOWS\system32\mswsock.dll
0x00007ffc70f30000 - 0x00007ffc70f46000 	C:\Users\AFIS\.antigravity-ide\extensions\redhat.java-1.55.0-win32-x64\jre\21.0.11-win32-x86_64\bin\nio.dll
0x00007ffc90b50000 - 0x00007ffc90b60000 	C:\Users\AFIS\.antigravity-ide\extensions\redhat.java-1.55.0-win32-x64\jre\21.0.11-win32-x86_64\bin\verify.dll
0x00007ffc92210000 - 0x00007ffc92237000 	C:\Users\AFIS\.gradle\native\1def1411415f61bf3af743bc5b6707747c0891f09f0c88961ee8f79bc544acac\windows-amd64\native-platform.dll
0x00007ffcb3600000 - 0x00007ffcb3678000 	C:\Users\AFIS\.gradle\native\0.2.7\x86_64-windows-gnu\gradle-fileevents.dll
0x00007ffc91a20000 - 0x00007ffc91a2a000 	C:\Users\AFIS\.antigravity-ide\extensions\redhat.java-1.55.0-win32-x64\jre\21.0.11-win32-x86_64\bin\management.dll
0x00007ffc906a0000 - 0x00007ffc906ac000 	C:\Users\AFIS\.antigravity-ide\extensions\redhat.java-1.55.0-win32-x64\jre\21.0.11-win32-x86_64\bin\management_ext.dll
0x00007ffce8770000 - 0x00007ffce8778000 	C:\WINDOWS\System32\PSAPI.DLL
0x00007ffce4250000 - 0x00007ffce4283000 	C:\WINDOWS\SYSTEM32\IPHLPAPI.DLL
0x00007ffce7510000 - 0x00007ffce751a000 	C:\WINDOWS\System32\NSI.dll
0x00007ffc8d670000 - 0x00007ffc8d679000 	C:\Users\AFIS\.antigravity-ide\extensions\redhat.java-1.55.0-win32-x64\jre\21.0.11-win32-x86_64\bin\extnet.dll
0x00007ffce5030000 - 0x00007ffce504b000 	C:\WINDOWS\SYSTEM32\CRYPTSP.dll
0x00007ffce4740000 - 0x00007ffce4779000 	C:\WINDOWS\system32\rsaenh.dll
0x00007ffce4e00000 - 0x00007ffce4e33000 	C:\WINDOWS\SYSTEM32\USERENV.dll
0x00007ffce5940000 - 0x00007ffce596a000 	C:\WINDOWS\SYSTEM32\bcrypt.dll
0x00007ffce5050000 - 0x00007ffce505c000 	C:\WINDOWS\SYSTEM32\CRYPTBASE.dll
0x00007ffc8e5f0000 - 0x00007ffc8e5fe000 	C:\Users\AFIS\.antigravity-ide\extensions\redhat.java-1.55.0-win32-x64\jre\21.0.11-win32-x86_64\bin\sunmscapi.dll
0x00007ffce6380000 - 0x00007ffce64f8000 	C:\WINDOWS\System32\CRYPT32.dll
0x00007ffce5250000 - 0x00007ffce5280000 	C:\WINDOWS\SYSTEM32\ncrypt.dll
0x00007ffce5200000 - 0x00007ffce523f000 	C:\WINDOWS\SYSTEM32\NTASN1.dll
0x00007ffc88ab0000 - 0x00007ffc88ab8000 	C:\WINDOWS\system32\wshunix.dll
0x00007ffce0830000 - 0x00007ffce0837000 	C:\Users\AFIS\.antigravity-ide\extensions\redhat.java-1.55.0-win32-x64\jre\21.0.11-win32-x86_64\bin\rmi.dll

JVMTI agents:
C:\Users\AFIS\.gradle\wrapper\dists\gradle-8.14.3-bin\cv11ve7ro1n3o1j4so8xd9n66\gradle-8.14.3\lib\agents\gradle-instrumentation-agent-8.14.3.jar path:C:\Users\AFIS\.antigravity-ide\extensions\redhat.java-1.55.0-win32-x64\jre\21.0.11-win32-x86_64\bin\instrument.dll, loaded, initialized, instrumentlib options:none

dbghelp: loaded successfully - version: 4.0.5 - missing functions: none
symbol engine: initialized successfully - sym options: 0x614 - pdb path: .;C:\Users\AFIS\.antigravity-ide\extensions\redhat.java-1.55.0-win32-x64\jre\21.0.11-win32-x86_64\bin;C:\WINDOWS\SYSTEM32;C:\WINDOWS\WinSxS\amd64_microsoft.windows.common-controls_6595b64144ccf1df_6.0.26100.8521_none_3e08b75ce33403b3;C:\Users\AFIS\.antigravity-ide\extensions\redhat.java-1.55.0-win32-x64\jre\21.0.11-win32-x86_64\bin\server;C:\Users\AFIS\.gradle\native\1def1411415f61bf3af743bc5b6707747c0891f09f0c88961ee8f79bc544acac\windows-amd64;C:\Users\AFIS\.gradle\native\0.2.7\x86_64-windows-gnu

VM Arguments:
jvm_args: --add-opens=java.base/java.lang=ALL-UNNAMED --add-opens=java.base/java.lang.invoke=ALL-UNNAMED --add-opens=java.base/java.util=ALL-UNNAMED --add-opens=java.prefs/java.util.prefs=ALL-UNNAMED --add-exports=jdk.compiler/com.sun.tools.javac.api=ALL-UNNAMED --add-exports=jdk.compiler/com.sun.tools.javac.util=ALL-UNNAMED --add-opens=java.base/java.util=ALL-UNNAMED --add-opens=java.prefs/java.util.prefs=ALL-UNNAMED --add-opens=java.base/java.nio.charset=ALL-UNNAMED --add-opens=java.base/java.net=ALL-UNNAMED --add-opens=java.base/java.util.concurrent.atomic=ALL-UNNAMED --add-opens=java.xml/javax.xml.namespace=ALL-UNNAMED -XX:MaxMetaspaceSize=512m -Xmx1280m -Dfile.encoding=UTF-8 -Duser.country=IN -Duser.language=en -Duser.variant -javaagent:C:\Users\AFIS\.gradle\wrapper\dists\gradle-8.14.3-bin\cv11ve7ro1n3o1j4so8xd9n66\gradle-8.14.3\lib\agents\gradle-instrumentation-agent-8.14.3.jar 
java_command: org.gradle.launcher.daemon.bootstrap.GradleDaemon 8.14.3
java_class_path (initial): C:\Users\AFIS\.gradle\wrapper\dists\gradle-8.14.3-bin\cv11ve7ro1n3o1j4so8xd9n66\gradle-8.14.3\lib\gradle-daemon-main-8.14.3.jar
Launcher Type: SUN_STANDARD

[Global flags]
     intx CICompilerCount                          = 3                                         {product} {ergonomic}
   size_t CompressedClassSpaceSize                 = 436207616                                 {product} {ergonomic}
     uint ConcGCThreads                            = 1                                         {product} {ergonomic}
     uint G1ConcRefinementThreads                  = 4                                         {product} {ergonomic}
   size_t G1HeapRegionSize                         = 1048576                                   {product} {ergonomic}
    uintx GCDrainStackTargetSize                   = 64                                        {product} {ergonomic}
   size_t InitialHeapSize                          = 130023424                                 {product} {ergonomic}
   size_t MarkStackSize                            = 4194304                                   {product} {ergonomic}
   size_t MaxHeapSize                              = 1342177280                                {product} {command line}
   size_t MaxMetaspaceSize                         = 536870912                                 {product} {command line}
   size_t MaxNewSize                               = 805306368                                 {product} {ergonomic}
   size_t MinHeapDeltaBytes                        = 1048576                                   {product} {ergonomic}
   size_t MinHeapSize                              = 8388608                                   {product} {ergonomic}
    uintx NonNMethodCodeHeapSize                   = 5832780                                {pd product} {ergonomic}
    uintx NonProfiledCodeHeapSize                  = 122912730                              {pd product} {ergonomic}
    uintx ProfiledCodeHeapSize                     = 122912730                              {pd product} {ergonomic}
    uintx ReservedCodeCacheSize                    = 251658240                              {pd product} {ergonomic}
     bool SegmentedCodeCache                       = true                                      {product} {ergonomic}
   size_t SoftMaxHeapSize                          = 1342177280                             {manageable} {ergonomic}
     bool UseCompressedOops                        = true                           {product lp64_product} {ergonomic}
     bool UseG1GC                                  = true                                      {product} {ergonomic}
     bool UseLargePagesIndividualAllocation        = false                                  {pd product} {ergonomic}

Logging:
Log output configuration:
 #0: stdout all=warning uptime,level,tags foldmultilines=false
 #1: stderr all=off uptime,level,tags foldmultilines=false

Release file:
JAVA_VERSION="21.0.11" 
MODULES="java.base java.compiler java.datatransfer java.xml java.prefs java.desktop java.instrument java.logging java.management java.security.sasl java.naming java.rmi java.management.rmi java.net.http java.scripting java.security.jgss java.transaction.xa java.sql java.sql.rowset java.xml.crypto java.se java.smartcardio jdk.accessibility jdk.internal.jvmstat jdk.attach jdk.charsets jdk.internal.opt jdk.zipfs jdk.compiler jdk.crypto.ec jdk.crypto.cryptoki jdk.crypto.mscapi jdk.dynalink jdk.internal.ed jdk.editpad jdk.hotspot.agent jdk.httpserver jdk.internal.le jdk.internal.vm.ci jdk.internal.vm.compiler jdk.internal.vm.compiler.management jdk.jartool jdk.javadoc jdk.jcmd jdk.management jdk.management.agent jdk.jconsole jdk.jdeps jdk.jdwp.agent jdk.jdi jdk.jfr jdk.jshell jdk.jsobject jdk.jstatd jdk.localedata jdk.management.jfr jdk.naming.dns jdk.naming.rmi jdk.net jdk.nio.mapmode jdk.random jdk.sctp jdk.security.auth jdk.security.jgss jdk.unsupported jdk.unsupported.desktop jdk.xml.dom" 

Environment Variables:
JAVA_HOME=C:\Program Files\Eclipse Adoptium\jdk-17.0.18.8-hotspot
PATH=C:\Program Files\Eclipse Adoptium\jdk-17.0.18.8-hotspot\bin;C:\Program Files (x86)\VMware\VMware Workstation\bin\;C:\WINDOWS\system32;C:\WINDOWS;C:\WINDOWS\System32\Wbem;C:\WINDOWS\System32\WindowsPowerShell\v1.0\;C:\WINDOWS\System32\OpenSSH\;C:\Users\AFIS\AppData\Local\Android\Sdk;C:\Program Files\Git\cmd;C:\Program Files\php-8.3.4-Win32-vs16-x64;C:\Program Files\MySQL\MySQL Server 9.0\bin;C:\Program Files\Amazon\AWSCLIV2\;C:\Users\AFIS\Desktop\Flutter\flutter\bin;C:\Program Files\cursor\resources\app\bin;C:\Program Files\SQL Anywhere 17\bin64;C:\Program Files\SQL Anywhere 17\bin32;%NVM_HOME%;%NVM_SYMLINK%;C:\Users\AFIS\AppData\Local\Programs\Python\Python313\Scripts\;C:\Users\AFIS\AppData\Local\Programs\Python\Python313\;C:\Users\AFIS\AppData\Local\Programs\Python\Launcher\;C:\Users\AFIS\AppData\Local\Microsoft\WindowsApps;C:\Users\AFIS\AppData\Local\Programs\Microsoft VS Code\bin;C:\Users\AFIS\AppData\Local\Android\Sdk;C:\Users\AFIS\AppData\Local\GitHubDesktop\bin;C:\Users\AFIS\Desktop\Flutter\flutter\bin;C:\Users\AFIS\AppData\Roaming\npm;C:\Users\AFIS\AppData\Local\Programs\Antigravity\bin;C:\Users\AFIS\AppData\Local\Android\Sdk\platform-tools;C:\Users\AFIS\AppData\Local\Programs\Antigravity IDE\bin;C:\Users\AFIS\AppData\Local\Programs\Kiro\bin;C:\Users\AFIS\AppData\Local\nvm;C:\nvm4w\nodejs
USERNAME=AFIS
OS=Windows_NT
PROCESSOR_IDENTIFIER=Intel64 Family 6 Model 140 Stepping 1, GenuineIntel
TMP=C:\Users\AFIS\AppData\Local\Temp
TEMP=C:\Users\AFIS\AppData\Local\Temp




Periodic native trim disabled

---------------  S Y S T E M  ---------------

OS:
 Windows 11 , 64 bit Build 26100 (10.0.26100.8521)
OS uptime: 9 days 8:04 hours
Hyper-V role detected

CPU: total 4 (initial active 4) (2 cores per cpu, 2 threads per core) family 6 model 140 stepping 1 microcode 0xb4, cx8, cmov, fxsr, ht, mmx, 3dnowpref, sse, sse2, sse3, ssse3, sse4.1, sse4.2, popcnt, lzcnt, tsc, tscinvbit, avx, avx2, aes, erms, clmul, bmi1, bmi2, adx, avx512f, avx512dq, avx512cd, avx512bw, avx512vl, sha, fma, vzeroupper, avx512_vpopcntdq, avx512_vpclmulqdq, avx512_vaes, avx512_vnni, clflush, clflushopt, clwb, avx512_vbmi2, avx512_vbmi, hv, rdtscp, rdpid, fsrm, gfni, avx512_bitalg, f16c, cet_ibt, cet_ss, avx512_ifma
Processor Information for the first 4 processors :
  Max Mhz: 2901, Current Mhz: 2901, Mhz Limit: 2901

Memory: 4k page, system-wide physical 7834M (804M free)
TotalPageFile size 31385M (AvailPageFile size 48M)
current process WorkingSet (physical memory assigned to process): 472M, peak: 503M
current process commit charge ("private bytes"): 663M, peak: 715M

vm_info: OpenJDK 64-Bit Server VM (21.0.11+10-LTS) for windows-amd64 JRE (21.0.11+10-LTS), built on 2026-04-21T00:00:00Z by "admin" with MS VC++ 17.12 (VS2022)

END.
