#
# There is insufficient memory for the Java Runtime Environment to continue.
# Native memory allocation (malloc) failed to allocate 898672 bytes. Error detail: Chunk::new
# Possible reasons:
#   The system is out of physical RAM or swap space
#   This process is running with CompressedOops enabled, and the Java Heap may be blocking the growth of the native heap
# Possible solutions:
#   Reduce memory load on the system
#   Increase physical memory or swap space
#   Check if swap backing store is full
#   Decrease Java heap size (-Xmx/-Xms)
#   Decrease number of Java threads
#   Decrease Java thread stack sizes (-Xss)
#   Set larger code cache with -XX:ReservedCodeCacheSize=
#   JVM is running with Unscaled Compressed Oops mode in which the Java heap is
#     placed in the first 4GB address space. The Java Heap base address is the
#     maximum limit for the native heap growth. Please use -XX:HeapBaseMinAddress
#     to set the Java Heap base and to place the Java Heap above 4GB virtual address.
# This output file may be truncated or incomplete.
#
#  Out of Memory Error (arena.cpp:168), pid=24896, tid=58712
#
# JRE version: OpenJDK Runtime Environment Temurin-21.0.11+10 (21.0.11+10) (build 21.0.11+10-LTS)
# Java VM: OpenJDK 64-Bit Server VM Temurin-21.0.11+10 (21.0.11+10-LTS, mixed mode, sharing, tiered, compressed oops, compressed class ptrs, g1 gc, windows-amd64)
# No core dump will be written. Minidumps are not enabled by default on client versions of Windows
#

---------------  S U M M A R Y ------------

Command Line: --add-opens=java.base/java.lang=ALL-UNNAMED --add-opens=java.base/java.lang.invoke=ALL-UNNAMED --add-opens=java.base/java.util=ALL-UNNAMED --add-opens=java.prefs/java.util.prefs=ALL-UNNAMED --add-exports=jdk.compiler/com.sun.tools.javac.api=ALL-UNNAMED --add-exports=jdk.compiler/com.sun.tools.javac.util=ALL-UNNAMED --add-opens=java.base/java.util=ALL-UNNAMED --add-opens=java.prefs/java.util.prefs=ALL-UNNAMED --add-opens=java.base/java.nio.charset=ALL-UNNAMED --add-opens=java.base/java.net=ALL-UNNAMED --add-opens=java.base/java.util.concurrent.atomic=ALL-UNNAMED --add-opens=java.xml/javax.xml.namespace=ALL-UNNAMED -XX:MaxMetaspaceSize=512m -Xmx1280m -Dfile.encoding=UTF-8 -Duser.country=IN -Duser.language=en -Duser.variant -javaagent:C:\Users\AFIS\.gradle\wrapper\dists\gradle-8.14.3-bin\cv11ve7ro1n3o1j4so8xd9n66\gradle-8.14.3\lib\agents\gradle-instrumentation-agent-8.14.3.jar org.gradle.launcher.daemon.bootstrap.GradleDaemon 8.14.3

Host: 11th Gen Intel(R) Core(TM) i3-1115G4 @ 3.00GHz, 4 cores, 7G,  Windows 11 , 64 bit Build 26100 (10.0.26100.8521)
Time: Mon Aug  3 11:18:37 2026 India Standard Time elapsed time: 401.597267 seconds (0d 0h 6m 41s)

---------------  T H R E A D  ---------------

Current thread (0x0000021ae48d1c20):  JavaThread "C2 CompilerThread0" daemon [_thread_in_native, id=58712, stack(0x000000c998700000,0x000000c998800000) (1024K)]


Current CompileTask:
C2:401597 24294       4       org.gradle.internal.classpath.generated.InterceptorDeclaration_ConfigCacheJvmBytecode::visitMethodInsn (4679 bytes)

Stack: [0x000000c998700000,0x000000c998800000]
Native frames: (J=compiled Java code, j=interpreted, Vv=VM code, C=native code)
V  [jvm.dll+0x6d7e19]
V  [jvm.dll+0x8b5096]
V  [jvm.dll+0x8b764e]
V  [jvm.dll+0x8b7d33]
V  [jvm.dll+0x284596]
V  [jvm.dll+0xc685d]
V  [jvm.dll+0xc6da1]
V  [jvm.dll+0x3bed6b]
V  [jvm.dll+0x38b2b2]
V  [jvm.dll+0x38a6fa]
V  [jvm.dll+0x24c700]
V  [jvm.dll+0x24bce0]
V  [jvm.dll+0x1cb4ae]
V  [jvm.dll+0x25baad]
V  [jvm.dll+0x25a03a]
V  [jvm.dll+0x3f868e]
V  [jvm.dll+0x85fb0d]
V  [jvm.dll+0x6d664d]
C  [ucrtbase.dll+0x2cd30]
C  [KERNEL32.DLL+0x2e957]
C  [ntdll.dll+0x87c1c]


---------------  P R O C E S S  ---------------

Threads class SMR info:
_java_thread_list=0x0000021aa6102a90, length=66, elements={
0x0000021ace90f3c0, 0x0000021ae48c5910, 0x0000021ae48c8380, 0x0000021ae48ca660,
0x0000021ae48cf9d0, 0x0000021ae48d0430, 0x0000021ae48d0e90, 0x0000021ae48d1c20,
0x0000021ae48ebe50, 0x0000021a9f21f4b0, 0x0000021a9f2657a0, 0x0000021aa090eb50,
0x0000021aa0908d70, 0x0000021aa09b5db0, 0x0000021aa0a9a920, 0x0000021aa0b1b630,
0x0000021aa0b3a610, 0x0000021aa0b3ac80, 0x0000021aa09e9060, 0x0000021aa09ec4e0,
0x0000021aa09eb7c0, 0x0000021aa09e96f0, 0x0000021aa09ebe50, 0x0000021aa09e9d80,
0x0000021aa09eb130, 0x0000021aa09eaaa0, 0x0000021aa3374b80, 0x0000021aa3372420,
0x0000021aa3373140, 0x0000021aa3373e60, 0x0000021aa33744f0, 0x0000021aa3378690,
0x0000021aa3375210, 0x0000021aa3378d20, 0x0000021aa3375f30, 0x0000021aa1555ab0,
0x0000021aa1556e60, 0x0000021aa1554d90, 0x0000021aa15567d0, 0x0000021aa1555420,
0x0000021aa2bd7360, 0x0000021aa2bd4c00, 0x0000021aa2bd8080, 0x0000021aa2bdbb90,
0x0000021aa2bda150, 0x0000021aa2bd9ac0, 0x0000021aa2bdae70, 0x0000021aa2bdb500,
0x0000021aa4461ef0, 0x0000021aa4461860, 0x0000021aa445fe20, 0x0000021aa4463930,
0x0000021aa4460b40, 0x0000021aa4464650, 0x0000021aa44611d0, 0x0000021aa3c1c400,
0x0000021aa445e3e0, 0x0000021aa4463fc0, 0x0000021aa445d030, 0x0000021aa445ea70,
0x0000021aa46b2060, 0x0000021aa5ef05d0, 0x0000021aa5eebda0, 0x0000021aa122b710,
0x0000021aa3c1f880, 0x0000021aa3c1d120
}

Java Threads: ( => current thread )
  0x0000021ace90f3c0 JavaThread "main"                              [_thread_blocked, id=60728, stack(0x000000c997900000,0x000000c997a00000) (1024K)]
  0x0000021ae48c5910 JavaThread "Reference Handler"          daemon [_thread_blocked, id=57668, stack(0x000000c998100000,0x000000c998200000) (1024K)]
  0x0000021ae48c8380 JavaThread "Finalizer"                  daemon [_thread_blocked, id=58196, stack(0x000000c998200000,0x000000c998300000) (1024K)]
  0x0000021ae48ca660 JavaThread "Signal Dispatcher"          daemon [_thread_blocked, id=10880, stack(0x000000c998300000,0x000000c998400000) (1024K)]
  0x0000021ae48cf9d0 JavaThread "Attach Listener"            daemon [_thread_blocked, id=35952, stack(0x000000c998400000,0x000000c998500000) (1024K)]
  0x0000021ae48d0430 JavaThread "Service Thread"             daemon [_thread_blocked, id=58404, stack(0x000000c998500000,0x000000c998600000) (1024K)]
  0x0000021ae48d0e90 JavaThread "Monitor Deflation Thread"   daemon [_thread_blocked, id=9192, stack(0x000000c998600000,0x000000c998700000) (1024K)]
=>0x0000021ae48d1c20 JavaThread "C2 CompilerThread0"         daemon [_thread_in_native, id=58712, stack(0x000000c998700000,0x000000c998800000) (1024K)]
  0x0000021ae48ebe50 JavaThread "C1 CompilerThread0"         daemon [_thread_blocked, id=48140, stack(0x000000c998800000,0x000000c998900000) (1024K)]
  0x0000021a9f21f4b0 JavaThread "Common-Cleaner"             daemon [_thread_blocked, id=632, stack(0x000000c998900000,0x000000c998a00000) (1024K)]
  0x0000021a9f2657a0 JavaThread "Notification Thread"        daemon [_thread_blocked, id=19564, stack(0x000000c998a00000,0x000000c998b00000) (1024K)]
  0x0000021aa090eb50 JavaThread "Daemon health stats"               [_thread_blocked, id=19624, stack(0x000000c998f00000,0x000000c999000000) (1024K)]
  0x0000021aa0908d70 JavaThread "Incoming local TCP Connector on port 53343"        [_thread_in_native, id=58868, stack(0x000000c998d00000,0x000000c998e00000) (1024K)]
  0x0000021aa09b5db0 JavaThread "Daemon periodic checks"            [_thread_blocked, id=11532, stack(0x000000c999000000,0x000000c999100000) (1024K)]
  0x0000021aa0a9a920 JavaThread "Daemon"                            [_thread_blocked, id=48132, stack(0x000000c999100000,0x000000c999200000) (1024K)]
  0x0000021aa0b1b630 JavaThread "Handler for socket connection from /127.0.0.1:53343 to /127.0.0.1:53344"        [_thread_in_native, id=57268, stack(0x000000c999200000,0x000000c999300000) (1024K)]
  0x0000021aa0b3a610 JavaThread "Cancel handler"                    [_thread_blocked, id=58452, stack(0x000000c999300000,0x000000c999400000) (1024K)]
  0x0000021aa0b3ac80 JavaThread "Daemon worker"                     [_thread_blocked, id=61788, stack(0x000000c999400000,0x000000c999500000) (1024K)]
  0x0000021aa09e9060 JavaThread "Asynchronous log dispatcher for DefaultDaemonConnection: socket connection from /127.0.0.1:53343 to /127.0.0.1:53344"        [_thread_blocked, id=36200, stack(0x000000c999500000,0x000000c999600000) (1024K)]
  0x0000021aa09ec4e0 JavaThread "Stdin handler"                     [_thread_blocked, id=60724, stack(0x000000c999600000,0x000000c999700000) (1024K)]
  0x0000021aa09eb7c0 JavaThread "Daemon client event forwarder"        [_thread_blocked, id=50732, stack(0x000000c999700000,0x000000c999800000) (1024K)]
  0x0000021aa09e96f0 JavaThread "Cache worker for journal cache (C:\Users\AFIS\.gradle\caches\journal-1)"        [_thread_blocked, id=46244, stack(0x000000c999800000,0x000000c999900000) (1024K)]
  0x0000021aa09ebe50 JavaThread "File lock request listener"        [_thread_in_native, id=37392, stack(0x000000c999900000,0x000000c999a00000) (1024K)]
  0x0000021aa09e9d80 JavaThread "Cache worker for file hash cache (C:\Users\AFIS\.gradle\caches\8.14.3\fileHashes)"        [_thread_blocked, id=25160, stack(0x000000c999a00000,0x000000c999b00000) (1024K)]
  0x0000021aa09eb130 JavaThread "Cache worker for file hash cache (C:\Users\AFIS\Desktop\ReactNativeIMC\MeloneLite\android\.gradle\8.14.3\fileHashes)"        [_thread_blocked, id=37868, stack(0x000000c999c00000,0x000000c999d00000) (1024K)]
  0x0000021aa09eaaa0 JavaThread "Cache worker for Build Output Cleanup Cache (C:\Users\AFIS\Desktop\ReactNativeIMC\MeloneLite\android\.gradle\buildOutputCleanup)"        [_thread_blocked, id=17668, stack(0x000000c999d00000,0x000000c999e00000) (1024K)]
  0x0000021aa3374b80 JavaThread "File watcher server"        daemon [_thread_in_native, id=36668, stack(0x000000c999e00000,0x000000c999f00000) (1024K)]
  0x0000021aa3372420 JavaThread "File watcher consumer"      daemon [_thread_blocked, id=27280, stack(0x000000c999f00000,0x000000c99a000000) (1024K)]
  0x0000021aa3373140 JavaThread "jar transforms"                    [_thread_blocked, id=20652, stack(0x000000c99a000000,0x000000c99a100000) (1024K)]
  0x0000021aa3373e60 JavaThread "Cache worker for checksums cache (C:\Users\AFIS\Desktop\ReactNativeIMC\MeloneLite\android\.gradle\8.14.3\checksums)"        [_thread_blocked, id=31608, stack(0x000000c999b00000,0x000000c999c00000) (1024K)]
  0x0000021aa33744f0 JavaThread "Cache worker for file content cache (C:\Users\AFIS\.gradle\caches\8.14.3\fileContent)"        [_thread_blocked, id=4392, stack(0x000000c99a100000,0x000000c99a200000) (1024K)]
  0x0000021aa3378690 JavaThread "Cache worker for cache directory md-supplier (C:\Users\AFIS\.gradle\caches\8.14.3\md-supplier)"        [_thread_blocked, id=22940, stack(0x000000c99a600000,0x000000c99a700000) (1024K)]
  0x0000021aa3375210 JavaThread "Cache worker for cache directory md-rule (C:\Users\AFIS\.gradle\caches\8.14.3\md-rule)"        [_thread_blocked, id=12328, stack(0x000000c99a700000,0x000000c99a800000) (1024K)]
  0x0000021aa3378d20 JavaThread "Cache worker for Build Output Cleanup Cache (C:\Users\AFIS\Desktop\ReactNativeIMC\MeloneLite\node_modules\@react-native\gradle-plugin\.gradle\buildOutputCleanup)"        [_thread_blocked, id=16700, stack(0x000000c99a800000,0x000000c99a900000) (1024K)]
  0x0000021aa3375f30 JavaThread "Unconstrained build operations"        [_thread_blocked, id=35248, stack(0x000000c99a900000,0x000000c99aa00000) (1024K)]
  0x0000021aa1555ab0 JavaThread "Unconstrained build operations Thread 2"        [_thread_blocked, id=46368, stack(0x000000c99aa00000,0x000000c99ab00000) (1024K)]
  0x0000021aa1556e60 JavaThread "Unconstrained build operations Thread 3"        [_thread_blocked, id=43972, stack(0x000000c99ab00000,0x000000c99ac00000) (1024K)]
  0x0000021aa1554d90 JavaThread "Cache worker for Build Output Cleanup Cache (C:\Users\AFIS\Desktop\ReactNativeIMC\MeloneLite\node_modules\expo-modules-autolinking\android\expo-gradle-plugin\.gradle\buildOutputCleanup)"        [_thread_blocked, id=18048, stack(0x000000c99a200000,0x000000c99a300000) (1024K)]
  0x0000021aa15567d0 JavaThread "Unconstrained build operations Thread 4"        [_thread_blocked, id=35512, stack(0x000000c99ac00000,0x000000c99ad00000) (1024K)]
  0x0000021aa1555420 JavaThread "Unconstrained build operations Thread 5"        [_thread_blocked, id=17640, stack(0x000000c99ad00000,0x000000c99ae00000) (1024K)]
  0x0000021aa2bd7360 JavaThread "Unconstrained build operations Thread 6"        [_thread_blocked, id=47376, stack(0x000000c99ae00000,0x000000c99af00000) (1024K)]
  0x0000021aa2bd4c00 JavaThread "build event listener"              [_thread_blocked, id=53668, stack(0x000000c99b000000,0x000000c99b100000) (1024K)]
  0x0000021aa2bd8080 JavaThread "Memory manager"                    [_thread_blocked, id=38500, stack(0x000000c99b100000,0x000000c99b200000) (1024K)]
  0x0000021aa2bdbb90 JavaThread "Unconstrained build operations Thread 7"        [_thread_in_Java, id=60304, stack(0x000000c99af00000,0x000000c99b000000) (1024K)]
  0x0000021aa2bda150 JavaThread "build event listener"              [_thread_blocked, id=50748, stack(0x000000c99b200000,0x000000c99b300000) (1024K)]
  0x0000021aa2bd9ac0 JavaThread "Unconstrained build operations Thread 8"        [_thread_blocked, id=39348, stack(0x000000c99b400000,0x000000c99b500000) (1024K)]
  0x0000021aa2bdae70 JavaThread "Unconstrained build operations Thread 9"        [_thread_blocked, id=22324, stack(0x000000c99b500000,0x000000c99b600000) (1024K)]
  0x0000021aa2bdb500 JavaThread "Unconstrained build operations Thread 10"        [_thread_blocked, id=57640, stack(0x000000c99b600000,0x000000c99b700000) (1024K)]
  0x0000021aa4461ef0 JavaThread "Cache worker for execution history cache (C:\Users\AFIS\Desktop\ReactNativeIMC\MeloneLite\node_modules\expo-modules-autolinking\android\expo-gradle-plugin\.gradle\8.14.3\executionHistory)"        [_thread_blocked, id=44332, stack(0x000000c99be00000,0x000000c99bf00000) (1024K)]
  0x0000021aa4461860 JavaThread "Cache worker for execution history cache (C:\Users\AFIS\Desktop\ReactNativeIMC\MeloneLite\node_modules\@react-native\gradle-plugin\.gradle\8.14.3\executionHistory)"        [_thread_blocked, id=12312, stack(0x000000c99c000000,0x000000c99c100000) (1024K)]
  0x0000021aa445fe20 JavaThread "WorkerExecutor Queue"              [_thread_blocked, id=42864, stack(0x000000c99bf00000,0x000000c99c000000) (1024K)]
  0x0000021aa4463930 JavaThread "RMI Scheduler(0)"           daemon [_thread_blocked, id=58272, stack(0x000000c99c100000,0x000000c99c200000) (1024K)]
  0x0000021aa4460b40 JavaThread "RMI GC Daemon"              daemon [_thread_blocked, id=29052, stack(0x000000c99c300000,0x000000c99c400000) (1024K)]
  0x0000021aa4464650 JavaThread "RMI TCP Accept-0"           daemon [_thread_in_native, id=12500, stack(0x000000c99c400000,0x000000c99c500000) (1024K)]
  0x0000021aa44611d0 JavaThread "RMI Reaper"                        [_thread_blocked, id=23152, stack(0x000000c99c500000,0x000000c99c600000) (1024K)]
  0x0000021aa3c1c400 JavaThread "jar transforms Thread 2"           [_thread_blocked, id=25608, stack(0x000000c99a500000,0x000000c99a600000) (1024K)]
  0x0000021aa445e3e0 JavaThread "Cache worker for Build Output Cleanup Cache (C:\Users\AFIS\Desktop\ReactNativeIMC\MeloneLite\node_modules\expo-dev-launcher\expo-dev-launcher-gradle-plugin\.gradle\buildOutputCleanup)"        [_thread_blocked, id=20500, stack(0x000000c99b300000,0x000000c99b400000) (1024K)]
  0x0000021aa4463fc0 JavaThread "Cache worker for Build Output Cleanup Cache (C:\Users\AFIS\Desktop\ReactNativeIMC\MeloneLite\node_modules\expo-modules-core\expo-module-gradle-plugin\.gradle\buildOutputCleanup)"        [_thread_blocked, id=48792, stack(0x000000c99b900000,0x000000c99ba00000) (1024K)]
  0x0000021aa445d030 JavaThread "build event listener"              [_thread_blocked, id=48656, stack(0x000000c99bb00000,0x000000c99bc00000) (1024K)]
  0x0000021aa445ea70 JavaThread "build event listener"              [_thread_blocked, id=18784, stack(0x000000c99ba00000,0x000000c99bb00000) (1024K)]
  0x0000021aa46b2060 JavaThread "jar transforms Thread 3"           [_thread_blocked, id=56692, stack(0x000000c99bd00000,0x000000c99be00000) (1024K)]
  0x0000021aa5ef05d0 JavaThread "Cache worker for execution history cache (C:\Users\AFIS\Desktop\ReactNativeIMC\MeloneLite\node_modules\expo-dev-launcher\expo-dev-launcher-gradle-plugin\.gradle\8.14.3\executionHistory)"        [_thread_blocked, id=28636, stack(0x000000c99ca00000,0x000000c99cb00000) (1024K)]
  0x0000021aa5eebda0 JavaThread "Cache worker for execution history cache (C:\Users\AFIS\Desktop\ReactNativeIMC\MeloneLite\node_modules\expo-modules-core\expo-module-gradle-plugin\.gradle\8.14.3\executionHistory)"        [_thread_blocked, id=16652, stack(0x000000c997700000,0x000000c997800000) (1024K)]
  0x0000021aa122b710 JavaThread "jar transforms Thread 4"           [_thread_blocked, id=12300, stack(0x000000c997800000,0x000000c997900000) (1024K)]
  0x0000021aa3c1f880 JavaThread "Problems report writer"            [_thread_blocked, id=16436, stack(0x000000c99a300000,0x000000c99a400000) (1024K)]
  0x0000021aa3c1d120 JavaThread "build event listener"              [_thread_blocked, id=18360, stack(0x000000c99a400000,0x000000c99a500000) (1024K)]
Total: 66

Other Threads:
  0x0000021ae48a28c0 VMThread "VM Thread"                           [id=19288, stack(0x000000c998000000,0x000000c998100000) (1024K)]
  0x0000021ae488e230 WatcherThread "VM Periodic Task Thread"        [id=26144, stack(0x000000c997f00000,0x000000c998000000) (1024K)]
  0x0000021ace94ffc0 WorkerThread "GC Thread#0"                     [id=6932, stack(0x000000c997a00000,0x000000c997b00000) (1024K)]
  0x0000021a9f302300 WorkerThread "GC Thread#1"                     [id=51012, stack(0x000000c998b00000,0x000000c998c00000) (1024K)]
  0x0000021a9f40ec00 WorkerThread "GC Thread#2"                     [id=41344, stack(0x000000c998c00000,0x000000c998d00000) (1024K)]
  0x0000021a9fd07d60 WorkerThread "GC Thread#3"                     [id=11828, stack(0x000000c998e00000,0x000000c998f00000) (1024K)]
  0x0000021ace95b920 ConcurrentGCThread "G1 Main Marker"            [id=38568, stack(0x000000c997b00000,0x000000c997c00000) (1024K)]
  0x0000021ace95e000 WorkerThread "G1 Conc#0"                       [id=60224, stack(0x000000c997c00000,0x000000c997d00000) (1024K)]
  0x0000021ae47634c0 ConcurrentGCThread "G1 Refine#0"               [id=5700, stack(0x000000c997d00000,0x000000c997e00000) (1024K)]
  0x0000021ae4763cf0 ConcurrentGCThread "G1 Service"                [id=51556, stack(0x000000c997e00000,0x000000c997f00000) (1024K)]
Total: 10

Threads with active compile tasks:
C2 CompilerThread0  401659 24294       4       org.gradle.internal.classpath.generated.InterceptorDeclaration_ConfigCacheJvmBytecode::visitMethodInsn (4679 bytes)
Total: 1

VM state: not at safepoint (normal execution)

VM Mutex/Monitor currently owned by a thread: None

Heap address: 0x00000000b0000000, size: 1280 MB, Compressed Oops mode: 32-bit

CDS archive(s) mapped at: [0x0000021a80000000-0x0000021a80ba0000-0x0000021a80ba0000), size 12189696, SharedBaseAddress: 0x0000021a80000000, ArchiveRelocationMode: 1.
Compressed class space mapped at: 0x0000021a81000000-0x0000021a9b000000, reserved size: 436207616
Narrow klass base: 0x0000021a80000000, Narrow klass shift: 0, Narrow klass range: 0x100000000

GC Precious Log:
 CardTable entry size: 512
 Card Set container configuration: InlinePtr #cards 5 size 8 Array Of Cards #cards 12 size 40 Howl #buckets 4 coarsen threshold 1843 Howl Bitmap #cards 512 size 80 coarsen threshold 460 Card regions per heap region 1 cards per card region 2048
 CPUs: 4 total, 4 available
 Memory: 7834M
 Large Page Support: Disabled
 NUMA Support: Disabled
 Compressed Oops: Enabled (32-bit)
 Heap Region Size: 1M
 Heap Min Capacity: 8M
 Heap Initial Capacity: 124M
 Heap Max Capacity: 1280M
 Pre-touch: Disabled
 Parallel Workers: 4
 Concurrent Workers: 1
 Concurrent Refinement Workers: 4
 Periodic GC: Disabled

Heap:
 garbage-first heap   total 512000K, used 418291K [0x00000000b0000000, 0x0000000100000000)
  region size 1024K, 116 young (118784K), 11 survivors (11264K)
 Metaspace       used 142606K, committed 145920K, reserved 557056K
  class space    used 19757K, committed 21312K, reserved 425984K

Heap Regions: E=young(eden), S=young(survivor), O=old, HS=humongous(starts), HC=humongous(continues), CS=collection set, F=free, TAMS=top-at-mark-start, PB=parsable bottom
|   0|0x00000000b0000000, 0x00000000b0100000, 0x00000000b0100000|100%|HS|  |TAMS 0x00000000b0000000| PB 0x00000000b0000000| Complete 
|   1|0x00000000b0100000, 0x00000000b0200000, 0x00000000b0200000|100%|HC|  |TAMS 0x00000000b0100000| PB 0x00000000b0100000| Complete 
|   2|0x00000000b0200000, 0x00000000b0300000, 0x00000000b0300000|100%|HC|  |TAMS 0x00000000b0200000| PB 0x00000000b0200000| Complete 
|   3|0x00000000b0300000, 0x00000000b0400000, 0x00000000b0400000|100%| O|  |TAMS 0x00000000b0300000| PB 0x00000000b0300000| Untracked 
|   4|0x00000000b0400000, 0x00000000b0500000, 0x00000000b0500000|100%| O|  |TAMS 0x00000000b0400000| PB 0x00000000b0400000| Untracked 
|   5|0x00000000b0500000, 0x00000000b0600000, 0x00000000b0600000|100%| O|  |TAMS 0x00000000b0500000| PB 0x00000000b0500000| Untracked 
|   6|0x00000000b0600000, 0x00000000b0700000, 0x00000000b0700000|100%|HS|  |TAMS 0x00000000b0600000| PB 0x00000000b0600000| Complete 
|   7|0x00000000b0700000, 0x00000000b0800000, 0x00000000b0800000|100%| O|  |TAMS 0x00000000b0700000| PB 0x00000000b0700000| Untracked 
|   8|0x00000000b0800000, 0x00000000b0900000, 0x00000000b0900000|100%| O|  |TAMS 0x00000000b0800000| PB 0x00000000b0800000| Untracked 
|   9|0x00000000b0900000, 0x00000000b0a00000, 0x00000000b0a00000|100%| O|  |TAMS 0x00000000b0900000| PB 0x00000000b0900000| Untracked 
|  10|0x00000000b0a00000, 0x00000000b0b00000, 0x00000000b0b00000|100%| O|  |TAMS 0x00000000b0a00000| PB 0x00000000b0a00000| Untracked 
|  11|0x00000000b0b00000, 0x00000000b0c00000, 0x00000000b0c00000|100%| O|  |TAMS 0x00000000b0b00000| PB 0x00000000b0b00000| Untracked 
|  12|0x00000000b0c00000, 0x00000000b0d00000, 0x00000000b0d00000|100%| O|  |TAMS 0x00000000b0c00000| PB 0x00000000b0c00000| Untracked 
|  13|0x00000000b0d00000, 0x00000000b0e00000, 0x00000000b0e00000|100%| O|  |TAMS 0x00000000b0d00000| PB 0x00000000b0d00000| Untracked 
|  14|0x00000000b0e00000, 0x00000000b0f00000, 0x00000000b0f00000|100%| O|  |TAMS 0x00000000b0e00000| PB 0x00000000b0e00000| Untracked 
|  15|0x00000000b0f00000, 0x00000000b1000000, 0x00000000b1000000|100%| O|  |TAMS 0x00000000b0f00000| PB 0x00000000b0f00000| Untracked 
|  16|0x00000000b1000000, 0x00000000b1100000, 0x00000000b1100000|100%| O|  |TAMS 0x00000000b1000000| PB 0x00000000b1000000| Untracked 
|  17|0x00000000b1100000, 0x00000000b1200000, 0x00000000b1200000|100%| O|  |TAMS 0x00000000b1100000| PB 0x00000000b1100000| Untracked 
|  18|0x00000000b1200000, 0x00000000b1300000, 0x00000000b1300000|100%| O|  |TAMS 0x00000000b1200000| PB 0x00000000b1200000| Untracked 
|  19|0x00000000b1300000, 0x00000000b1400000, 0x00000000b1400000|100%| O|  |TAMS 0x00000000b1300000| PB 0x00000000b1300000| Untracked 
|  20|0x00000000b1400000, 0x00000000b1500000, 0x00000000b1500000|100%| O|  |TAMS 0x00000000b1400000| PB 0x00000000b1400000| Untracked 
|  21|0x00000000b1500000, 0x00000000b1600000, 0x00000000b1600000|100%| O|  |TAMS 0x00000000b1500000| PB 0x00000000b1500000| Untracked 
|  22|0x00000000b1600000, 0x00000000b1700000, 0x00000000b1700000|100%| O|  |TAMS 0x00000000b1600000| PB 0x00000000b1600000| Untracked 
|  23|0x00000000b1700000, 0x00000000b1800000, 0x00000000b1800000|100%| O|  |TAMS 0x00000000b1700000| PB 0x00000000b1700000| Untracked 
|  24|0x00000000b1800000, 0x00000000b1900000, 0x00000000b1900000|100%| O|  |TAMS 0x00000000b1800000| PB 0x00000000b1800000| Untracked 
|  25|0x00000000b1900000, 0x00000000b1a00000, 0x00000000b1a00000|100%| O|  |TAMS 0x00000000b1900000| PB 0x00000000b1900000| Untracked 
|  26|0x00000000b1a00000, 0x00000000b1b00000, 0x00000000b1b00000|100%| O|  |TAMS 0x00000000b1a00000| PB 0x00000000b1a00000| Untracked 
|  27|0x00000000b1b00000, 0x00000000b1c00000, 0x00000000b1c00000|100%| O|  |TAMS 0x00000000b1b00000| PB 0x00000000b1b00000| Untracked 
|  28|0x00000000b1c00000, 0x00000000b1d00000, 0x00000000b1d00000|100%| O|  |TAMS 0x00000000b1c00000| PB 0x00000000b1c00000| Untracked 
|  29|0x00000000b1d00000, 0x00000000b1e00000, 0x00000000b1e00000|100%| O|  |TAMS 0x00000000b1d00000| PB 0x00000000b1d00000| Untracked 
|  30|0x00000000b1e00000, 0x00000000b1f00000, 0x00000000b1f00000|100%| O|  |TAMS 0x00000000b1e00000| PB 0x00000000b1e00000| Untracked 
|  31|0x00000000b1f00000, 0x00000000b2000000, 0x00000000b2000000|100%| O|  |TAMS 0x00000000b1f00000| PB 0x00000000b1f00000| Untracked 
|  32|0x00000000b2000000, 0x00000000b2100000, 0x00000000b2100000|100%| O|  |TAMS 0x00000000b2000000| PB 0x00000000b2000000| Untracked 
|  33|0x00000000b2100000, 0x00000000b2200000, 0x00000000b2200000|100%| O|  |TAMS 0x00000000b2100000| PB 0x00000000b2100000| Untracked 
|  34|0x00000000b2200000, 0x00000000b2300000, 0x00000000b2300000|100%| O|  |TAMS 0x00000000b2200000| PB 0x00000000b2200000| Untracked 
|  35|0x00000000b2300000, 0x00000000b2400000, 0x00000000b2400000|100%| O|  |TAMS 0x00000000b2300000| PB 0x00000000b2300000| Untracked 
|  36|0x00000000b2400000, 0x00000000b2500000, 0x00000000b2500000|100%| O|  |TAMS 0x00000000b2400000| PB 0x00000000b2400000| Untracked 
|  37|0x00000000b2500000, 0x00000000b2600000, 0x00000000b2600000|100%| O|  |TAMS 0x00000000b2500000| PB 0x00000000b2500000| Untracked 
|  38|0x00000000b2600000, 0x00000000b2700000, 0x00000000b2700000|100%| O|  |TAMS 0x00000000b2600000| PB 0x00000000b2600000| Untracked 
|  39|0x00000000b2700000, 0x00000000b2800000, 0x00000000b2800000|100%| O|  |TAMS 0x00000000b2700000| PB 0x00000000b2700000| Untracked 
|  40|0x00000000b2800000, 0x00000000b2900000, 0x00000000b2900000|100%| O|  |TAMS 0x00000000b2800000| PB 0x00000000b2800000| Untracked 
|  41|0x00000000b2900000, 0x00000000b2a00000, 0x00000000b2a00000|100%| O|  |TAMS 0x00000000b2900000| PB 0x00000000b2900000| Untracked 
|  42|0x00000000b2a00000, 0x00000000b2b00000, 0x00000000b2b00000|100%| O|  |TAMS 0x00000000b2a00000| PB 0x00000000b2a00000| Untracked 
|  43|0x00000000b2b00000, 0x00000000b2c00000, 0x00000000b2c00000|100%| O|  |TAMS 0x00000000b2b00000| PB 0x00000000b2b00000| Untracked 
|  44|0x00000000b2c00000, 0x00000000b2d00000, 0x00000000b2d00000|100%| O|  |TAMS 0x00000000b2c00000| PB 0x00000000b2c00000| Untracked 
|  45|0x00000000b2d00000, 0x00000000b2e00000, 0x00000000b2e00000|100%|HS|  |TAMS 0x00000000b2d00000| PB 0x00000000b2d00000| Complete 
|  46|0x00000000b2e00000, 0x00000000b2f00000, 0x00000000b2f00000|100%|HC|  |TAMS 0x00000000b2e00000| PB 0x00000000b2e00000| Complete 
|  47|0x00000000b2f00000, 0x00000000b3000000, 0x00000000b3000000|100%|HC|  |TAMS 0x00000000b2f00000| PB 0x00000000b2f00000| Complete 
|  48|0x00000000b3000000, 0x00000000b3100000, 0x00000000b3100000|100%| O|  |TAMS 0x00000000b3000000| PB 0x00000000b3000000| Untracked 
|  49|0x00000000b3100000, 0x00000000b3200000, 0x00000000b3200000|100%| O|  |TAMS 0x00000000b3100000| PB 0x00000000b3100000| Untracked 
|  50|0x00000000b3200000, 0x00000000b3300000, 0x00000000b3300000|100%| O|  |TAMS 0x00000000b3200000| PB 0x00000000b3200000| Untracked 
|  51|0x00000000b3300000, 0x00000000b3400000, 0x00000000b3400000|100%| O|  |TAMS 0x00000000b3300000| PB 0x00000000b3300000| Untracked 
|  52|0x00000000b3400000, 0x00000000b3500000, 0x00000000b3500000|100%| O|  |TAMS 0x00000000b3400000| PB 0x00000000b3400000| Untracked 
|  53|0x00000000b3500000, 0x00000000b3600000, 0x00000000b3600000|100%| O|  |TAMS 0x00000000b3500000| PB 0x00000000b3500000| Untracked 
|  54|0x00000000b3600000, 0x00000000b3700000, 0x00000000b3700000|100%| O|  |TAMS 0x00000000b3600000| PB 0x00000000b3600000| Untracked 
|  55|0x00000000b3700000, 0x00000000b3800000, 0x00000000b3800000|100%|HS|  |TAMS 0x00000000b3700000| PB 0x00000000b3700000| Complete 
|  56|0x00000000b3800000, 0x00000000b3900000, 0x00000000b3900000|100%|HC|  |TAMS 0x00000000b3800000| PB 0x00000000b3800000| Complete 
|  57|0x00000000b3900000, 0x00000000b3a00000, 0x00000000b3a00000|100%|HC|  |TAMS 0x00000000b3900000| PB 0x00000000b3900000| Complete 
|  58|0x00000000b3a00000, 0x00000000b3b00000, 0x00000000b3b00000|100%| O|  |TAMS 0x00000000b3a00000| PB 0x00000000b3a00000| Untracked 
|  59|0x00000000b3b00000, 0x00000000b3c00000, 0x00000000b3c00000|100%| O|  |TAMS 0x00000000b3b00000| PB 0x00000000b3b00000| Untracked 
|  60|0x00000000b3c00000, 0x00000000b3d00000, 0x00000000b3d00000|100%| O|  |TAMS 0x00000000b3c00000| PB 0x00000000b3c00000| Untracked 
|  61|0x00000000b3d00000, 0x00000000b3e00000, 0x00000000b3e00000|100%| O|  |TAMS 0x00000000b3d00000| PB 0x00000000b3d00000| Untracked 
|  62|0x00000000b3e00000, 0x00000000b3f00000, 0x00000000b3f00000|100%| O|  |TAMS 0x00000000b3e00000| PB 0x00000000b3e00000| Untracked 
|  63|0x00000000b3f00000, 0x00000000b4000000, 0x00000000b4000000|100%| O|  |TAMS 0x00000000b3f00000| PB 0x00000000b3f00000| Untracked 
|  64|0x00000000b4000000, 0x00000000b4100000, 0x00000000b4100000|100%| O|  |TAMS 0x00000000b4000000| PB 0x00000000b4000000| Untracked 
|  65|0x00000000b4100000, 0x00000000b4200000, 0x00000000b4200000|100%| O|  |TAMS 0x00000000b4100000| PB 0x00000000b4100000| Untracked 
|  66|0x00000000b4200000, 0x00000000b4300000, 0x00000000b4300000|100%| O|  |TAMS 0x00000000b4200000| PB 0x00000000b4200000| Untracked 
|  67|0x00000000b4300000, 0x00000000b4400000, 0x00000000b4400000|100%| O|  |TAMS 0x00000000b4300000| PB 0x00000000b4300000| Untracked 
|  68|0x00000000b4400000, 0x00000000b4500000, 0x00000000b4500000|100%| O|  |TAMS 0x00000000b4400000| PB 0x00000000b4400000| Untracked 
|  69|0x00000000b4500000, 0x00000000b4600000, 0x00000000b4600000|100%| O|  |TAMS 0x00000000b4500000| PB 0x00000000b4500000| Untracked 
|  70|0x00000000b4600000, 0x00000000b4700000, 0x00000000b4700000|100%| O|  |TAMS 0x00000000b4600000| PB 0x00000000b4600000| Untracked 
|  71|0x00000000b4700000, 0x00000000b4800000, 0x00000000b4800000|100%| O|  |TAMS 0x00000000b4700000| PB 0x00000000b4700000| Untracked 
|  72|0x00000000b4800000, 0x00000000b4900000, 0x00000000b4900000|100%|HS|  |TAMS 0x00000000b4800000| PB 0x00000000b4800000| Complete 
|  73|0x00000000b4900000, 0x00000000b4a00000, 0x00000000b4a00000|100%| O|  |TAMS 0x00000000b4900000| PB 0x00000000b4900000| Untracked 
|  74|0x00000000b4a00000, 0x00000000b4b00000, 0x00000000b4b00000|100%| O|  |TAMS 0x00000000b4a00000| PB 0x00000000b4a00000| Untracked 
|  75|0x00000000b4b00000, 0x00000000b4c00000, 0x00000000b4c00000|100%| O|  |TAMS 0x00000000b4b00000| PB 0x00000000b4b00000| Untracked 
|  76|0x00000000b4c00000, 0x00000000b4d00000, 0x00000000b4d00000|100%| O|  |TAMS 0x00000000b4c00000| PB 0x00000000b4c00000| Untracked 
|  77|0x00000000b4d00000, 0x00000000b4e00000, 0x00000000b4e00000|100%| O|  |TAMS 0x00000000b4d00000| PB 0x00000000b4d00000| Untracked 
|  78|0x00000000b4e00000, 0x00000000b4f00000, 0x00000000b4f00000|100%| O|  |TAMS 0x00000000b4e00000| PB 0x00000000b4e00000| Untracked 
|  79|0x00000000b4f00000, 0x00000000b5000000, 0x00000000b5000000|100%|HS|  |TAMS 0x00000000b4f00000| PB 0x00000000b4f00000| Complete 
|  80|0x00000000b5000000, 0x00000000b5100000, 0x00000000b5100000|100%| O|  |TAMS 0x00000000b5000000| PB 0x00000000b5000000| Untracked 
|  81|0x00000000b5100000, 0x00000000b5200000, 0x00000000b5200000|100%|HS|  |TAMS 0x00000000b5100000| PB 0x00000000b5100000| Complete 
|  82|0x00000000b5200000, 0x00000000b5300000, 0x00000000b5300000|100%|HC|  |TAMS 0x00000000b5200000| PB 0x00000000b5200000| Complete 
|  83|0x00000000b5300000, 0x00000000b5400000, 0x00000000b5400000|100%|HC|  |TAMS 0x00000000b5300000| PB 0x00000000b5300000| Complete 
|  84|0x00000000b5400000, 0x00000000b5500000, 0x00000000b5500000|100%| O|  |TAMS 0x00000000b5400000| PB 0x00000000b5400000| Untracked 
|  85|0x00000000b5500000, 0x00000000b5600000, 0x00000000b5600000|100%| O|  |TAMS 0x00000000b5500000| PB 0x00000000b5500000| Untracked 
|  86|0x00000000b5600000, 0x00000000b5700000, 0x00000000b5700000|100%|HS|  |TAMS 0x00000000b5600000| PB 0x00000000b5600000| Complete 
|  87|0x00000000b5700000, 0x00000000b5800000, 0x00000000b5800000|100%| O|  |TAMS 0x00000000b5700000| PB 0x00000000b5700000| Untracked 
|  88|0x00000000b5800000, 0x00000000b5900000, 0x00000000b5900000|100%| O|  |TAMS 0x00000000b5800000| PB 0x00000000b5800000| Untracked 
|  89|0x00000000b5900000, 0x00000000b5a00000, 0x00000000b5a00000|100%| O|  |TAMS 0x00000000b5900000| PB 0x00000000b5900000| Untracked 
|  90|0x00000000b5a00000, 0x00000000b5b00000, 0x00000000b5b00000|100%| O|  |TAMS 0x00000000b5a00000| PB 0x00000000b5a00000| Untracked 
|  91|0x00000000b5b00000, 0x00000000b5c00000, 0x00000000b5c00000|100%| O|  |TAMS 0x00000000b5b00000| PB 0x00000000b5b00000| Untracked 
|  92|0x00000000b5c00000, 0x00000000b5d00000, 0x00000000b5d00000|100%| O|  |TAMS 0x00000000b5c00000| PB 0x00000000b5c00000| Untracked 
|  93|0x00000000b5d00000, 0x00000000b5e00000, 0x00000000b5e00000|100%| O|  |TAMS 0x00000000b5d00000| PB 0x00000000b5d00000| Untracked 
|  94|0x00000000b5e00000, 0x00000000b5f00000, 0x00000000b5f00000|100%| O|  |TAMS 0x00000000b5e00000| PB 0x00000000b5e00000| Untracked 
|  95|0x00000000b5f00000, 0x00000000b6000000, 0x00000000b6000000|100%| O|  |TAMS 0x00000000b5f00000| PB 0x00000000b5f00000| Untracked 
|  96|0x00000000b6000000, 0x00000000b6100000, 0x00000000b6100000|100%| O|  |TAMS 0x00000000b6000000| PB 0x00000000b6000000| Untracked 
|  97|0x00000000b6100000, 0x00000000b6200000, 0x00000000b6200000|100%| O|  |TAMS 0x00000000b6100000| PB 0x00000000b6100000| Untracked 
|  98|0x00000000b6200000, 0x00000000b6300000, 0x00000000b6300000|100%|HS|  |TAMS 0x00000000b6200000| PB 0x00000000b6200000| Complete 
|  99|0x00000000b6300000, 0x00000000b6400000, 0x00000000b6400000|100%| O|  |TAMS 0x00000000b6300000| PB 0x00000000b6300000| Untracked 
| 100|0x00000000b6400000, 0x00000000b6500000, 0x00000000b6500000|100%| O|  |TAMS 0x00000000b6400000| PB 0x00000000b6400000| Untracked 
| 101|0x00000000b6500000, 0x00000000b6600000, 0x00000000b6600000|100%| O|  |TAMS 0x00000000b6500000| PB 0x00000000b6500000| Untracked 
| 102|0x00000000b6600000, 0x00000000b6700000, 0x00000000b6700000|100%| O|  |TAMS 0x00000000b6600000| PB 0x00000000b6600000| Untracked 
| 103|0x00000000b6700000, 0x00000000b6800000, 0x00000000b6800000|100%| O|  |TAMS 0x00000000b6700000| PB 0x00000000b6700000| Untracked 
| 104|0x00000000b6800000, 0x00000000b6900000, 0x00000000b6900000|100%| O|  |TAMS 0x00000000b6800000| PB 0x00000000b6800000| Untracked 
| 105|0x00000000b6900000, 0x00000000b6a00000, 0x00000000b6a00000|100%| O|  |TAMS 0x00000000b6900000| PB 0x00000000b6900000| Untracked 
| 106|0x00000000b6a00000, 0x00000000b6b00000, 0x00000000b6b00000|100%| O|  |TAMS 0x00000000b6a00000| PB 0x00000000b6a00000| Untracked 
| 107|0x00000000b6b00000, 0x00000000b6c00000, 0x00000000b6c00000|100%|HS|  |TAMS 0x00000000b6b00000| PB 0x00000000b6b00000| Complete 
| 108|0x00000000b6c00000, 0x00000000b6d00000, 0x00000000b6d00000|100%| O|  |TAMS 0x00000000b6c00000| PB 0x00000000b6c00000| Untracked 
| 109|0x00000000b6d00000, 0x00000000b6e00000, 0x00000000b6e00000|100%| O|  |TAMS 0x00000000b6d00000| PB 0x00000000b6d00000| Untracked 
| 110|0x00000000b6e00000, 0x00000000b6f00000, 0x00000000b6f00000|100%| O|  |TAMS 0x00000000b6e00000| PB 0x00000000b6e00000| Untracked 
| 111|0x00000000b6f00000, 0x00000000b7000000, 0x00000000b7000000|100%|HS|  |TAMS 0x00000000b6f00000| PB 0x00000000b6f00000| Complete 
| 112|0x00000000b7000000, 0x00000000b7100000, 0x00000000b7100000|100%|HS|  |TAMS 0x00000000b7000000| PB 0x00000000b7000000| Complete 
| 113|0x00000000b7100000, 0x00000000b7200000, 0x00000000b7200000|100%| O|  |TAMS 0x00000000b7100000| PB 0x00000000b7100000| Untracked 
| 114|0x00000000b7200000, 0x00000000b7300000, 0x00000000b7300000|100%| O|  |TAMS 0x00000000b7200000| PB 0x00000000b7200000| Untracked 
| 115|0x00000000b7300000, 0x00000000b7400000, 0x00000000b7400000|100%| O|  |TAMS 0x00000000b7300000| PB 0x00000000b7300000| Untracked 
| 116|0x00000000b7400000, 0x00000000b7500000, 0x00000000b7500000|100%| O|  |TAMS 0x00000000b7400000| PB 0x00000000b7400000| Untracked 
| 117|0x00000000b7500000, 0x00000000b7600000, 0x00000000b7600000|100%| O|  |TAMS 0x00000000b7500000| PB 0x00000000b7500000| Untracked 
| 118|0x00000000b7600000, 0x00000000b7700000, 0x00000000b7700000|100%| O|  |TAMS 0x00000000b7600000| PB 0x00000000b7600000| Untracked 
| 119|0x00000000b7700000, 0x00000000b7800000, 0x00000000b7800000|100%| O|  |TAMS 0x00000000b7700000| PB 0x00000000b7700000| Untracked 
| 120|0x00000000b7800000, 0x00000000b7900000, 0x00000000b7900000|100%| O|  |TAMS 0x00000000b7800000| PB 0x00000000b7800000| Untracked 
| 121|0x00000000b7900000, 0x00000000b7a00000, 0x00000000b7a00000|100%| O|  |TAMS 0x00000000b7900000| PB 0x00000000b7900000| Untracked 
| 122|0x00000000b7a00000, 0x00000000b7b00000, 0x00000000b7b00000|100%| O|  |TAMS 0x00000000b7a00000| PB 0x00000000b7a00000| Untracked 
| 123|0x00000000b7b00000, 0x00000000b7c00000, 0x00000000b7c00000|100%| O|  |TAMS 0x00000000b7b00000| PB 0x00000000b7b00000| Untracked 
| 124|0x00000000b7c00000, 0x00000000b7d00000, 0x00000000b7d00000|100%|HS|  |TAMS 0x00000000b7c00000| PB 0x00000000b7c00000| Complete 
| 125|0x00000000b7d00000, 0x00000000b7e00000, 0x00000000b7e00000|100%|HC|  |TAMS 0x00000000b7d00000| PB 0x00000000b7d00000| Complete 
| 126|0x00000000b7e00000, 0x00000000b7f00000, 0x00000000b7f00000|100%|HC|  |TAMS 0x00000000b7e00000| PB 0x00000000b7e00000| Complete 
| 127|0x00000000b7f00000, 0x00000000b8000000, 0x00000000b8000000|100%| O|  |TAMS 0x00000000b7f00000| PB 0x00000000b7f00000| Untracked 
| 128|0x00000000b8000000, 0x00000000b8100000, 0x00000000b8100000|100%| O|  |TAMS 0x00000000b8000000| PB 0x00000000b8000000| Untracked 
| 129|0x00000000b8100000, 0x00000000b8200000, 0x00000000b8200000|100%| O|  |TAMS 0x00000000b8100000| PB 0x00000000b8100000| Untracked 
| 130|0x00000000b8200000, 0x00000000b8300000, 0x00000000b8300000|100%| O|  |TAMS 0x00000000b8200000| PB 0x00000000b8200000| Untracked 
| 131|0x00000000b8300000, 0x00000000b8400000, 0x00000000b8400000|100%| O|  |TAMS 0x00000000b8300000| PB 0x00000000b8300000| Untracked 
| 132|0x00000000b8400000, 0x00000000b8500000, 0x00000000b8500000|100%| O|  |TAMS 0x00000000b8400000| PB 0x00000000b8400000| Untracked 
| 133|0x00000000b8500000, 0x00000000b8600000, 0x00000000b8600000|100%| O|  |TAMS 0x00000000b8500000| PB 0x00000000b8500000| Untracked 
| 134|0x00000000b8600000, 0x00000000b86ffff8, 0x00000000b8700000| 99%| O|  |TAMS 0x00000000b8600000| PB 0x00000000b8600000| Untracked 
| 135|0x00000000b8700000, 0x00000000b8800000, 0x00000000b8800000|100%| O|  |TAMS 0x00000000b8700000| PB 0x00000000b8700000| Untracked 
| 136|0x00000000b8800000, 0x00000000b8900000, 0x00000000b8900000|100%| O|  |TAMS 0x00000000b8800000| PB 0x00000000b8800000| Untracked 
| 137|0x00000000b8900000, 0x00000000b8a00000, 0x00000000b8a00000|100%| O|  |TAMS 0x00000000b8900000| PB 0x00000000b8900000| Untracked 
| 138|0x00000000b8a00000, 0x00000000b8b00000, 0x00000000b8b00000|100%| O|  |TAMS 0x00000000b8a00000| PB 0x00000000b8a00000| Untracked 
| 139|0x00000000b8b00000, 0x00000000b8c00000, 0x00000000b8c00000|100%| O|  |TAMS 0x00000000b8b00000| PB 0x00000000b8b00000| Untracked 
| 140|0x00000000b8c00000, 0x00000000b8d00000, 0x00000000b8d00000|100%| O|  |TAMS 0x00000000b8c00000| PB 0x00000000b8c00000| Untracked 
| 141|0x00000000b8d00000, 0x00000000b8e00000, 0x00000000b8e00000|100%| O|  |TAMS 0x00000000b8d00000| PB 0x00000000b8d00000| Untracked 
| 142|0x00000000b8e00000, 0x00000000b8f00000, 0x00000000b8f00000|100%| O|  |TAMS 0x00000000b8e00000| PB 0x00000000b8e00000| Untracked 
| 143|0x00000000b8f00000, 0x00000000b9000000, 0x00000000b9000000|100%| O|  |TAMS 0x00000000b8f00000| PB 0x00000000b8f00000| Untracked 
| 144|0x00000000b9000000, 0x00000000b9100000, 0x00000000b9100000|100%| O|  |TAMS 0x00000000b9000000| PB 0x00000000b9000000| Untracked 
| 145|0x00000000b9100000, 0x00000000b9200000, 0x00000000b9200000|100%| O|  |TAMS 0x00000000b9100000| PB 0x00000000b9100000| Untracked 
| 146|0x00000000b9200000, 0x00000000b9300000, 0x00000000b9300000|100%| O|  |TAMS 0x00000000b9200000| PB 0x00000000b9200000| Untracked 
| 147|0x00000000b9300000, 0x00000000b9400000, 0x00000000b9400000|100%| O|  |TAMS 0x00000000b9300000| PB 0x00000000b9300000| Untracked 
| 148|0x00000000b9400000, 0x00000000b9500000, 0x00000000b9500000|100%| O|  |TAMS 0x00000000b9400000| PB 0x00000000b9400000| Untracked 
| 149|0x00000000b9500000, 0x00000000b9600000, 0x00000000b9600000|100%| O|  |TAMS 0x00000000b9500000| PB 0x00000000b9500000| Untracked 
| 150|0x00000000b9600000, 0x00000000b9700000, 0x00000000b9700000|100%| O|  |TAMS 0x00000000b9600000| PB 0x00000000b9600000| Untracked 
| 151|0x00000000b9700000, 0x00000000b9800000, 0x00000000b9800000|100%| O|  |TAMS 0x00000000b9700000| PB 0x00000000b9700000| Untracked 
| 152|0x00000000b9800000, 0x00000000b9900000, 0x00000000b9900000|100%| O|  |TAMS 0x00000000b9800000| PB 0x00000000b9800000| Untracked 
| 153|0x00000000b9900000, 0x00000000b9a00000, 0x00000000b9a00000|100%| O|  |TAMS 0x00000000b9900000| PB 0x00000000b9900000| Untracked 
| 154|0x00000000b9a00000, 0x00000000b9b00000, 0x00000000b9b00000|100%| O|  |TAMS 0x00000000b9a00000| PB 0x00000000b9a00000| Untracked 
| 155|0x00000000b9b00000, 0x00000000b9c00000, 0x00000000b9c00000|100%| O|  |TAMS 0x00000000b9b00000| PB 0x00000000b9b00000| Untracked 
| 156|0x00000000b9c00000, 0x00000000b9d00000, 0x00000000b9d00000|100%| O|  |TAMS 0x00000000b9c00000| PB 0x00000000b9c00000| Untracked 
| 157|0x00000000b9d00000, 0x00000000b9e00000, 0x00000000b9e00000|100%| O|  |TAMS 0x00000000b9d00000| PB 0x00000000b9d00000| Untracked 
| 158|0x00000000b9e00000, 0x00000000b9f00000, 0x00000000b9f00000|100%| O|  |TAMS 0x00000000b9e00000| PB 0x00000000b9e00000| Untracked 
| 159|0x00000000b9f00000, 0x00000000ba000000, 0x00000000ba000000|100%| O|  |TAMS 0x00000000b9f00000| PB 0x00000000b9f00000| Untracked 
| 160|0x00000000ba000000, 0x00000000ba100000, 0x00000000ba100000|100%| O|  |TAMS 0x00000000ba000000| PB 0x00000000ba000000| Untracked 
| 161|0x00000000ba100000, 0x00000000ba200000, 0x00000000ba200000|100%| O|  |TAMS 0x00000000ba100000| PB 0x00000000ba100000| Untracked 
| 162|0x00000000ba200000, 0x00000000ba300000, 0x00000000ba300000|100%| O|  |TAMS 0x00000000ba200000| PB 0x00000000ba200000| Untracked 
| 163|0x00000000ba300000, 0x00000000ba400000, 0x00000000ba400000|100%| O|  |TAMS 0x00000000ba300000| PB 0x00000000ba300000| Untracked 
| 164|0x00000000ba400000, 0x00000000ba500000, 0x00000000ba500000|100%| O|  |TAMS 0x00000000ba400000| PB 0x00000000ba400000| Untracked 
| 165|0x00000000ba500000, 0x00000000ba600000, 0x00000000ba600000|100%| O|  |TAMS 0x00000000ba500000| PB 0x00000000ba500000| Untracked 
| 166|0x00000000ba600000, 0x00000000ba700000, 0x00000000ba700000|100%| O|  |TAMS 0x00000000ba600000| PB 0x00000000ba600000| Untracked 
| 167|0x00000000ba700000, 0x00000000ba800000, 0x00000000ba800000|100%| O|  |TAMS 0x00000000ba700000| PB 0x00000000ba700000| Untracked 
| 168|0x00000000ba800000, 0x00000000ba900000, 0x00000000ba900000|100%| O|  |TAMS 0x00000000ba800000| PB 0x00000000ba800000| Untracked 
| 169|0x00000000ba900000, 0x00000000baa00000, 0x00000000baa00000|100%| O|  |TAMS 0x00000000ba900000| PB 0x00000000ba900000| Untracked 
| 170|0x00000000baa00000, 0x00000000bab00000, 0x00000000bab00000|100%| O|  |TAMS 0x00000000baa00000| PB 0x00000000baa00000| Untracked 
| 171|0x00000000bab00000, 0x00000000bac00000, 0x00000000bac00000|100%| O|  |TAMS 0x00000000bab00000| PB 0x00000000bab00000| Untracked 
| 172|0x00000000bac00000, 0x00000000bad00000, 0x00000000bad00000|100%| O|  |TAMS 0x00000000bac00000| PB 0x00000000bac00000| Untracked 
| 173|0x00000000bad00000, 0x00000000bae00000, 0x00000000bae00000|100%| O|  |TAMS 0x00000000bad00000| PB 0x00000000bad00000| Untracked 
| 174|0x00000000bae00000, 0x00000000baf00000, 0x00000000baf00000|100%| O|  |TAMS 0x00000000bae00000| PB 0x00000000bae00000| Untracked 
| 175|0x00000000baf00000, 0x00000000bb000000, 0x00000000bb000000|100%| O|  |TAMS 0x00000000baf00000| PB 0x00000000baf00000| Untracked 
| 176|0x00000000bb000000, 0x00000000bb100000, 0x00000000bb100000|100%| O|  |TAMS 0x00000000bb000000| PB 0x00000000bb000000| Untracked 
| 177|0x00000000bb100000, 0x00000000bb200000, 0x00000000bb200000|100%| O|  |TAMS 0x00000000bb100000| PB 0x00000000bb100000| Untracked 
| 178|0x00000000bb200000, 0x00000000bb300000, 0x00000000bb300000|100%| O|  |TAMS 0x00000000bb200000| PB 0x00000000bb200000| Untracked 
| 179|0x00000000bb300000, 0x00000000bb400000, 0x00000000bb400000|100%| O|  |TAMS 0x00000000bb300000| PB 0x00000000bb300000| Untracked 
| 180|0x00000000bb400000, 0x00000000bb500000, 0x00000000bb500000|100%| O|  |TAMS 0x00000000bb400000| PB 0x00000000bb400000| Untracked 
| 181|0x00000000bb500000, 0x00000000bb600000, 0x00000000bb600000|100%| O|  |TAMS 0x00000000bb500000| PB 0x00000000bb500000| Untracked 
| 182|0x00000000bb600000, 0x00000000bb700000, 0x00000000bb700000|100%| O|  |TAMS 0x00000000bb600000| PB 0x00000000bb600000| Untracked 
| 183|0x00000000bb700000, 0x00000000bb800000, 0x00000000bb800000|100%| O|  |TAMS 0x00000000bb700000| PB 0x00000000bb700000| Untracked 
| 184|0x00000000bb800000, 0x00000000bb900000, 0x00000000bb900000|100%| O|  |TAMS 0x00000000bb800000| PB 0x00000000bb800000| Untracked 
| 185|0x00000000bb900000, 0x00000000bba00000, 0x00000000bba00000|100%| O|  |TAMS 0x00000000bb900000| PB 0x00000000bb900000| Untracked 
| 186|0x00000000bba00000, 0x00000000bbb00000, 0x00000000bbb00000|100%| O|  |TAMS 0x00000000bba00000| PB 0x00000000bba00000| Untracked 
| 187|0x00000000bbb00000, 0x00000000bbc00000, 0x00000000bbc00000|100%| O|  |TAMS 0x00000000bbb00000| PB 0x00000000bbb00000| Untracked 
| 188|0x00000000bbc00000, 0x00000000bbd00000, 0x00000000bbd00000|100%| O|  |TAMS 0x00000000bbc00000| PB 0x00000000bbc00000| Untracked 
| 189|0x00000000bbd00000, 0x00000000bbe00000, 0x00000000bbe00000|100%| O|  |TAMS 0x00000000bbd00000| PB 0x00000000bbd00000| Untracked 
| 190|0x00000000bbe00000, 0x00000000bbf00000, 0x00000000bbf00000|100%| O|  |TAMS 0x00000000bbe00000| PB 0x00000000bbe00000| Untracked 
| 191|0x00000000bbf00000, 0x00000000bc000000, 0x00000000bc000000|100%| O|  |TAMS 0x00000000bbf00000| PB 0x00000000bbf00000| Untracked 
| 192|0x00000000bc000000, 0x00000000bc100000, 0x00000000bc100000|100%| O|  |TAMS 0x00000000bc000000| PB 0x00000000bc000000| Untracked 
| 193|0x00000000bc100000, 0x00000000bc200000, 0x00000000bc200000|100%| O|  |TAMS 0x00000000bc100000| PB 0x00000000bc100000| Untracked 
| 194|0x00000000bc200000, 0x00000000bc300000, 0x00000000bc300000|100%| O|  |TAMS 0x00000000bc200000| PB 0x00000000bc200000| Untracked 
| 195|0x00000000bc300000, 0x00000000bc400000, 0x00000000bc400000|100%| O|  |TAMS 0x00000000bc300000| PB 0x00000000bc300000| Untracked 
| 196|0x00000000bc400000, 0x00000000bc500000, 0x00000000bc500000|100%| O|  |TAMS 0x00000000bc400000| PB 0x00000000bc400000| Untracked 
| 197|0x00000000bc500000, 0x00000000bc600000, 0x00000000bc600000|100%| O|  |TAMS 0x00000000bc500000| PB 0x00000000bc500000| Untracked 
| 198|0x00000000bc600000, 0x00000000bc700000, 0x00000000bc700000|100%| O|  |TAMS 0x00000000bc600000| PB 0x00000000bc600000| Untracked 
| 199|0x00000000bc700000, 0x00000000bc700000, 0x00000000bc800000|  0%| F|  |TAMS 0x00000000bc700000| PB 0x00000000bc700000| Untracked 
| 200|0x00000000bc800000, 0x00000000bc900000, 0x00000000bc900000|100%| O|  |TAMS 0x00000000bc800000| PB 0x00000000bc800000| Untracked 
| 201|0x00000000bc900000, 0x00000000bca00000, 0x00000000bca00000|100%| O|  |TAMS 0x00000000bc900000| PB 0x00000000bc900000| Untracked 
| 202|0x00000000bca00000, 0x00000000bcb00000, 0x00000000bcb00000|100%| O|  |TAMS 0x00000000bca00000| PB 0x00000000bca00000| Untracked 
| 203|0x00000000bcb00000, 0x00000000bcc00000, 0x00000000bcc00000|100%| O|  |TAMS 0x00000000bcb00000| PB 0x00000000bcb00000| Untracked 
| 204|0x00000000bcc00000, 0x00000000bcd00000, 0x00000000bcd00000|100%| O|  |TAMS 0x00000000bcc00000| PB 0x00000000bcc00000| Untracked 
| 205|0x00000000bcd00000, 0x00000000bce00000, 0x00000000bce00000|100%|HS|  |TAMS 0x00000000bcd00000| PB 0x00000000bcd00000| Complete 
| 206|0x00000000bce00000, 0x00000000bcf00000, 0x00000000bcf00000|100%|HS|  |TAMS 0x00000000bce00000| PB 0x00000000bce00000| Complete 
| 207|0x00000000bcf00000, 0x00000000bd000000, 0x00000000bd000000|100%|HS|  |TAMS 0x00000000bcf00000| PB 0x00000000bcf00000| Complete 
| 208|0x00000000bd000000, 0x00000000bd100000, 0x00000000bd100000|100%| O|  |TAMS 0x00000000bd000000| PB 0x00000000bd000000| Untracked 
| 209|0x00000000bd100000, 0x00000000bd200000, 0x00000000bd200000|100%| O|  |TAMS 0x00000000bd100000| PB 0x00000000bd100000| Untracked 
| 210|0x00000000bd200000, 0x00000000bd300000, 0x00000000bd300000|100%| O|  |TAMS 0x00000000bd200000| PB 0x00000000bd200000| Untracked 
| 211|0x00000000bd300000, 0x00000000bd400000, 0x00000000bd400000|100%| O|  |TAMS 0x00000000bd300000| PB 0x00000000bd300000| Untracked 
| 212|0x00000000bd400000, 0x00000000bd500000, 0x00000000bd500000|100%| O|  |TAMS 0x00000000bd400000| PB 0x00000000bd400000| Untracked 
| 213|0x00000000bd500000, 0x00000000bd600000, 0x00000000bd600000|100%| O|  |TAMS 0x00000000bd500000| PB 0x00000000bd500000| Untracked 
| 214|0x00000000bd600000, 0x00000000bd700000, 0x00000000bd700000|100%| O|  |TAMS 0x00000000bd600000| PB 0x00000000bd600000| Untracked 
| 215|0x00000000bd700000, 0x00000000bd800000, 0x00000000bd800000|100%| O|  |TAMS 0x00000000bd700000| PB 0x00000000bd700000| Untracked 
| 216|0x00000000bd800000, 0x00000000bd900000, 0x00000000bd900000|100%| O|  |TAMS 0x00000000bd800000| PB 0x00000000bd800000| Untracked 
| 217|0x00000000bd900000, 0x00000000bda00000, 0x00000000bda00000|100%| O|  |TAMS 0x00000000bd900000| PB 0x00000000bd900000| Untracked 
| 218|0x00000000bda00000, 0x00000000bdb00000, 0x00000000bdb00000|100%| O|  |TAMS 0x00000000bda00000| PB 0x00000000bda00000| Untracked 
| 219|0x00000000bdb00000, 0x00000000bdc00000, 0x00000000bdc00000|100%| O|  |TAMS 0x00000000bdb00000| PB 0x00000000bdb00000| Untracked 
| 220|0x00000000bdc00000, 0x00000000bdd00000, 0x00000000bdd00000|100%|HS|  |TAMS 0x00000000bdc00000| PB 0x00000000bdc00000| Complete 
| 221|0x00000000bdd00000, 0x00000000bde00000, 0x00000000bde00000|100%|HS|  |TAMS 0x00000000bdd00000| PB 0x00000000bdd00000| Complete 
| 222|0x00000000bde00000, 0x00000000bdf00000, 0x00000000bdf00000|100%|HS|  |TAMS 0x00000000bde00000| PB 0x00000000bde00000| Complete 
| 223|0x00000000bdf00000, 0x00000000be000000, 0x00000000be000000|100%| O|  |TAMS 0x00000000bdf00000| PB 0x00000000bdf00000| Untracked 
| 224|0x00000000be000000, 0x00000000be100000, 0x00000000be100000|100%| O|  |TAMS 0x00000000be000000| PB 0x00000000be000000| Untracked 
| 225|0x00000000be100000, 0x00000000be200000, 0x00000000be200000|100%| O|  |TAMS 0x00000000be100000| PB 0x00000000be100000| Untracked 
| 226|0x00000000be200000, 0x00000000be300000, 0x00000000be300000|100%| O|  |TAMS 0x00000000be200000| PB 0x00000000be200000| Untracked 
| 227|0x00000000be300000, 0x00000000be400000, 0x00000000be400000|100%| O|  |TAMS 0x00000000be300000| PB 0x00000000be300000| Untracked 
| 228|0x00000000be400000, 0x00000000be500000, 0x00000000be500000|100%| O|  |TAMS 0x00000000be400000| PB 0x00000000be400000| Untracked 
| 229|0x00000000be500000, 0x00000000be600000, 0x00000000be600000|100%| O|  |TAMS 0x00000000be500000| PB 0x00000000be500000| Untracked 
| 230|0x00000000be600000, 0x00000000be700000, 0x00000000be700000|100%| O|  |TAMS 0x00000000be600000| PB 0x00000000be600000| Untracked 
| 231|0x00000000be700000, 0x00000000be800000, 0x00000000be800000|100%| O|  |TAMS 0x00000000be700000| PB 0x00000000be700000| Untracked 
| 232|0x00000000be800000, 0x00000000be900000, 0x00000000be900000|100%| O|  |TAMS 0x00000000be800000| PB 0x00000000be800000| Untracked 
| 233|0x00000000be900000, 0x00000000bea00000, 0x00000000bea00000|100%| O|  |TAMS 0x00000000be900000| PB 0x00000000be900000| Untracked 
| 234|0x00000000bea00000, 0x00000000beb00000, 0x00000000beb00000|100%| O|  |TAMS 0x00000000bea00000| PB 0x00000000bea00000| Untracked 
| 235|0x00000000beb00000, 0x00000000bec00000, 0x00000000bec00000|100%| O|  |TAMS 0x00000000beb00000| PB 0x00000000beb00000| Untracked 
| 236|0x00000000bec00000, 0x00000000bed00000, 0x00000000bed00000|100%| O|  |TAMS 0x00000000bec00000| PB 0x00000000bec00000| Untracked 
| 237|0x00000000bed00000, 0x00000000bee00000, 0x00000000bee00000|100%| O|  |TAMS 0x00000000bed00000| PB 0x00000000bed00000| Untracked 
| 238|0x00000000bee00000, 0x00000000bef00000, 0x00000000bef00000|100%| O|  |TAMS 0x00000000bee00000| PB 0x00000000bee00000| Untracked 
| 239|0x00000000bef00000, 0x00000000bf000000, 0x00000000bf000000|100%| O|  |TAMS 0x00000000bef00000| PB 0x00000000bef00000| Untracked 
| 240|0x00000000bf000000, 0x00000000bf100000, 0x00000000bf100000|100%| O|  |TAMS 0x00000000bf000000| PB 0x00000000bf000000| Untracked 
| 241|0x00000000bf100000, 0x00000000bf200000, 0x00000000bf200000|100%| O|  |TAMS 0x00000000bf100000| PB 0x00000000bf100000| Untracked 
| 242|0x00000000bf200000, 0x00000000bf300000, 0x00000000bf300000|100%| O|  |TAMS 0x00000000bf200000| PB 0x00000000bf200000| Untracked 
| 243|0x00000000bf300000, 0x00000000bf400000, 0x00000000bf400000|100%| O|  |TAMS 0x00000000bf300000| PB 0x00000000bf300000| Untracked 
| 244|0x00000000bf400000, 0x00000000bf500000, 0x00000000bf500000|100%|HS|  |TAMS 0x00000000bf400000| PB 0x00000000bf400000| Complete 
| 245|0x00000000bf500000, 0x00000000bf600000, 0x00000000bf600000|100%|HS|  |TAMS 0x00000000bf500000| PB 0x00000000bf500000| Complete 
| 246|0x00000000bf600000, 0x00000000bf600000, 0x00000000bf700000|  0%| F|  |TAMS 0x00000000bf600000| PB 0x00000000bf600000| Untracked 
| 247|0x00000000bf700000, 0x00000000bf800000, 0x00000000bf800000|100%|HS|  |TAMS 0x00000000bf700000| PB 0x00000000bf700000| Complete 
| 248|0x00000000bf800000, 0x00000000bf900000, 0x00000000bf900000|100%|HC|  |TAMS 0x00000000bf800000| PB 0x00000000bf800000| Complete 
| 249|0x00000000bf900000, 0x00000000bfa00000, 0x00000000bfa00000|100%| O|  |TAMS 0x00000000bf900000| PB 0x00000000bf900000| Untracked 
| 250|0x00000000bfa00000, 0x00000000bfb00000, 0x00000000bfb00000|100%| O|  |TAMS 0x00000000bfa00000| PB 0x00000000bfa00000| Untracked 
| 251|0x00000000bfb00000, 0x00000000bfc00000, 0x00000000bfc00000|100%| O|  |TAMS 0x00000000bfb00000| PB 0x00000000bfb00000| Untracked 
| 252|0x00000000bfc00000, 0x00000000bfc00000, 0x00000000bfd00000|  0%| F|  |TAMS 0x00000000bfc00000| PB 0x00000000bfc00000| Untracked 
| 253|0x00000000bfd00000, 0x00000000bfe00000, 0x00000000bfe00000|100%| O|  |TAMS 0x00000000bfd00000| PB 0x00000000bfd00000| Untracked 
| 254|0x00000000bfe00000, 0x00000000bff00000, 0x00000000bff00000|100%| O|  |TAMS 0x00000000bfe00000| PB 0x00000000bfe00000| Untracked 
| 255|0x00000000bff00000, 0x00000000c0000000, 0x00000000c0000000|100%| O|  |TAMS 0x00000000bff00000| PB 0x00000000bff00000| Untracked 
| 256|0x00000000c0000000, 0x00000000c0100000, 0x00000000c0100000|100%| O|  |TAMS 0x00000000c0000000| PB 0x00000000c0000000| Untracked 
| 257|0x00000000c0100000, 0x00000000c0200000, 0x00000000c0200000|100%| O|  |TAMS 0x00000000c0100000| PB 0x00000000c0100000| Untracked 
| 258|0x00000000c0200000, 0x00000000c0300000, 0x00000000c0300000|100%|HS|  |TAMS 0x00000000c0200000| PB 0x00000000c0200000| Complete 
| 259|0x00000000c0300000, 0x00000000c0400000, 0x00000000c0400000|100%| O|  |TAMS 0x00000000c0300000| PB 0x00000000c0300000| Untracked 
| 260|0x00000000c0400000, 0x00000000c0500000, 0x00000000c0500000|100%| O|  |TAMS 0x00000000c0400000| PB 0x00000000c0400000| Untracked 
| 261|0x00000000c0500000, 0x00000000c057ce60, 0x00000000c0600000| 48%| O|  |TAMS 0x00000000c0500000| PB 0x00000000c0500000| Untracked 
| 262|0x00000000c0600000, 0x00000000c0600000, 0x00000000c0700000|  0%| F|  |TAMS 0x00000000c0600000| PB 0x00000000c0600000| Untracked 
| 263|0x00000000c0700000, 0x00000000c0700000, 0x00000000c0800000|  0%| F|  |TAMS 0x00000000c0700000| PB 0x00000000c0700000| Untracked 
| 264|0x00000000c0800000, 0x00000000c0800000, 0x00000000c0900000|  0%| F|  |TAMS 0x00000000c0800000| PB 0x00000000c0800000| Untracked 
| 265|0x00000000c0900000, 0x00000000c0900000, 0x00000000c0a00000|  0%| F|  |TAMS 0x00000000c0900000| PB 0x00000000c0900000| Untracked 
| 266|0x00000000c0a00000, 0x00000000c0b00000, 0x00000000c0b00000|100%| O|  |TAMS 0x00000000c0a00000| PB 0x00000000c0a00000| Untracked 
| 267|0x00000000c0b00000, 0x00000000c0b00000, 0x00000000c0c00000|  0%| F|  |TAMS 0x00000000c0b00000| PB 0x00000000c0b00000| Untracked 
| 268|0x00000000c0c00000, 0x00000000c0c00000, 0x00000000c0d00000|  0%| F|  |TAMS 0x00000000c0c00000| PB 0x00000000c0c00000| Untracked 
| 269|0x00000000c0d00000, 0x00000000c0d00000, 0x00000000c0e00000|  0%| F|  |TAMS 0x00000000c0d00000| PB 0x00000000c0d00000| Untracked 
| 270|0x00000000c0e00000, 0x00000000c0e00000, 0x00000000c0f00000|  0%| F|  |TAMS 0x00000000c0e00000| PB 0x00000000c0e00000| Untracked 
| 271|0x00000000c0f00000, 0x00000000c0f00000, 0x00000000c1000000|  0%| F|  |TAMS 0x00000000c0f00000| PB 0x00000000c0f00000| Untracked 
| 272|0x00000000c1000000, 0x00000000c1000000, 0x00000000c1100000|  0%| F|  |TAMS 0x00000000c1000000| PB 0x00000000c1000000| Untracked 
| 273|0x00000000c1100000, 0x00000000c1100000, 0x00000000c1200000|  0%| F|  |TAMS 0x00000000c1100000| PB 0x00000000c1100000| Untracked 
| 274|0x00000000c1200000, 0x00000000c1200000, 0x00000000c1300000|  0%| F|  |TAMS 0x00000000c1200000| PB 0x00000000c1200000| Untracked 
| 275|0x00000000c1300000, 0x00000000c1300000, 0x00000000c1400000|  0%| F|  |TAMS 0x00000000c1300000| PB 0x00000000c1300000| Untracked 
| 276|0x00000000c1400000, 0x00000000c1400000, 0x00000000c1500000|  0%| F|  |TAMS 0x00000000c1400000| PB 0x00000000c1400000| Untracked 
| 277|0x00000000c1500000, 0x00000000c1500000, 0x00000000c1600000|  0%| F|  |TAMS 0x00000000c1500000| PB 0x00000000c1500000| Untracked 
| 278|0x00000000c1600000, 0x00000000c1700000, 0x00000000c1700000|100%| O|  |TAMS 0x00000000c1600000| PB 0x00000000c1600000| Untracked 
| 279|0x00000000c1700000, 0x00000000c1800000, 0x00000000c1800000|100%| O|  |TAMS 0x00000000c1700000| PB 0x00000000c1700000| Untracked 
| 280|0x00000000c1800000, 0x00000000c1900000, 0x00000000c1900000|100%| O|  |TAMS 0x00000000c1800000| PB 0x00000000c1800000| Untracked 
| 281|0x00000000c1900000, 0x00000000c1a00000, 0x00000000c1a00000|100%| O|  |TAMS 0x00000000c1900000| PB 0x00000000c1900000| Untracked 
| 282|0x00000000c1a00000, 0x00000000c1b00000, 0x00000000c1b00000|100%| O|  |TAMS 0x00000000c1a00000| PB 0x00000000c1a00000| Untracked 
| 283|0x00000000c1b00000, 0x00000000c1c00000, 0x00000000c1c00000|100%| O|  |TAMS 0x00000000c1b00000| PB 0x00000000c1b00000| Untracked 
| 284|0x00000000c1c00000, 0x00000000c1d00000, 0x00000000c1d00000|100%| O|  |TAMS 0x00000000c1c00000| PB 0x00000000c1c00000| Untracked 
| 285|0x00000000c1d00000, 0x00000000c1e00000, 0x00000000c1e00000|100%| O|  |TAMS 0x00000000c1d00000| PB 0x00000000c1d00000| Untracked 
| 286|0x00000000c1e00000, 0x00000000c1f00000, 0x00000000c1f00000|100%| O|  |TAMS 0x00000000c1e00000| PB 0x00000000c1e00000| Untracked 
| 287|0x00000000c1f00000, 0x00000000c2000000, 0x00000000c2000000|100%| O|  |TAMS 0x00000000c1f00000| PB 0x00000000c1f00000| Untracked 
| 288|0x00000000c2000000, 0x00000000c2100000, 0x00000000c2100000|100%| O|  |TAMS 0x00000000c2000000| PB 0x00000000c2000000| Untracked 
| 289|0x00000000c2100000, 0x00000000c2200000, 0x00000000c2200000|100%| O|  |TAMS 0x00000000c2100000| PB 0x00000000c2100000| Untracked 
| 290|0x00000000c2200000, 0x00000000c2300000, 0x00000000c2300000|100%| O|  |TAMS 0x00000000c2200000| PB 0x00000000c2200000| Untracked 
| 291|0x00000000c2300000, 0x00000000c2400000, 0x00000000c2400000|100%| O|  |TAMS 0x00000000c2300000| PB 0x00000000c2300000| Untracked 
| 292|0x00000000c2400000, 0x00000000c2500000, 0x00000000c2500000|100%| O|  |TAMS 0x00000000c2400000| PB 0x00000000c2400000| Untracked 
| 293|0x00000000c2500000, 0x00000000c2600000, 0x00000000c2600000|100%| O|  |TAMS 0x00000000c2500000| PB 0x00000000c2500000| Untracked 
| 294|0x00000000c2600000, 0x00000000c2700000, 0x00000000c2700000|100%| O|  |TAMS 0x00000000c2600000| PB 0x00000000c2600000| Untracked 
| 295|0x00000000c2700000, 0x00000000c2800000, 0x00000000c2800000|100%| O|  |TAMS 0x00000000c2700000| PB 0x00000000c2700000| Untracked 
| 296|0x00000000c2800000, 0x00000000c2800000, 0x00000000c2900000|  0%| F|  |TAMS 0x00000000c2800000| PB 0x00000000c2800000| Untracked 
| 297|0x00000000c2900000, 0x00000000c2900000, 0x00000000c2a00000|  0%| F|  |TAMS 0x00000000c2900000| PB 0x00000000c2900000| Untracked 
| 298|0x00000000c2a00000, 0x00000000c2b00000, 0x00000000c2b00000|100%| O|  |TAMS 0x00000000c2a00000| PB 0x00000000c2a00000| Untracked 
| 299|0x00000000c2b00000, 0x00000000c2b00000, 0x00000000c2c00000|  0%| F|  |TAMS 0x00000000c2b00000| PB 0x00000000c2b00000| Untracked 
| 300|0x00000000c2c00000, 0x00000000c2c00000, 0x00000000c2d00000|  0%| F|  |TAMS 0x00000000c2c00000| PB 0x00000000c2c00000| Untracked 
| 301|0x00000000c2d00000, 0x00000000c2d00000, 0x00000000c2e00000|  0%| F|  |TAMS 0x00000000c2d00000| PB 0x00000000c2d00000| Untracked 
| 302|0x00000000c2e00000, 0x00000000c2e00000, 0x00000000c2f00000|  0%| F|  |TAMS 0x00000000c2e00000| PB 0x00000000c2e00000| Untracked 
| 303|0x00000000c2f00000, 0x00000000c2f00000, 0x00000000c3000000|  0%| F|  |TAMS 0x00000000c2f00000| PB 0x00000000c2f00000| Untracked 
| 304|0x00000000c3000000, 0x00000000c3000000, 0x00000000c3100000|  0%| F|  |TAMS 0x00000000c3000000| PB 0x00000000c3000000| Untracked 
| 305|0x00000000c3100000, 0x00000000c3100000, 0x00000000c3200000|  0%| F|  |TAMS 0x00000000c3100000| PB 0x00000000c3100000| Untracked 
| 306|0x00000000c3200000, 0x00000000c3200000, 0x00000000c3300000|  0%| F|  |TAMS 0x00000000c3200000| PB 0x00000000c3200000| Untracked 
| 307|0x00000000c3300000, 0x00000000c3300000, 0x00000000c3400000|  0%| F|  |TAMS 0x00000000c3300000| PB 0x00000000c3300000| Untracked 
| 308|0x00000000c3400000, 0x00000000c3400000, 0x00000000c3500000|  0%| F|  |TAMS 0x00000000c3400000| PB 0x00000000c3400000| Untracked 
| 309|0x00000000c3500000, 0x00000000c3500000, 0x00000000c3600000|  0%| F|  |TAMS 0x00000000c3500000| PB 0x00000000c3500000| Untracked 
| 310|0x00000000c3600000, 0x00000000c3600000, 0x00000000c3700000|  0%| F|  |TAMS 0x00000000c3600000| PB 0x00000000c3600000| Untracked 
| 311|0x00000000c3700000, 0x00000000c3700000, 0x00000000c3800000|  0%| F|  |TAMS 0x00000000c3700000| PB 0x00000000c3700000| Untracked 
| 312|0x00000000c3800000, 0x00000000c3800000, 0x00000000c3900000|  0%| F|  |TAMS 0x00000000c3800000| PB 0x00000000c3800000| Untracked 
| 313|0x00000000c3900000, 0x00000000c3900000, 0x00000000c3a00000|  0%| F|  |TAMS 0x00000000c3900000| PB 0x00000000c3900000| Untracked 
| 314|0x00000000c3a00000, 0x00000000c3a00000, 0x00000000c3b00000|  0%| F|  |TAMS 0x00000000c3a00000| PB 0x00000000c3a00000| Untracked 
| 315|0x00000000c3b00000, 0x00000000c3b00000, 0x00000000c3c00000|  0%| F|  |TAMS 0x00000000c3b00000| PB 0x00000000c3b00000| Untracked 
| 316|0x00000000c3c00000, 0x00000000c3c00000, 0x00000000c3d00000|  0%| F|  |TAMS 0x00000000c3c00000| PB 0x00000000c3c00000| Untracked 
| 317|0x00000000c3d00000, 0x00000000c3d00000, 0x00000000c3e00000|  0%| F|  |TAMS 0x00000000c3d00000| PB 0x00000000c3d00000| Untracked 
| 318|0x00000000c3e00000, 0x00000000c3e00000, 0x00000000c3f00000|  0%| F|  |TAMS 0x00000000c3e00000| PB 0x00000000c3e00000| Untracked 
| 319|0x00000000c3f00000, 0x00000000c3f00000, 0x00000000c4000000|  0%| F|  |TAMS 0x00000000c3f00000| PB 0x00000000c3f00000| Untracked 
| 320|0x00000000c4000000, 0x00000000c4000000, 0x00000000c4100000|  0%| F|  |TAMS 0x00000000c4000000| PB 0x00000000c4000000| Untracked 
| 321|0x00000000c4100000, 0x00000000c4100000, 0x00000000c4200000|  0%| F|  |TAMS 0x00000000c4100000| PB 0x00000000c4100000| Untracked 
| 322|0x00000000c4200000, 0x00000000c4300000, 0x00000000c4300000|100%| S|CS|TAMS 0x00000000c4200000| PB 0x00000000c4200000| Complete 
| 323|0x00000000c4300000, 0x00000000c4400000, 0x00000000c4400000|100%| S|CS|TAMS 0x00000000c4300000| PB 0x00000000c4300000| Complete 
| 324|0x00000000c4400000, 0x00000000c4500000, 0x00000000c4500000|100%| S|CS|TAMS 0x00000000c4400000| PB 0x00000000c4400000| Complete 
| 325|0x00000000c4500000, 0x00000000c4600000, 0x00000000c4600000|100%| S|CS|TAMS 0x00000000c4500000| PB 0x00000000c4500000| Complete 
| 326|0x00000000c4600000, 0x00000000c4700000, 0x00000000c4700000|100%| S|CS|TAMS 0x00000000c4600000| PB 0x00000000c4600000| Complete 
| 327|0x00000000c4700000, 0x00000000c4800000, 0x00000000c4800000|100%| S|CS|TAMS 0x00000000c4700000| PB 0x00000000c4700000| Complete 
| 328|0x00000000c4800000, 0x00000000c4900000, 0x00000000c4900000|100%| S|CS|TAMS 0x00000000c4800000| PB 0x00000000c4800000| Complete 
| 329|0x00000000c4900000, 0x00000000c4a00000, 0x00000000c4a00000|100%| S|CS|TAMS 0x00000000c4900000| PB 0x00000000c4900000| Complete 
| 330|0x00000000c4a00000, 0x00000000c4b00000, 0x00000000c4b00000|100%| S|CS|TAMS 0x00000000c4a00000| PB 0x00000000c4a00000| Complete 
| 331|0x00000000c4b00000, 0x00000000c4c00000, 0x00000000c4c00000|100%| S|CS|TAMS 0x00000000c4b00000| PB 0x00000000c4b00000| Complete 
| 332|0x00000000c4c00000, 0x00000000c4d00000, 0x00000000c4d00000|100%| S|CS|TAMS 0x00000000c4c00000| PB 0x00000000c4c00000| Complete 
| 333|0x00000000c4d00000, 0x00000000c4d00000, 0x00000000c4e00000|  0%| F|  |TAMS 0x00000000c4d00000| PB 0x00000000c4d00000| Untracked 
| 334|0x00000000c4e00000, 0x00000000c4e00000, 0x00000000c4f00000|  0%| F|  |TAMS 0x00000000c4e00000| PB 0x00000000c4e00000| Untracked 
| 335|0x00000000c4f00000, 0x00000000c4f00000, 0x00000000c5000000|  0%| F|  |TAMS 0x00000000c4f00000| PB 0x00000000c4f00000| Untracked 
| 336|0x00000000c5000000, 0x00000000c5000000, 0x00000000c5100000|  0%| F|  |TAMS 0x00000000c5000000| PB 0x00000000c5000000| Untracked 
| 337|0x00000000c5100000, 0x00000000c5100000, 0x00000000c5200000|  0%| F|  |TAMS 0x00000000c5100000| PB 0x00000000c5100000| Untracked 
| 338|0x00000000c5200000, 0x00000000c5200000, 0x00000000c5300000|  0%| F|  |TAMS 0x00000000c5200000| PB 0x00000000c5200000| Untracked 
| 339|0x00000000c5300000, 0x00000000c5300000, 0x00000000c5400000|  0%| F|  |TAMS 0x00000000c5300000| PB 0x00000000c5300000| Untracked 
| 340|0x00000000c5400000, 0x00000000c5400000, 0x00000000c5500000|  0%| F|  |TAMS 0x00000000c5400000| PB 0x00000000c5400000| Untracked 
| 341|0x00000000c5500000, 0x00000000c5500000, 0x00000000c5600000|  0%| F|  |TAMS 0x00000000c5500000| PB 0x00000000c5500000| Untracked 
| 342|0x00000000c5600000, 0x00000000c5600000, 0x00000000c5700000|  0%| F|  |TAMS 0x00000000c5600000| PB 0x00000000c5600000| Untracked 
| 343|0x00000000c5700000, 0x00000000c5700000, 0x00000000c5800000|  0%| F|  |TAMS 0x00000000c5700000| PB 0x00000000c5700000| Untracked 
| 344|0x00000000c5800000, 0x00000000c5800000, 0x00000000c5900000|  0%| F|  |TAMS 0x00000000c5800000| PB 0x00000000c5800000| Untracked 
| 345|0x00000000c5900000, 0x00000000c5900000, 0x00000000c5a00000|  0%| F|  |TAMS 0x00000000c5900000| PB 0x00000000c5900000| Untracked 
| 346|0x00000000c5a00000, 0x00000000c5a00000, 0x00000000c5b00000|  0%| F|  |TAMS 0x00000000c5a00000| PB 0x00000000c5a00000| Untracked 
| 347|0x00000000c5b00000, 0x00000000c5b00000, 0x00000000c5c00000|  0%| F|  |TAMS 0x00000000c5b00000| PB 0x00000000c5b00000| Untracked 
| 348|0x00000000c5c00000, 0x00000000c5c00000, 0x00000000c5d00000|  0%| F|  |TAMS 0x00000000c5c00000| PB 0x00000000c5c00000| Untracked 
| 349|0x00000000c5d00000, 0x00000000c5d00000, 0x00000000c5e00000|  0%| F|  |TAMS 0x00000000c5d00000| PB 0x00000000c5d00000| Untracked 
| 350|0x00000000c5e00000, 0x00000000c5e00000, 0x00000000c5f00000|  0%| F|  |TAMS 0x00000000c5e00000| PB 0x00000000c5e00000| Untracked 
| 351|0x00000000c5f00000, 0x00000000c5f00000, 0x00000000c6000000|  0%| F|  |TAMS 0x00000000c5f00000| PB 0x00000000c5f00000| Untracked 
| 352|0x00000000c6000000, 0x00000000c6000000, 0x00000000c6100000|  0%| F|  |TAMS 0x00000000c6000000| PB 0x00000000c6000000| Untracked 
| 353|0x00000000c6100000, 0x00000000c6100000, 0x00000000c6200000|  0%| F|  |TAMS 0x00000000c6100000| PB 0x00000000c6100000| Untracked 
| 354|0x00000000c6200000, 0x00000000c6200000, 0x00000000c6300000|  0%| F|  |TAMS 0x00000000c6200000| PB 0x00000000c6200000| Untracked 
| 355|0x00000000c6300000, 0x00000000c6300000, 0x00000000c6400000|  0%| F|  |TAMS 0x00000000c6300000| PB 0x00000000c6300000| Untracked 
| 356|0x00000000c6400000, 0x00000000c6400000, 0x00000000c6500000|  0%| F|  |TAMS 0x00000000c6400000| PB 0x00000000c6400000| Untracked 
| 357|0x00000000c6500000, 0x00000000c6500000, 0x00000000c6600000|  0%| F|  |TAMS 0x00000000c6500000| PB 0x00000000c6500000| Untracked 
| 358|0x00000000c6600000, 0x00000000c6600000, 0x00000000c6700000|  0%| F|  |TAMS 0x00000000c6600000| PB 0x00000000c6600000| Untracked 
| 359|0x00000000c6700000, 0x00000000c6700000, 0x00000000c6800000|  0%| F|  |TAMS 0x00000000c6700000| PB 0x00000000c6700000| Untracked 
| 360|0x00000000c6800000, 0x00000000c6800000, 0x00000000c6900000|  0%| F|  |TAMS 0x00000000c6800000| PB 0x00000000c6800000| Untracked 
| 361|0x00000000c6900000, 0x00000000c6900000, 0x00000000c6a00000|  0%| F|  |TAMS 0x00000000c6900000| PB 0x00000000c6900000| Untracked 
| 362|0x00000000c6a00000, 0x00000000c6a00000, 0x00000000c6b00000|  0%| F|  |TAMS 0x00000000c6a00000| PB 0x00000000c6a00000| Untracked 
| 363|0x00000000c6b00000, 0x00000000c6b00000, 0x00000000c6c00000|  0%| F|  |TAMS 0x00000000c6b00000| PB 0x00000000c6b00000| Untracked 
| 364|0x00000000c6c00000, 0x00000000c6c00000, 0x00000000c6d00000|  0%| F|  |TAMS 0x00000000c6c00000| PB 0x00000000c6c00000| Untracked 
| 365|0x00000000c6d00000, 0x00000000c6d00000, 0x00000000c6e00000|  0%| F|  |TAMS 0x00000000c6d00000| PB 0x00000000c6d00000| Untracked 
| 366|0x00000000c6e00000, 0x00000000c6e00000, 0x00000000c6f00000|  0%| F|  |TAMS 0x00000000c6e00000| PB 0x00000000c6e00000| Untracked 
| 367|0x00000000c6f00000, 0x00000000c6f00000, 0x00000000c7000000|  0%| F|  |TAMS 0x00000000c6f00000| PB 0x00000000c6f00000| Untracked 
| 368|0x00000000c7000000, 0x00000000c7000000, 0x00000000c7100000|  0%| F|  |TAMS 0x00000000c7000000| PB 0x00000000c7000000| Untracked 
| 369|0x00000000c7100000, 0x00000000c7100000, 0x00000000c7200000|  0%| F|  |TAMS 0x00000000c7100000| PB 0x00000000c7100000| Untracked 
| 370|0x00000000c7200000, 0x00000000c7200000, 0x00000000c7300000|  0%| F|  |TAMS 0x00000000c7200000| PB 0x00000000c7200000| Untracked 
| 371|0x00000000c7300000, 0x00000000c7300000, 0x00000000c7400000|  0%| F|  |TAMS 0x00000000c7300000| PB 0x00000000c7300000| Untracked 
| 372|0x00000000c7400000, 0x00000000c7400000, 0x00000000c7500000|  0%| F|  |TAMS 0x00000000c7400000| PB 0x00000000c7400000| Untracked 
| 373|0x00000000c7500000, 0x00000000c7500000, 0x00000000c7600000|  0%| F|  |TAMS 0x00000000c7500000| PB 0x00000000c7500000| Untracked 
| 374|0x00000000c7600000, 0x00000000c7600000, 0x00000000c7700000|  0%| F|  |TAMS 0x00000000c7600000| PB 0x00000000c7600000| Untracked 
| 375|0x00000000c7700000, 0x00000000c7700000, 0x00000000c7800000|  0%| F|  |TAMS 0x00000000c7700000| PB 0x00000000c7700000| Untracked 
| 376|0x00000000c7800000, 0x00000000c7800000, 0x00000000c7900000|  0%| F|  |TAMS 0x00000000c7800000| PB 0x00000000c7800000| Untracked 
| 377|0x00000000c7900000, 0x00000000c7900000, 0x00000000c7a00000|  0%| F|  |TAMS 0x00000000c7900000| PB 0x00000000c7900000| Untracked 
| 378|0x00000000c7a00000, 0x00000000c7a00000, 0x00000000c7b00000|  0%| F|  |TAMS 0x00000000c7a00000| PB 0x00000000c7a00000| Untracked 
| 379|0x00000000c7b00000, 0x00000000c7b00000, 0x00000000c7c00000|  0%| F|  |TAMS 0x00000000c7b00000| PB 0x00000000c7b00000| Untracked 
| 380|0x00000000c7c00000, 0x00000000c7c80a60, 0x00000000c7d00000| 50%| E|  |TAMS 0x00000000c7c00000| PB 0x00000000c7c00000| Complete 
| 381|0x00000000c7d00000, 0x00000000c7e00000, 0x00000000c7e00000|100%| E|CS|TAMS 0x00000000c7d00000| PB 0x00000000c7d00000| Complete 
| 382|0x00000000c7e00000, 0x00000000c7f00000, 0x00000000c7f00000|100%| E|CS|TAMS 0x00000000c7e00000| PB 0x00000000c7e00000| Complete 
| 383|0x00000000c7f00000, 0x00000000c8000000, 0x00000000c8000000|100%| E|CS|TAMS 0x00000000c7f00000| PB 0x00000000c7f00000| Complete 
| 384|0x00000000c8000000, 0x00000000c8100000, 0x00000000c8100000|100%| E|CS|TAMS 0x00000000c8000000| PB 0x00000000c8000000| Complete 
| 385|0x00000000c8100000, 0x00000000c8200000, 0x00000000c8200000|100%| E|CS|TAMS 0x00000000c8100000| PB 0x00000000c8100000| Complete 
| 386|0x00000000c8200000, 0x00000000c8300000, 0x00000000c8300000|100%| E|CS|TAMS 0x00000000c8200000| PB 0x00000000c8200000| Complete 
| 387|0x00000000c8300000, 0x00000000c8400000, 0x00000000c8400000|100%| E|CS|TAMS 0x00000000c8300000| PB 0x00000000c8300000| Complete 
| 388|0x00000000c8400000, 0x00000000c8500000, 0x00000000c8500000|100%| E|CS|TAMS 0x00000000c8400000| PB 0x00000000c8400000| Complete 
| 389|0x00000000c8500000, 0x00000000c8600000, 0x00000000c8600000|100%| E|CS|TAMS 0x00000000c8500000| PB 0x00000000c8500000| Complete 
| 390|0x00000000c8600000, 0x00000000c8700000, 0x00000000c8700000|100%| E|CS|TAMS 0x00000000c8600000| PB 0x00000000c8600000| Complete 
| 391|0x00000000c8700000, 0x00000000c8800000, 0x00000000c8800000|100%| E|CS|TAMS 0x00000000c8700000| PB 0x00000000c8700000| Complete 
| 392|0x00000000c8800000, 0x00000000c8900000, 0x00000000c8900000|100%| E|CS|TAMS 0x00000000c8800000| PB 0x00000000c8800000| Complete 
| 393|0x00000000c8900000, 0x00000000c8a00000, 0x00000000c8a00000|100%| E|CS|TAMS 0x00000000c8900000| PB 0x00000000c8900000| Complete 
| 394|0x00000000c8a00000, 0x00000000c8b00000, 0x00000000c8b00000|100%| E|CS|TAMS 0x00000000c8a00000| PB 0x00000000c8a00000| Complete 
| 395|0x00000000c8b00000, 0x00000000c8c00000, 0x00000000c8c00000|100%| E|CS|TAMS 0x00000000c8b00000| PB 0x00000000c8b00000| Complete 
| 396|0x00000000c8c00000, 0x00000000c8d00000, 0x00000000c8d00000|100%| E|CS|TAMS 0x00000000c8c00000| PB 0x00000000c8c00000| Complete 
| 397|0x00000000c8d00000, 0x00000000c8e00000, 0x00000000c8e00000|100%| E|CS|TAMS 0x00000000c8d00000| PB 0x00000000c8d00000| Complete 
| 398|0x00000000c8e00000, 0x00000000c8f00000, 0x00000000c8f00000|100%| E|CS|TAMS 0x00000000c8e00000| PB 0x00000000c8e00000| Complete 
| 399|0x00000000c8f00000, 0x00000000c9000000, 0x00000000c9000000|100%| E|CS|TAMS 0x00000000c8f00000| PB 0x00000000c8f00000| Complete 
| 400|0x00000000c9000000, 0x00000000c9100000, 0x00000000c9100000|100%| E|CS|TAMS 0x00000000c9000000| PB 0x00000000c9000000| Complete 
| 401|0x00000000c9100000, 0x00000000c9200000, 0x00000000c9200000|100%| E|CS|TAMS 0x00000000c9100000| PB 0x00000000c9100000| Complete 
| 402|0x00000000c9200000, 0x00000000c9300000, 0x00000000c9300000|100%| E|CS|TAMS 0x00000000c9200000| PB 0x00000000c9200000| Complete 
| 403|0x00000000c9300000, 0x00000000c9400000, 0x00000000c9400000|100%| E|CS|TAMS 0x00000000c9300000| PB 0x00000000c9300000| Complete 
| 404|0x00000000c9400000, 0x00000000c9500000, 0x00000000c9500000|100%| E|CS|TAMS 0x00000000c9400000| PB 0x00000000c9400000| Complete 
| 405|0x00000000c9500000, 0x00000000c9600000, 0x00000000c9600000|100%| E|CS|TAMS 0x00000000c9500000| PB 0x00000000c9500000| Complete 
| 406|0x00000000c9600000, 0x00000000c9700000, 0x00000000c9700000|100%| E|CS|TAMS 0x00000000c9600000| PB 0x00000000c9600000| Complete 
| 407|0x00000000c9700000, 0x00000000c9800000, 0x00000000c9800000|100%| E|CS|TAMS 0x00000000c9700000| PB 0x00000000c9700000| Complete 
| 408|0x00000000c9800000, 0x00000000c9900000, 0x00000000c9900000|100%| E|CS|TAMS 0x00000000c9800000| PB 0x00000000c9800000| Complete 
| 409|0x00000000c9900000, 0x00000000c9a00000, 0x00000000c9a00000|100%| E|CS|TAMS 0x00000000c9900000| PB 0x00000000c9900000| Complete 
| 410|0x00000000c9a00000, 0x00000000c9b00000, 0x00000000c9b00000|100%| E|CS|TAMS 0x00000000c9a00000| PB 0x00000000c9a00000| Complete 
| 411|0x00000000c9b00000, 0x00000000c9c00000, 0x00000000c9c00000|100%| E|CS|TAMS 0x00000000c9b00000| PB 0x00000000c9b00000| Complete 
| 412|0x00000000c9c00000, 0x00000000c9d00000, 0x00000000c9d00000|100%| E|CS|TAMS 0x00000000c9c00000| PB 0x00000000c9c00000| Complete 
| 413|0x00000000c9d00000, 0x00000000c9e00000, 0x00000000c9e00000|100%| E|CS|TAMS 0x00000000c9d00000| PB 0x00000000c9d00000| Complete 
| 414|0x00000000c9e00000, 0x00000000c9f00000, 0x00000000c9f00000|100%| E|CS|TAMS 0x00000000c9e00000| PB 0x00000000c9e00000| Complete 
| 415|0x00000000c9f00000, 0x00000000ca000000, 0x00000000ca000000|100%| E|CS|TAMS 0x00000000c9f00000| PB 0x00000000c9f00000| Complete 
| 416|0x00000000ca000000, 0x00000000ca100000, 0x00000000ca100000|100%| E|CS|TAMS 0x00000000ca000000| PB 0x00000000ca000000| Complete 
| 417|0x00000000ca100000, 0x00000000ca200000, 0x00000000ca200000|100%| E|CS|TAMS 0x00000000ca100000| PB 0x00000000ca100000| Complete 
| 418|0x00000000ca200000, 0x00000000ca300000, 0x00000000ca300000|100%| E|CS|TAMS 0x00000000ca200000| PB 0x00000000ca200000| Complete 
| 419|0x00000000ca300000, 0x00000000ca400000, 0x00000000ca400000|100%| E|CS|TAMS 0x00000000ca300000| PB 0x00000000ca300000| Complete 
| 420|0x00000000ca400000, 0x00000000ca500000, 0x00000000ca500000|100%| E|CS|TAMS 0x00000000ca400000| PB 0x00000000ca400000| Complete 
| 421|0x00000000ca500000, 0x00000000ca600000, 0x00000000ca600000|100%| E|CS|TAMS 0x00000000ca500000| PB 0x00000000ca500000| Complete 
| 422|0x00000000ca600000, 0x00000000ca700000, 0x00000000ca700000|100%| E|CS|TAMS 0x00000000ca600000| PB 0x00000000ca600000| Complete 
| 423|0x00000000ca700000, 0x00000000ca800000, 0x00000000ca800000|100%| E|CS|TAMS 0x00000000ca700000| PB 0x00000000ca700000| Complete 
| 424|0x00000000ca800000, 0x00000000ca900000, 0x00000000ca900000|100%| E|CS|TAMS 0x00000000ca800000| PB 0x00000000ca800000| Complete 
| 425|0x00000000ca900000, 0x00000000caa00000, 0x00000000caa00000|100%| E|CS|TAMS 0x00000000ca900000| PB 0x00000000ca900000| Complete 
| 426|0x00000000caa00000, 0x00000000cab00000, 0x00000000cab00000|100%| E|CS|TAMS 0x00000000caa00000| PB 0x00000000caa00000| Complete 
| 427|0x00000000cab00000, 0x00000000cac00000, 0x00000000cac00000|100%| E|CS|TAMS 0x00000000cab00000| PB 0x00000000cab00000| Complete 
| 428|0x00000000cac00000, 0x00000000cad00000, 0x00000000cad00000|100%| E|CS|TAMS 0x00000000cac00000| PB 0x00000000cac00000| Complete 
| 429|0x00000000cad00000, 0x00000000cae00000, 0x00000000cae00000|100%| E|CS|TAMS 0x00000000cad00000| PB 0x00000000cad00000| Complete 
| 430|0x00000000cae00000, 0x00000000caf00000, 0x00000000caf00000|100%| E|CS|TAMS 0x00000000cae00000| PB 0x00000000cae00000| Complete 
| 431|0x00000000caf00000, 0x00000000cb000000, 0x00000000cb000000|100%| E|CS|TAMS 0x00000000caf00000| PB 0x00000000caf00000| Complete 
| 432|0x00000000cb000000, 0x00000000cb100000, 0x00000000cb100000|100%| E|CS|TAMS 0x00000000cb000000| PB 0x00000000cb000000| Complete 
| 433|0x00000000cb100000, 0x00000000cb200000, 0x00000000cb200000|100%| E|CS|TAMS 0x00000000cb100000| PB 0x00000000cb100000| Complete 
| 434|0x00000000cb200000, 0x00000000cb300000, 0x00000000cb300000|100%| E|CS|TAMS 0x00000000cb200000| PB 0x00000000cb200000| Complete 
| 435|0x00000000cb300000, 0x00000000cb400000, 0x00000000cb400000|100%| E|CS|TAMS 0x00000000cb300000| PB 0x00000000cb300000| Complete 
| 436|0x00000000cb400000, 0x00000000cb500000, 0x00000000cb500000|100%| E|CS|TAMS 0x00000000cb400000| PB 0x00000000cb400000| Complete 
| 437|0x00000000cb500000, 0x00000000cb600000, 0x00000000cb600000|100%| E|CS|TAMS 0x00000000cb500000| PB 0x00000000cb500000| Complete 
| 438|0x00000000cb600000, 0x00000000cb700000, 0x00000000cb700000|100%| E|CS|TAMS 0x00000000cb600000| PB 0x00000000cb600000| Complete 
| 439|0x00000000cb700000, 0x00000000cb800000, 0x00000000cb800000|100%| E|CS|TAMS 0x00000000cb700000| PB 0x00000000cb700000| Complete 
| 440|0x00000000cb800000, 0x00000000cb900000, 0x00000000cb900000|100%| E|CS|TAMS 0x00000000cb800000| PB 0x00000000cb800000| Complete 
| 441|0x00000000cb900000, 0x00000000cba00000, 0x00000000cba00000|100%| E|CS|TAMS 0x00000000cb900000| PB 0x00000000cb900000| Complete 
| 442|0x00000000cba00000, 0x00000000cbb00000, 0x00000000cbb00000|100%| E|CS|TAMS 0x00000000cba00000| PB 0x00000000cba00000| Complete 
| 443|0x00000000cbb00000, 0x00000000cbc00000, 0x00000000cbc00000|100%| E|CS|TAMS 0x00000000cbb00000| PB 0x00000000cbb00000| Complete 
| 444|0x00000000cbc00000, 0x00000000cbd00000, 0x00000000cbd00000|100%| E|CS|TAMS 0x00000000cbc00000| PB 0x00000000cbc00000| Complete 
| 445|0x00000000cbd00000, 0x00000000cbe00000, 0x00000000cbe00000|100%| E|CS|TAMS 0x00000000cbd00000| PB 0x00000000cbd00000| Complete 
| 446|0x00000000cbe00000, 0x00000000cbf00000, 0x00000000cbf00000|100%| E|CS|TAMS 0x00000000cbe00000| PB 0x00000000cbe00000| Complete 
| 447|0x00000000cbf00000, 0x00000000cc000000, 0x00000000cc000000|100%| E|CS|TAMS 0x00000000cbf00000| PB 0x00000000cbf00000| Complete 
| 448|0x00000000cc000000, 0x00000000cc100000, 0x00000000cc100000|100%| E|CS|TAMS 0x00000000cc000000| PB 0x00000000cc000000| Complete 
| 449|0x00000000cc100000, 0x00000000cc200000, 0x00000000cc200000|100%| E|CS|TAMS 0x00000000cc100000| PB 0x00000000cc100000| Complete 
| 450|0x00000000cc200000, 0x00000000cc300000, 0x00000000cc300000|100%| E|CS|TAMS 0x00000000cc200000| PB 0x00000000cc200000| Complete 
| 451|0x00000000cc300000, 0x00000000cc400000, 0x00000000cc400000|100%| E|CS|TAMS 0x00000000cc300000| PB 0x00000000cc300000| Complete 
| 452|0x00000000cc400000, 0x00000000cc500000, 0x00000000cc500000|100%| E|CS|TAMS 0x00000000cc400000| PB 0x00000000cc400000| Complete 
| 453|0x00000000cc500000, 0x00000000cc600000, 0x00000000cc600000|100%| E|CS|TAMS 0x00000000cc500000| PB 0x00000000cc500000| Complete 
| 454|0x00000000cc600000, 0x00000000cc700000, 0x00000000cc700000|100%| E|CS|TAMS 0x00000000cc600000| PB 0x00000000cc600000| Complete 
| 455|0x00000000cc700000, 0x00000000cc800000, 0x00000000cc800000|100%| E|CS|TAMS 0x00000000cc700000| PB 0x00000000cc700000| Complete 
| 456|0x00000000cc800000, 0x00000000cc900000, 0x00000000cc900000|100%| E|CS|TAMS 0x00000000cc800000| PB 0x00000000cc800000| Complete 
| 457|0x00000000cc900000, 0x00000000cca00000, 0x00000000cca00000|100%| E|CS|TAMS 0x00000000cc900000| PB 0x00000000cc900000| Complete 
| 458|0x00000000cca00000, 0x00000000ccb00000, 0x00000000ccb00000|100%| E|CS|TAMS 0x00000000cca00000| PB 0x00000000cca00000| Complete 
| 459|0x00000000ccb00000, 0x00000000ccc00000, 0x00000000ccc00000|100%| E|CS|TAMS 0x00000000ccb00000| PB 0x00000000ccb00000| Complete 
| 460|0x00000000ccc00000, 0x00000000ccd00000, 0x00000000ccd00000|100%| E|CS|TAMS 0x00000000ccc00000| PB 0x00000000ccc00000| Complete 
| 461|0x00000000ccd00000, 0x00000000cce00000, 0x00000000cce00000|100%| E|CS|TAMS 0x00000000ccd00000| PB 0x00000000ccd00000| Complete 
| 462|0x00000000cce00000, 0x00000000ccf00000, 0x00000000ccf00000|100%| E|CS|TAMS 0x00000000cce00000| PB 0x00000000cce00000| Complete 
| 463|0x00000000ccf00000, 0x00000000cd000000, 0x00000000cd000000|100%| E|CS|TAMS 0x00000000ccf00000| PB 0x00000000ccf00000| Complete 
| 464|0x00000000cd000000, 0x00000000cd100000, 0x00000000cd100000|100%| E|CS|TAMS 0x00000000cd000000| PB 0x00000000cd000000| Complete 
| 465|0x00000000cd100000, 0x00000000cd200000, 0x00000000cd200000|100%| E|CS|TAMS 0x00000000cd100000| PB 0x00000000cd100000| Complete 
| 466|0x00000000cd200000, 0x00000000cd300000, 0x00000000cd300000|100%| E|CS|TAMS 0x00000000cd200000| PB 0x00000000cd200000| Complete 
| 467|0x00000000cd300000, 0x00000000cd400000, 0x00000000cd400000|100%| E|CS|TAMS 0x00000000cd300000| PB 0x00000000cd300000| Complete 
| 468|0x00000000cd400000, 0x00000000cd500000, 0x00000000cd500000|100%| E|CS|TAMS 0x00000000cd400000| PB 0x00000000cd400000| Complete 
| 469|0x00000000cd500000, 0x00000000cd600000, 0x00000000cd600000|100%| E|CS|TAMS 0x00000000cd500000| PB 0x00000000cd500000| Complete 
| 470|0x00000000cd600000, 0x00000000cd700000, 0x00000000cd700000|100%| E|CS|TAMS 0x00000000cd600000| PB 0x00000000cd600000| Complete 
| 471|0x00000000cd700000, 0x00000000cd800000, 0x00000000cd800000|100%| E|CS|TAMS 0x00000000cd700000| PB 0x00000000cd700000| Complete 
| 472|0x00000000cd800000, 0x00000000cd900000, 0x00000000cd900000|100%| E|CS|TAMS 0x00000000cd800000| PB 0x00000000cd800000| Complete 
| 473|0x00000000cd900000, 0x00000000cda00000, 0x00000000cda00000|100%| E|CS|TAMS 0x00000000cd900000| PB 0x00000000cd900000| Complete 
| 474|0x00000000cda00000, 0x00000000cdb00000, 0x00000000cdb00000|100%| E|CS|TAMS 0x00000000cda00000| PB 0x00000000cda00000| Complete 
| 475|0x00000000cdb00000, 0x00000000cdc00000, 0x00000000cdc00000|100%| E|CS|TAMS 0x00000000cdb00000| PB 0x00000000cdb00000| Complete 
| 476|0x00000000cdc00000, 0x00000000cdd00000, 0x00000000cdd00000|100%| E|CS|TAMS 0x00000000cdc00000| PB 0x00000000cdc00000| Complete 
| 477|0x00000000cdd00000, 0x00000000cde00000, 0x00000000cde00000|100%| E|CS|TAMS 0x00000000cdd00000| PB 0x00000000cdd00000| Complete 
| 478|0x00000000cde00000, 0x00000000cdf00000, 0x00000000cdf00000|100%| E|CS|TAMS 0x00000000cde00000| PB 0x00000000cde00000| Complete 
| 479|0x00000000cdf00000, 0x00000000ce000000, 0x00000000ce000000|100%| E|CS|TAMS 0x00000000cdf00000| PB 0x00000000cdf00000| Complete 
| 480|0x00000000ce000000, 0x00000000ce100000, 0x00000000ce100000|100%| E|CS|TAMS 0x00000000ce000000| PB 0x00000000ce000000| Complete 
|1261|0x00000000fed00000, 0x00000000fee00000, 0x00000000fee00000|100%| O|  |TAMS 0x00000000fed00000| PB 0x00000000fed00000| Untracked 
|1262|0x00000000fee00000, 0x00000000fef00000, 0x00000000fef00000|100%| E|CS|TAMS 0x00000000fee00000| PB 0x00000000fee00000| Complete 
|1263|0x00000000fef00000, 0x00000000ff000000, 0x00000000ff000000|100%| O|  |TAMS 0x00000000fef00000| PB 0x00000000fef00000| Untracked 
|1264|0x00000000ff000000, 0x00000000ff100000, 0x00000000ff100000|100%| O|  |TAMS 0x00000000ff000000| PB 0x00000000ff000000| Untracked 
|1265|0x00000000ff100000, 0x00000000ff200000, 0x00000000ff200000|100%| O|  |TAMS 0x00000000ff100000| PB 0x00000000ff100000| Untracked 
|1266|0x00000000ff200000, 0x00000000ff300000, 0x00000000ff300000|100%| O|  |TAMS 0x00000000ff200000| PB 0x00000000ff200000| Untracked 
|1267|0x00000000ff300000, 0x00000000ff400000, 0x00000000ff400000|100%| O|  |TAMS 0x00000000ff300000| PB 0x00000000ff300000| Untracked 
|1268|0x00000000ff400000, 0x00000000ff500000, 0x00000000ff500000|100%| O|  |TAMS 0x00000000ff400000| PB 0x00000000ff400000| Untracked 
|1269|0x00000000ff500000, 0x00000000ff600000, 0x00000000ff600000|100%| O|  |TAMS 0x00000000ff500000| PB 0x00000000ff500000| Untracked 
|1270|0x00000000ff600000, 0x00000000ff700000, 0x00000000ff700000|100%| O|  |TAMS 0x00000000ff600000| PB 0x00000000ff600000| Untracked 
|1271|0x00000000ff700000, 0x00000000ff800000, 0x00000000ff800000|100%| O|  |TAMS 0x00000000ff700000| PB 0x00000000ff700000| Untracked 
|1272|0x00000000ff800000, 0x00000000ff900000, 0x00000000ff900000|100%| O|  |TAMS 0x00000000ff800000| PB 0x00000000ff800000| Untracked 
|1273|0x00000000ff900000, 0x00000000ffa00000, 0x00000000ffa00000|100%| O|  |TAMS 0x00000000ff900000| PB 0x00000000ff900000| Untracked 
|1274|0x00000000ffa00000, 0x00000000ffb00000, 0x00000000ffb00000|100%| O|  |TAMS 0x00000000ffa00000| PB 0x00000000ffa00000| Untracked 
|1275|0x00000000ffb00000, 0x00000000ffc00000, 0x00000000ffc00000|100%| O|  |TAMS 0x00000000ffb00000| PB 0x00000000ffb00000| Untracked 
|1276|0x00000000ffc00000, 0x00000000ffd00000, 0x00000000ffd00000|100%| O|  |TAMS 0x00000000ffc00000| PB 0x00000000ffc00000| Untracked 
|1277|0x00000000ffd00000, 0x00000000ffe00000, 0x00000000ffe00000|100%| E|CS|TAMS 0x00000000ffd00000| PB 0x00000000ffd00000| Complete 
|1278|0x00000000ffe00000, 0x00000000fff00000, 0x00000000fff00000|100%| E|CS|TAMS 0x00000000ffe00000| PB 0x00000000ffe00000| Complete 
|1279|0x00000000fff00000, 0x0000000100000000, 0x0000000100000000|100%| E|CS|TAMS 0x00000000fff00000| PB 0x00000000fff00000| Complete 

Card table byte_map: [0x0000021ae0d90000,0x0000021ae1010000] _byte_map_base: 0x0000021ae0810000

Marking Bits: (CMBitMap*) 0x0000021ace9506d0
 Bits: [0x0000021ae1010000, 0x0000021ae2410000)

Polling page: 0x0000021acc6d0000

Metaspace:

Usage:
  Non-class:    119.97 MB used.
      Class:     19.29 MB used.
       Both:    139.26 MB used.

Virtual space:
  Non-class space:      128.00 MB reserved,     121.69 MB ( 95%) committed,  2 nodes.
      Class space:      416.00 MB reserved,      20.81 MB (  5%) committed,  1 nodes.
             Both:      544.00 MB reserved,     142.50 MB ( 26%) committed. 

Chunk freelists:
   Non-Class:  5.47 MB
       Class:  11.11 MB
        Both:  16.58 MB

MaxMetaspaceSize: 512.00 MB
CompressedClassSpaceSize: 416.00 MB
Initial GC threshold: 21.00 MB
Current GC threshold: 237.44 MB
CDS: on
 - commit_granule_bytes: 65536.
 - commit_granule_words: 8192.
 - virtual_space_node_default_size: 8388608.
 - enlarge_chunks_in_place: 1.
 - use_allocation_guard: 0.


Internal statistics:

num_allocs_failed_limit: 9.
num_arena_births: 5154.
num_arena_deaths: 4.
num_vsnodes_births: 3.
num_vsnodes_deaths: 0.
num_space_committed: 2280.
num_space_uncommitted: 0.
num_chunks_returned_to_freelist: 23.
num_chunks_taken_from_freelist: 12091.
num_chunk_merges: 10.
num_chunk_splits: 7891.
num_chunks_enlarged: 5005.
num_inconsistent_stats: 0.

CodeHeap 'non-profiled nmethods': size=120000Kb used=14538Kb max_used=14538Kb free=105462Kb
 bounds [0x0000021ad95e0000, 0x0000021ada420000, 0x0000021ae0b10000]
CodeHeap 'profiled nmethods': size=120000Kb used=31202Kb max_used=32648Kb free=88797Kb
 bounds [0x0000021ad1b10000, 0x0000021ad3b50000, 0x0000021ad9040000]
CodeHeap 'non-nmethods': size=5760Kb used=3103Kb max_used=3189Kb free=2656Kb
 bounds [0x0000021ad9040000, 0x0000021ad9380000, 0x0000021ad95e0000]
CodeCache: size=245760Kb, used=48843Kb, max_used=50375Kb, free=196915Kb
 total_blobs=15848, nmethods=14766, adapters=985, full_count=0
Compilation: enabled, stopped_count=0, restarted_count=0

Compilation events (20 events):
Event: 401.319 Thread 0x0000021ae48d1c20 nmethod 24255 0x0000021ad9abcf10 code [0x0000021ad9abd0a0, 0x0000021ad9abd1a0]
Event: 401.319 Thread 0x0000021ae48ebe50 24282       3       org.objectweb.asm.tree.MethodNode::visitTryCatchBlock (40 bytes)
Event: 401.319 Thread 0x0000021ae48d1c20 24284       4       org.objectweb.asm.tree.MethodNode::getLabelNodes (55 bytes)
Event: 401.320 Thread 0x0000021ae48ebe50 nmethod 24282 0x0000021ad31c5010 code [0x0000021ad31c52c0, 0x0000021ad31c6678]
Event: 401.320 Thread 0x0000021ae48ebe50 24283       3       org.objectweb.asm.tree.TryCatchBlockNode::<init> (26 bytes)
Event: 401.320 Thread 0x0000021ae48ebe50 nmethod 24283 0x0000021ad26e3090 code [0x0000021ad26e3240, 0x0000021ad26e3518]
Event: 401.321 Thread 0x0000021ae48ebe50 24285       3       org.objectweb.asm.FieldWriter::visitAnnotation (40 bytes)
Event: 401.321 Thread 0x0000021ae48ebe50 nmethod 24285 0x0000021ad2638110 code [0x0000021ad26382e0, 0x0000021ad2638570]
Event: 401.330 Thread 0x0000021ae48d1c20 nmethod 24284 0x0000021ada1ef990 code [0x0000021ada1efb60, 0x0000021ada1f0180]
Event: 401.330 Thread 0x0000021ae48d1c20 24286       4       org.objectweb.asm.ClassReader::readElementValue (1237 bytes)
Event: 401.333 Thread 0x0000021ae48ebe50 24287       3       org.objectweb.asm.tree.MethodNode::visitCode (1 bytes)
Event: 401.333 Thread 0x0000021ae48ebe50 nmethod 24287 0x0000021ad2929890 code [0x0000021ad2929a20, 0x0000021ad2929b28]
Event: 401.342 Thread 0x0000021ae48ebe50 24289       3       org.objectweb.asm.tree.AnnotationNode::<init> (25 bytes)
Event: 401.342 Thread 0x0000021ae48ebe50 nmethod 24289 0x0000021ad2285090 code [0x0000021ad2285260, 0x0000021ad2285620]
Event: 401.342 Thread 0x0000021ae48ebe50 24290       3       org.objectweb.asm.tree.AnnotationNode::<init> (11 bytes)
Event: 401.342 Thread 0x0000021ae48ebe50 nmethod 24290 0x0000021ad2b78210 code [0x0000021ad2b783c0, 0x0000021ad2b785c8]
Event: 401.379 Thread 0x0000021ae48d1c20 nmethod 24286 0x0000021ada419910 code [0x0000021ada419d40, 0x0000021ada41b3f8]
Event: 401.382 Thread 0x0000021ae48d1c20 24291       4       org.gradle.internal.classpath.transforms.BaseClasspathElementTransform$$Lambda/0x0000021a824ad360::visit (13 bytes)
Event: 401.565 Thread 0x0000021ae48d1c20 nmethod 24291 0x0000021ada41c610 code [0x0000021ada41c900, 0x0000021ada41de90]
Event: 401.565 Thread 0x0000021ae48d1c20 24294       4       org.gradle.internal.classpath.generated.InterceptorDeclaration_ConfigCacheJvmBytecode::visitMethodInsn (4679 bytes)

GC Heap History (20 events):
Event: 334.367 GC heap before
{Heap before GC invocations=81 (full 0):
 garbage-first heap   total 384000K, used 354909K [0x00000000b0000000, 0x0000000100000000)
  region size 1024K, 103 young (105472K), 2 survivors (2048K)
 Metaspace       used 140602K, committed 143872K, reserved 557056K
  class space    used 19593K, committed 21120K, reserved 425984K
}
Event: 334.371 GC heap after
{Heap after GC invocations=82 (full 0):
 garbage-first heap   total 384000K, used 251448K [0x00000000b0000000, 0x0000000100000000)
  region size 1024K, 2 young (2048K), 2 survivors (2048K)
 Metaspace       used 140602K, committed 143872K, reserved 557056K
  class space    used 19593K, committed 21120K, reserved 425984K
}
Event: 341.157 GC heap before
{Heap before GC invocations=83 (full 0):
 garbage-first heap   total 419840K, used 358968K [0x00000000b0000000, 0x0000000100000000)
  region size 1024K, 107 young (109568K), 2 survivors (2048K)
 Metaspace       used 140612K, committed 143872K, reserved 557056K
  class space    used 19593K, committed 21120K, reserved 425984K
}
Event: 341.164 GC heap after
{Heap after GC invocations=84 (full 0):
 garbage-first heap   total 419840K, used 252965K [0x00000000b0000000, 0x0000000100000000)
  region size 1024K, 4 young (4096K), 4 survivors (4096K)
 Metaspace       used 140612K, committed 143872K, reserved 557056K
  class space    used 19593K, committed 21120K, reserved 425984K
}
Event: 353.269 GC heap before
{Heap before GC invocations=84 (full 0):
 garbage-first heap   total 419840K, used 401445K [0x00000000b0000000, 0x0000000100000000)
  region size 1024K, 145 young (148480K), 4 survivors (4096K)
 Metaspace       used 140939K, committed 144192K, reserved 557056K
  class space    used 19629K, committed 21184K, reserved 425984K
}
Event: 353.297 GC heap after
{Heap after GC invocations=85 (full 0):
 garbage-first heap   total 419840K, used 263245K [0x00000000b0000000, 0x0000000100000000)
  region size 1024K, 12 young (12288K), 12 survivors (12288K)
 Metaspace       used 140939K, committed 144192K, reserved 557056K
  class space    used 19629K, committed 21184K, reserved 425984K
}
Event: 355.430 GC heap before
{Heap before GC invocations=85 (full 0):
 garbage-first heap   total 419840K, used 392269K [0x00000000b0000000, 0x0000000100000000)
  region size 1024K, 138 young (141312K), 12 survivors (12288K)
 Metaspace       used 142085K, committed 145408K, reserved 557056K
  class space    used 19749K, committed 21312K, reserved 425984K
}
Event: 355.461 GC heap after
{Heap after GC invocations=86 (full 0):
 garbage-first heap   total 419840K, used 267627K [0x00000000b0000000, 0x0000000100000000)
  region size 1024K, 7 young (7168K), 7 survivors (7168K)
 Metaspace       used 142085K, committed 145408K, reserved 557056K
  class space    used 19749K, committed 21312K, reserved 425984K
}
Event: 356.764 GC heap before
{Heap before GC invocations=86 (full 0):
 garbage-first heap   total 447488K, used 393579K [0x00000000b0000000, 0x0000000100000000)
  region size 1024K, 130 young (133120K), 7 survivors (7168K)
 Metaspace       used 142292K, committed 145600K, reserved 557056K
  class space    used 19762K, committed 21312K, reserved 425984K
}
Event: 356.781 GC heap after
{Heap after GC invocations=87 (full 0):
 garbage-first heap   total 447488K, used 269472K [0x00000000b0000000, 0x0000000100000000)
  region size 1024K, 9 young (9216K), 9 survivors (9216K)
 Metaspace       used 142292K, committed 145600K, reserved 557056K
  class space    used 19762K, committed 21312K, reserved 425984K
}
Event: 362.013 GC heap before
{Heap before GC invocations=88 (full 0):
 garbage-first heap   total 447488K, used 424096K [0x00000000b0000000, 0x0000000100000000)
  region size 1024K, 159 young (162816K), 9 survivors (9216K)
 Metaspace       used 142433K, committed 145728K, reserved 557056K
  class space    used 19775K, committed 21312K, reserved 425984K
}
Event: 362.104 GC heap after
{Heap after GC invocations=89 (full 0):
 garbage-first heap   total 463872K, used 300279K [0x00000000b0000000, 0x0000000100000000)
  region size 1024K, 20 young (20480K), 20 survivors (20480K)
 Metaspace       used 142433K, committed 145728K, reserved 557056K
  class space    used 19775K, committed 21312K, reserved 425984K
}
Event: 366.899 GC heap before
{Heap before GC invocations=89 (full 0):
 garbage-first heap   total 463872K, used 420087K [0x00000000b0000000, 0x0000000100000000)
  region size 1024K, 138 young (141312K), 20 survivors (20480K)
 Metaspace       used 142534K, committed 145792K, reserved 557056K
  class space    used 19777K, committed 21312K, reserved 425984K
}
Event: 366.973 GC heap after
{Heap after GC invocations=90 (full 0):
 garbage-first heap   total 463872K, used 304384K [0x00000000b0000000, 0x0000000100000000)
  region size 1024K, 9 young (9216K), 9 survivors (9216K)
 Metaspace       used 142534K, committed 145792K, reserved 557056K
  class space    used 19777K, committed 21312K, reserved 425984K
}
Event: 367.390 GC heap before
{Heap before GC invocations=90 (full 0):
 garbage-first heap   total 463872K, used 314624K [0x00000000b0000000, 0x0000000100000000)
  region size 1024K, 20 young (20480K), 9 survivors (9216K)
 Metaspace       used 142556K, committed 145792K, reserved 557056K
  class space    used 19777K, committed 21312K, reserved 425984K
}
Event: 367.405 GC heap after
{Heap after GC invocations=91 (full 0):
 garbage-first heap   total 463872K, used 306421K [0x00000000b0000000, 0x0000000100000000)
  region size 1024K, 3 young (3072K), 3 survivors (3072K)
 Metaspace       used 142556K, committed 145792K, reserved 557056K
  class space    used 19777K, committed 21312K, reserved 425984K
}
Event: 383.774 GC heap before
{Heap before GC invocations=92 (full 0):
 garbage-first heap   total 512000K, used 419061K [0x00000000b0000000, 0x0000000100000000)
  region size 1024K, 113 young (115712K), 3 survivors (3072K)
 Metaspace       used 142573K, committed 145920K, reserved 557056K
  class space    used 19756K, committed 21312K, reserved 425984K
}
Event: 383.833 GC heap after
{Heap after GC invocations=93 (full 0):
 garbage-first heap   total 512000K, used 311386K [0x00000000b0000000, 0x0000000100000000)
  region size 1024K, 8 young (8192K), 8 survivors (8192K)
 Metaspace       used 142573K, committed 145920K, reserved 557056K
  class space    used 19756K, committed 21312K, reserved 425984K
}
Event: 396.871 GC heap before
{Heap before GC invocations=93 (full 0):
 garbage-first heap   total 512000K, used 456794K [0x00000000b0000000, 0x0000000100000000)
  region size 1024K, 151 young (154624K), 8 survivors (8192K)
 Metaspace       used 142591K, committed 145920K, reserved 557056K
  class space    used 19757K, committed 21312K, reserved 425984K
}
Event: 396.987 GC heap after
{Heap after GC invocations=94 (full 0):
 garbage-first heap   total 512000K, used 311795K [0x00000000b0000000, 0x0000000100000000)
  region size 1024K, 11 young (11264K), 11 survivors (11264K)
 Metaspace       used 142591K, committed 145920K, reserved 557056K
  class space    used 19757K, committed 21312K, reserved 425984K
}

Dll operation events (15 events):
Event: 0.022 Loaded shared library C:\Users\AFIS\.antigravity-ide\extensions\redhat.java-1.55.0-win32-x64\jre\21.0.11-win32-x86_64\bin\java.dll
Event: 0.120 Loaded shared library C:\Users\AFIS\.antigravity-ide\extensions\redhat.java-1.55.0-win32-x64\jre\21.0.11-win32-x86_64\bin\zip.dll
Event: 0.167 Loaded shared library C:\Users\AFIS\.antigravity-ide\extensions\redhat.java-1.55.0-win32-x64\jre\21.0.11-win32-x86_64\bin\instrument.dll
Event: 0.176 Loaded shared library C:\Users\AFIS\.antigravity-ide\extensions\redhat.java-1.55.0-win32-x64\jre\21.0.11-win32-x86_64\bin\net.dll
Event: 0.179 Loaded shared library C:\Users\AFIS\.antigravity-ide\extensions\redhat.java-1.55.0-win32-x64\jre\21.0.11-win32-x86_64\bin\nio.dll
Event: 0.183 Loaded shared library C:\Users\AFIS\.antigravity-ide\extensions\redhat.java-1.55.0-win32-x64\jre\21.0.11-win32-x86_64\bin\zip.dll
Event: 0.695 Loaded shared library C:\Users\AFIS\.antigravity-ide\extensions\redhat.java-1.55.0-win32-x64\jre\21.0.11-win32-x86_64\bin\jimage.dll
Event: 1.009 Loaded shared library C:\Users\AFIS\.antigravity-ide\extensions\redhat.java-1.55.0-win32-x64\jre\21.0.11-win32-x86_64\bin\verify.dll
Event: 1.139 Loaded shared library C:\Users\AFIS\.gradle\native\1def1411415f61bf3af743bc5b6707747c0891f09f0c88961ee8f79bc544acac\windows-amd64\native-platform.dll
Event: 1.158 Loaded shared library C:\Users\AFIS\.gradle\native\0.2.7\x86_64-windows-gnu\gradle-fileevents.dll
Event: 2.675 Loaded shared library C:\Users\AFIS\.antigravity-ide\extensions\redhat.java-1.55.0-win32-x64\jre\21.0.11-win32-x86_64\bin\management.dll
Event: 2.682 Loaded shared library C:\Users\AFIS\.antigravity-ide\extensions\redhat.java-1.55.0-win32-x64\jre\21.0.11-win32-x86_64\bin\management_ext.dll
Event: 2.850 Loaded shared library C:\Users\AFIS\.antigravity-ide\extensions\redhat.java-1.55.0-win32-x64\jre\21.0.11-win32-x86_64\bin\extnet.dll
Event: 3.218 Loaded shared library C:\Users\AFIS\.antigravity-ide\extensions\redhat.java-1.55.0-win32-x64\jre\21.0.11-win32-x86_64\bin\sunmscapi.dll
Event: 37.915 Loaded shared library C:\Users\AFIS\.antigravity-ide\extensions\redhat.java-1.55.0-win32-x64\jre\21.0.11-win32-x86_64\bin\rmi.dll

Deoptimization events (20 events):
Event: 400.138 Thread 0x0000021aa2bdbb90 Uncommon trap: trap_request=0xffffffc6 fr.pc=0x0000021ada379344 relative=0x000000000000b044
Event: 400.138 Thread 0x0000021aa2bdbb90 Uncommon trap: reason=bimorphic_or_optimized_type_check action=maybe_recompile pc=0x0000021ada379344 method=org.objectweb.asm.Label.accept(Lorg/objectweb/asm/MethodVisitor;Z)V @ 59 c2
Event: 400.138 Thread 0x0000021aa2bdbb90 DEOPT PACKING pc=0x0000021ada379344 sp=0x000000c99affa740
Event: 400.138 Thread 0x0000021aa2bdbb90 DEOPT UNPACKING pc=0x0000021ad9097ba2 sp=0x000000c99affa620 mode 2
Event: 400.212 Thread 0x0000021aa2bdbb90 Uncommon trap: trap_request=0xffffff45 fr.pc=0x0000021ada0cd6bc relative=0x0000000000008bdc
Event: 400.212 Thread 0x0000021aa2bdbb90 Uncommon trap: reason=unstable_if action=reinterpret pc=0x0000021ada0cd6bc method=org.objectweb.asm.ClassReader.readCode(Lorg/objectweb/asm/MethodVisitor;Lorg/objectweb/asm/Context;I)V @ 2401 c2
Event: 400.212 Thread 0x0000021aa2bdbb90 DEOPT PACKING pc=0x0000021ada0cd6bc sp=0x000000c99affaed0
Event: 400.212 Thread 0x0000021aa2bdbb90 DEOPT UNPACKING pc=0x0000021ad9097ba2 sp=0x000000c99affae58 mode 2
Event: 400.230 Thread 0x0000021aa2bdbb90 Uncommon trap: trap_request=0xffffffc6 fr.pc=0x0000021ada27cba0 relative=0x00000000000003e0
Event: 400.230 Thread 0x0000021aa2bdbb90 Uncommon trap: reason=bimorphic_or_optimized_type_check action=maybe_recompile pc=0x0000021ada27cba0 method=org.objectweb.asm.Label.accept(Lorg/objectweb/asm/MethodVisitor;Z)V @ 59 c2
Event: 400.230 Thread 0x0000021aa2bdbb90 DEOPT PACKING pc=0x0000021ada27cba0 sp=0x000000c99affa5e0
Event: 400.231 Thread 0x0000021aa2bdbb90 DEOPT UNPACKING pc=0x0000021ad9097ba2 sp=0x000000c99affa588 mode 2
Event: 400.632 Thread 0x0000021aa2bdbb90 Uncommon trap: trap_request=0xffffff45 fr.pc=0x0000021ada401cc0 relative=0x0000000000000ca0
Event: 400.632 Thread 0x0000021aa2bdbb90 Uncommon trap: reason=unstable_if action=reinterpret pc=0x0000021ada401cc0 method=org.objectweb.asm.ClassReader.readElementValue(Lorg/objectweb/asm/AnnotationVisitor;ILjava/lang/String;[C)I @ 102 c2
Event: 400.632 Thread 0x0000021aa2bdbb90 DEOPT PACKING pc=0x0000021ada401cc0 sp=0x000000c99affb000
Event: 400.632 Thread 0x0000021aa2bdbb90 DEOPT UNPACKING pc=0x0000021ad9097ba2 sp=0x000000c99affaf80 mode 2
Event: 400.986 Thread 0x0000021aa2bdbb90 Uncommon trap: trap_request=0xffffff45 fr.pc=0x0000021ada3e3918 relative=0x00000000000032d8
Event: 400.986 Thread 0x0000021aa2bdbb90 Uncommon trap: reason=unstable_if action=reinterpret pc=0x0000021ada3e3918 method=org.gradle.internal.classpath.generated.InterceptorDeclaration_ConfigCacheJvmBytecode.visitMethodInsn(Lorg/gradle/model/internal/asm/MethodVisitorScope;Ljava/lang/String;ILj
Event: 400.986 Thread 0x0000021aa2bdbb90 DEOPT PACKING pc=0x0000021ada3e3918 sp=0x000000c99affad90
Event: 400.986 Thread 0x0000021aa2bdbb90 DEOPT UNPACKING pc=0x0000021ad9097ba2 sp=0x000000c99affacf0 mode 2

Classes loaded (20 events):
Event: 318.280 Loading class jdk/internal/reflect/MethodHandleCharacterFieldAccessorImpl
Event: 318.280 Loading class jdk/internal/reflect/MethodHandleCharacterFieldAccessorImpl done
Event: 318.679 Loading class java/io/FilterReader
Event: 318.679 Loading class java/io/FilterReader done
Event: 330.320 Loading class java/util/zip/ZipInputStream
Event: 330.335 Loading class java/util/zip/ZipInputStream done
Event: 352.984 Loading class java/util/stream/SortedOps$OfInt
Event: 352.989 Loading class java/util/stream/IntPipeline$StatefulOp
Event: 352.994 Loading class java/util/stream/IntPipeline$StatefulOp done
Event: 352.994 Loading class java/util/stream/SortedOps$OfInt done
Event: 352.996 Loading class java/util/stream/Nodes$IntFixedNodeBuilder
Event: 352.997 Loading class java/util/stream/Node$Builder$OfInt
Event: 352.998 Loading class java/util/stream/Node$Builder$OfInt done
Event: 352.998 Loading class java/util/stream/Nodes$IntArrayNode
Event: 352.999 Loading class java/util/stream/Nodes$IntArrayNode done
Event: 352.999 Loading class java/util/stream/Nodes$IntFixedNodeBuilder done
Event: 353.000 Loading class java/util/stream/SortedOps$SizedIntSortingSink
Event: 353.000 Loading class java/util/stream/SortedOps$AbstractIntSortingSink
Event: 353.002 Loading class java/util/stream/SortedOps$AbstractIntSortingSink done
Event: 353.002 Loading class java/util/stream/SortedOps$SizedIntSortingSink done

Classes unloaded (19 events):
Event: 368.103 Thread 0x0000021ae48a28c0 Unloading class 0x0000021a824e23f0 '_BuildScript_$_run_closure1$_closure5'
Event: 368.103 Thread 0x0000021ae48a28c0 Unloading class 0x0000021a824e2000 '_BuildScript_$_run_closure1$_closure4'
Event: 368.103 Thread 0x0000021ae48a28c0 Unloading class 0x0000021a824e1bd0 '_BuildScript_$_run_closure1$_closure3$_closure6'
Event: 368.103 Thread 0x0000021ae48a28c0 Unloading class 0x0000021a824e17e0 '_BuildScript_$_run_closure1$_closure3'
Event: 368.103 Thread 0x0000021ae48a28c0 Unloading class 0x0000021a824e13f0 '_BuildScript_$_run_closure1$_closure2'
Event: 368.103 Thread 0x0000021ae48a28c0 Unloading class 0x0000021a824e1000 '_BuildScript_$_run_closure1'
Event: 368.103 Thread 0x0000021ae48a28c0 Unloading class 0x0000021a824e0800 '_BuildScript_'
Event: 368.103 Thread 0x0000021ae48a28c0 Unloading class 0x0000021a824d6fc0 '_BuildScript_$_run_closure3'
Event: 368.103 Thread 0x0000021ae48a28c0 Unloading class 0x0000021a824d6bd0 '_BuildScript_$_run_closure2$_closure11'
Event: 368.103 Thread 0x0000021ae48a28c0 Unloading class 0x0000021a824d67e0 '_BuildScript_$_run_closure2'
Event: 368.103 Thread 0x0000021ae48a28c0 Unloading class 0x0000021a824d63f0 '_BuildScript_$_run_closure1$_closure8$_closure10'
Event: 368.103 Thread 0x0000021ae48a28c0 Unloading class 0x0000021a824d6000 '_BuildScript_$_run_closure1$_closure8'
Event: 368.103 Thread 0x0000021ae48a28c0 Unloading class 0x0000021a824d5bd0 '_BuildScript_$_run_closure1$_closure7'
Event: 368.103 Thread 0x0000021ae48a28c0 Unloading class 0x0000021a824d57e0 '_BuildScript_$_run_closure1$_closure6'
Event: 368.103 Thread 0x0000021ae48a28c0 Unloading class 0x0000021a824d53f0 '_BuildScript_$_run_closure1$_closure5$_closure9'
Event: 368.103 Thread 0x0000021ae48a28c0 Unloading class 0x0000021a824d5000 '_BuildScript_$_run_closure1$_closure5'
Event: 368.103 Thread 0x0000021ae48a28c0 Unloading class 0x0000021a824d4948 '_BuildScript_$_run_closure1$_closure4'
Event: 368.103 Thread 0x0000021ae48a28c0 Unloading class 0x0000021a824d4558 '_BuildScript_$_run_closure1'
Event: 368.103 Thread 0x0000021ae48a28c0 Unloading class 0x0000021a824d4000 '_BuildScript_'

Classes redefined (0 events):
No events

Internal exceptions (20 events):
Event: 361.489 Thread 0x0000021aa0b3ac80 Exception <a 'sun/nio/fs/WindowsException'{0x00000000c2397f68}> (0x00000000c2397f68) 
thrown [s\src\hotspot\share\prims\jni.cpp, line 520]
Event: 370.504 Thread 0x0000021aa3c1de40 Exception <a 'java/net/ConnectException'{0x00000000cb9c71a0}: Connection refused: connect> (0x00000000cb9c71a0) 
thrown [s\src\hotspot\share\prims\jni.cpp, line 539]
Event: 370.518 Thread 0x0000021aa3c1de40 Exception <a 'java/net/ConnectException'{0x00000000cb9c79d8}: Connection refused: connect> (0x00000000cb9c79d8) 
thrown [s\src\hotspot\share\prims\jni.cpp, line 539]
Event: 370.535 Thread 0x0000021aa3c1de40 Exception <a 'java/net/ConnectException'{0x00000000cb9c8210}: Connection refused: connect> (0x00000000cb9c8210) 
thrown [s\src\hotspot\share\prims\jni.cpp, line 539]
Event: 370.538 Thread 0x0000021aa3c1de40 Exception <a 'java/net/ConnectException'{0x00000000cb9c8d90}: Connection refused: connect> (0x00000000cb9c8d90) 
thrown [s\src\hotspot\share\prims\jni.cpp, line 539]
Event: 370.550 Thread 0x0000021aa3c1de40 Exception <a 'java/net/ConnectException'{0x00000000cb9c95c8}: Connection refused: connect> (0x00000000cb9c95c8) 
thrown [s\src\hotspot\share\prims\jni.cpp, line 539]
Event: 370.565 Thread 0x0000021aa3c1de40 Exception <a 'java/net/ConnectException'{0x00000000cb9c9e00}: Connection refused: connect> (0x00000000cb9c9e00) 
thrown [s\src\hotspot\share\prims\jni.cpp, line 539]
Event: 370.582 Thread 0x0000021aa3c1de40 Exception <a 'java/net/ConnectException'{0x00000000cb9ca9b8}: Connection refused: connect> (0x00000000cb9ca9b8) 
thrown [s\src\hotspot\share\prims\jni.cpp, line 539]
Event: 370.595 Thread 0x0000021aa3c1de40 Exception <a 'java/net/ConnectException'{0x00000000cb9cb1f0}: Connection refused: connect> (0x00000000cb9cb1f0) 
thrown [s\src\hotspot\share\prims\jni.cpp, line 539]
Event: 370.611 Thread 0x0000021aa3c1de40 Exception <a 'java/net/ConnectException'{0x00000000cb9cba28}: Connection refused: connect> (0x00000000cb9cba28) 
thrown [s\src\hotspot\share\prims\jni.cpp, line 539]
Event: 370.612 Thread 0x0000021aa3c1de40 Exception <a 'java/net/ConnectException'{0x00000000cb9cc5a8}: Connection refused: connect> (0x00000000cb9cc5a8) 
thrown [s\src\hotspot\share\prims\jni.cpp, line 539]
Event: 370.628 Thread 0x0000021aa3c1de40 Exception <a 'java/net/ConnectException'{0x00000000cb9ccde0}: Connection refused: connect> (0x00000000cb9ccde0) 
thrown [s\src\hotspot\share\prims\jni.cpp, line 539]
Event: 370.642 Thread 0x0000021aa3c1de40 Exception <a 'java/net/ConnectException'{0x00000000cb9cd618}: Connection refused: connect> (0x00000000cb9cd618) 
thrown [s\src\hotspot\share\prims\jni.cpp, line 539]
Event: 371.929 Thread 0x0000021aa3c1de40 Exception <a 'java/net/ConnectException'{0x00000000cb7c5e28}: Connection refused: connect> (0x00000000cb7c5e28) 
thrown [s\src\hotspot\share\prims\jni.cpp, line 539]
Event: 371.987 Thread 0x0000021aa3c1de40 Exception <a 'java/net/ConnectException'{0x00000000cb7c6660}: Connection refused: connect> (0x00000000cb7c6660) 
thrown [s\src\hotspot\share\prims\jni.cpp, line 539]
Event: 372.006 Thread 0x0000021aa3c1de40 Exception <a 'java/net/ConnectException'{0x00000000cb7c6e98}: Connection refused: connect> (0x00000000cb7c6e98) 
thrown [s\src\hotspot\share\prims\jni.cpp, line 539]
Event: 372.016 Thread 0x0000021aa3c1de40 Exception <a 'java/net/ConnectException'{0x00000000cb7c7a18}: Connection refused: connect> (0x00000000cb7c7a18) 
thrown [s\src\hotspot\share\prims\jni.cpp, line 539]
Event: 372.047 Thread 0x0000021aa3c1de40 Exception <a 'java/net/ConnectException'{0x00000000cb7c8250}: Connection refused: connect> (0x00000000cb7c8250) 
thrown [s\src\hotspot\share\prims\jni.cpp, line 539]
Event: 372.070 Thread 0x0000021aa3c1de40 Exception <a 'java/net/ConnectException'{0x00000000cb7c8a88}: Connection refused: connect> (0x00000000cb7c8a88) 
thrown [s\src\hotspot\share\prims\jni.cpp, line 539]
Event: 391.548 Thread 0x0000021aa2bdbb90 Exception <a 'sun/nio/fs/WindowsException'{0x00000000caae0150}> (0x00000000caae0150) 
thrown [s\src\hotspot\share\prims\jni.cpp, line 520]

ZGC Phase Switch (0 events):
No events

VM Operations (20 events):
Event: 386.860 Executing safepoint VM operation: Cleanup
Event: 386.876 Executing safepoint VM operation: Cleanup done
Event: 391.910 Executing safepoint VM operation: Cleanup
Event: 391.911 Executing safepoint VM operation: Cleanup done
Event: 392.911 Executing safepoint VM operation: Cleanup
Event: 392.926 Executing safepoint VM operation: Cleanup done
Event: 393.934 Executing safepoint VM operation: Cleanup
Event: 393.950 Executing safepoint VM operation: Cleanup done
Event: 394.953 Executing safepoint VM operation: Cleanup
Event: 394.953 Executing safepoint VM operation: Cleanup done
Event: 395.958 Executing safepoint VM operation: Cleanup
Event: 396.227 Executing safepoint VM operation: Cleanup done
Event: 396.870 Executing safepoint VM operation: G1CollectForAllocation (G1 Evacuation Pause)
Event: 396.987 Executing safepoint VM operation: G1CollectForAllocation (G1 Evacuation Pause) done
Event: 398.002 Executing safepoint VM operation: Cleanup
Event: 398.002 Executing safepoint VM operation: Cleanup done
Event: 400.013 Executing safepoint VM operation: Cleanup
Event: 400.029 Executing safepoint VM operation: Cleanup done
Event: 401.043 Executing safepoint VM operation: Cleanup
Event: 401.043 Executing safepoint VM operation: Cleanup done

Memory protections (0 events):
No events

Nmethod flushes (20 events):
Event: 368.521 Thread 0x0000021ae48a28c0 flushing  nmethod 0x0000021ad2ec6310
Event: 368.521 Thread 0x0000021ae48a28c0 flushing  nmethod 0x0000021ad2ec6690
Event: 368.521 Thread 0x0000021ae48a28c0 flushing  nmethod 0x0000021ad2ed1890
Event: 368.521 Thread 0x0000021ae48a28c0 flushing  nmethod 0x0000021ad2f46990
Event: 368.521 Thread 0x0000021ae48a28c0 flushing  nmethod 0x0000021ad2f47510
Event: 368.521 Thread 0x0000021ae48a28c0 flushing  nmethod 0x0000021ad2f4b410
Event: 368.521 Thread 0x0000021ae48a28c0 flushing  nmethod 0x0000021ad2f4b990
Event: 368.521 Thread 0x0000021ae48a28c0 flushing  nmethod 0x0000021ad2f4d590
Event: 368.521 Thread 0x0000021ae48a28c0 flushing  nmethod 0x0000021ad34d3490
Event: 368.521 Thread 0x0000021ae48a28c0 flushing  nmethod 0x0000021ad35bb490
Event: 368.521 Thread 0x0000021ae48a28c0 flushing  nmethod 0x0000021ad37fbb10
Event: 368.521 Thread 0x0000021ae48a28c0 flushing  nmethod 0x0000021ad3829910
Event: 368.521 Thread 0x0000021ae48a28c0 flushing  nmethod 0x0000021ad385a690
Event: 368.521 Thread 0x0000021ae48a28c0 flushing  nmethod 0x0000021ad38f6610
Event: 368.521 Thread 0x0000021ae48a28c0 flushing  nmethod 0x0000021ad3900110
Event: 368.521 Thread 0x0000021ae48a28c0 flushing  nmethod 0x0000021ad3900610
Event: 368.521 Thread 0x0000021ae48a28c0 flushing  nmethod 0x0000021ad3900d90
Event: 368.521 Thread 0x0000021ae48a28c0 flushing  nmethod 0x0000021ad3901690
Event: 368.521 Thread 0x0000021ae48a28c0 flushing  nmethod 0x0000021ad3903710
Event: 368.521 Thread 0x0000021ae48a28c0 flushing  nmethod 0x0000021ad3945790

Events (20 events):
Event: 352.845 Thread 0x0000021ae48ebe50 Thread added: 0x0000021aa5818430
Event: 353.680 Thread 0x0000021aa5818430 Thread exited: 0x0000021aa5818430
Event: 353.877 Thread 0x0000021ae48ebe50 Thread added: 0x0000021aa58168f0
Event: 354.154 Thread 0x0000021aa58168f0 Thread exited: 0x0000021aa58168f0
Event: 354.746 Thread 0x0000021ae48ebe50 Thread added: 0x0000021aa5818430
Event: 355.015 Thread 0x0000021aa5818430 Thread exited: 0x0000021aa5818430
Event: 355.204 Thread 0x0000021ae48ebe50 Thread added: 0x0000021aa5818430
Event: 357.055 Thread 0x0000021aa5818430 Thread exited: 0x0000021aa5818430
Event: 357.162 Thread 0x0000021ae48ebe50 Thread added: 0x0000021aa58168f0
Event: 358.448 Thread 0x0000021aa58168f0 Thread exited: 0x0000021aa58168f0
Event: 360.406 Thread 0x0000021ae48d1c20 Thread added: 0x0000021aab818510
Event: 360.766 Thread 0x0000021aab818510 Thread exited: 0x0000021aab818510
Event: 361.499 Thread 0x0000021ae48ebe50 Thread added: 0x0000021aab81a050
Event: 362.466 Thread 0x0000021aab81a050 Thread exited: 0x0000021aab81a050
Event: 372.099 Thread 0x0000021aa3c1de40 Thread exited: 0x0000021aa3c1de40
Event: 379.488 Thread 0x0000021aabddba00 Thread exited: 0x0000021aabddba00
Event: 379.489 Thread 0x0000021aabdde160 Thread exited: 0x0000021aabdde160
Event: 379.489 Thread 0x0000021aabdddad0 Thread exited: 0x0000021aabdddad0
Event: 392.426 Thread 0x0000021ae48d1c20 Thread added: 0x0000021aab81a050
Event: 392.686 Thread 0x0000021aab81a050 Thread exited: 0x0000021aab81a050


Dynamic libraries:
0x00007ff6a8920000 - 0x00007ff6a892e000 	C:\Users\AFIS\.antigravity-ide\extensions\redhat.java-1.55.0-win32-x64\jre\21.0.11-win32-x86_64\bin\java.exe
0x00007ffb40440000 - 0x00007ffb406a6000 	C:\WINDOWS\SYSTEM32\ntdll.dll
0x00007ffb3ed10000 - 0x00007ffb3edd9000 	C:\WINDOWS\System32\KERNEL32.DLL
0x00007ffb3db10000 - 0x00007ffb3df0a000 	C:\WINDOWS\System32\KERNELBASE.dll
0x00007ffb3df10000 - 0x00007ffb3e05c000 	C:\WINDOWS\System32\ucrtbase.dll
0x00007ffb2a800000 - 0x00007ffb2a818000 	C:\Users\AFIS\.antigravity-ide\extensions\redhat.java-1.55.0-win32-x64\jre\21.0.11-win32-x86_64\bin\jli.dll
0x00007ffb2a7e0000 - 0x00007ffb2a7fe000 	C:\Users\AFIS\.antigravity-ide\extensions\redhat.java-1.55.0-win32-x64\jre\21.0.11-win32-x86_64\bin\VCRUNTIME140.dll
0x00007ffb3fb60000 - 0x00007ffb3fd27000 	C:\WINDOWS\System32\USER32.dll
0x00007ffb3d850000 - 0x00007ffb3d877000 	C:\WINDOWS\System32\win32u.dll
0x00007ffb3ece0000 - 0x00007ffb3ed0b000 	C:\WINDOWS\System32\GDI32.dll
0x00007ffb3d880000 - 0x00007ffb3d9ab000 	C:\WINDOWS\System32\gdi32full.dll
0x00007ffb3da60000 - 0x00007ffb3db03000 	C:\WINDOWS\System32\msvcp_win.dll
0x00007ffb22c70000 - 0x00007ffb22f02000 	C:\WINDOWS\WinSxS\amd64_microsoft.windows.common-controls_6595b64144ccf1df_6.0.26100.8521_none_3e08b75ce33403b3\COMCTL32.dll
0x00007ffb3eeb0000 - 0x00007ffb3ef59000 	C:\WINDOWS\System32\msvcrt.dll
0x00007ffb40270000 - 0x00007ffb402a2000 	C:\WINDOWS\System32\IMM32.DLL
0x00007ffb2d6e0000 - 0x00007ffb2d6ec000 	C:\Users\AFIS\.antigravity-ide\extensions\redhat.java-1.55.0-win32-x64\jre\21.0.11-win32-x86_64\bin\vcruntime140_1.dll
0x00007ffb12ca0000 - 0x00007ffb12d2d000 	C:\Users\AFIS\.antigravity-ide\extensions\redhat.java-1.55.0-win32-x64\jre\21.0.11-win32-x86_64\bin\msvcp140.dll
0x00007ffaa9010000 - 0x00007ffaa9db2000 	C:\Users\AFIS\.antigravity-ide\extensions\redhat.java-1.55.0-win32-x64\jre\21.0.11-win32-x86_64\bin\server\jvm.dll
0x00007ffb40340000 - 0x00007ffb403f6000 	C:\WINDOWS\System32\ADVAPI32.dll
0x00007ffb3ee00000 - 0x00007ffb3eeaa000 	C:\WINDOWS\System32\sechost.dll
0x00007ffb3fd30000 - 0x00007ffb3fe48000 	C:\WINDOWS\System32\RPCRT4.dll
0x00007ffb401e0000 - 0x00007ffb40260000 	C:\WINDOWS\System32\WS2_32.dll
0x00007ffb32f50000 - 0x00007ffb32f86000 	C:\WINDOWS\SYSTEM32\WINMM.dll
0x00007ffb2bbd0000 - 0x00007ffb2bbdb000 	C:\WINDOWS\SYSTEM32\VERSION.dll
0x00007ffb3d530000 - 0x00007ffb3d58e000 	C:\WINDOWS\SYSTEM32\POWRPROF.dll
0x00007ffb3d510000 - 0x00007ffb3d524000 	C:\WINDOWS\SYSTEM32\UMPDC.dll
0x00007ffb3c460000 - 0x00007ffb3c47b000 	C:\WINDOWS\SYSTEM32\kernel.appcore.dll
0x00007ffb2bed0000 - 0x00007ffb2beda000 	C:\Users\AFIS\.antigravity-ide\extensions\redhat.java-1.55.0-win32-x64\jre\21.0.11-win32-x86_64\bin\jimage.dll
0x00007ffb3af10000 - 0x00007ffb3b152000 	C:\WINDOWS\SYSTEM32\DBGHELP.DLL
0x00007ffb3fe50000 - 0x00007ffb401d3000 	C:\WINDOWS\System32\combase.dll
0x00007ffb3eaf0000 - 0x00007ffb3ebc9000 	C:\WINDOWS\System32\OLEAUT32.dll
0x00007ffb15520000 - 0x00007ffb1555b000 	C:\WINDOWS\SYSTEM32\dbgcore.DLL
0x00007ffb3d9b0000 - 0x00007ffb3da58000 	C:\WINDOWS\System32\bcryptPrimitives.dll
0x00007ffb2b160000 - 0x00007ffb2b16f000 	C:\Users\AFIS\.antigravity-ide\extensions\redhat.java-1.55.0-win32-x64\jre\21.0.11-win32-x86_64\bin\instrument.dll
0x00007ffb2a7a0000 - 0x00007ffb2a7c0000 	C:\Users\AFIS\.antigravity-ide\extensions\redhat.java-1.55.0-win32-x64\jre\21.0.11-win32-x86_64\bin\java.dll
0x00007ffb3f140000 - 0x00007ffb3f8c4000 	C:\WINDOWS\System32\SHELL32.dll
0x00007ffb3b270000 - 0x00007ffb3baf0000 	C:\WINDOWS\SYSTEM32\windows.storage.dll
0x00007ffb3e3c0000 - 0x00007ffb3e4b6000 	C:\WINDOWS\System32\SHCORE.dll
0x00007ffb3e1b0000 - 0x00007ffb3e217000 	C:\WINDOWS\System32\shlwapi.dll
0x00007ffb3d5f0000 - 0x00007ffb3d619000 	C:\WINDOWS\SYSTEM32\profapi.dll
0x00007ffb1d7d0000 - 0x00007ffb1d7e8000 	C:\Users\AFIS\.antigravity-ide\extensions\redhat.java-1.55.0-win32-x64\jre\21.0.11-win32-x86_64\bin\zip.dll
0x00007ffb26510000 - 0x00007ffb26520000 	C:\Users\AFIS\.antigravity-ide\extensions\redhat.java-1.55.0-win32-x64\jre\21.0.11-win32-x86_64\bin\net.dll
0x00007ffb2e530000 - 0x00007ffb2e659000 	C:\WINDOWS\SYSTEM32\WINHTTP.dll
0x00007ffb3c9d0000 - 0x00007ffb3ca3c000 	C:\WINDOWS\system32\mswsock.dll
0x00007ffb1d720000 - 0x00007ffb1d736000 	C:\Users\AFIS\.antigravity-ide\extensions\redhat.java-1.55.0-win32-x64\jre\21.0.11-win32-x86_64\bin\nio.dll
0x00007ffb22190000 - 0x00007ffb221a0000 	C:\Users\AFIS\.antigravity-ide\extensions\redhat.java-1.55.0-win32-x64\jre\21.0.11-win32-x86_64\bin\verify.dll
0x00007ffb1cbd0000 - 0x00007ffb1cbf7000 	C:\Users\AFIS\.gradle\native\1def1411415f61bf3af743bc5b6707747c0891f09f0c88961ee8f79bc544acac\windows-amd64\native-platform.dll
0x00007ffb0b700000 - 0x00007ffb0b778000 	C:\Users\AFIS\.gradle\native\0.2.7\x86_64-windows-gnu\gradle-fileevents.dll
0x00007ffb1d7c0000 - 0x00007ffb1d7ca000 	C:\Users\AFIS\.antigravity-ide\extensions\redhat.java-1.55.0-win32-x64\jre\21.0.11-win32-x86_64\bin\management.dll
0x00007ffb1cbc0000 - 0x00007ffb1cbcc000 	C:\Users\AFIS\.antigravity-ide\extensions\redhat.java-1.55.0-win32-x64\jre\21.0.11-win32-x86_64\bin\management_ext.dll
0x00007ffb3ede0000 - 0x00007ffb3ede8000 	C:\WINDOWS\System32\PSAPI.DLL
0x00007ffb3bed0000 - 0x00007ffb3bf03000 	C:\WINDOWS\SYSTEM32\IPHLPAPI.DLL
0x00007ffb3edf0000 - 0x00007ffb3edfa000 	C:\WINDOWS\System32\NSI.dll
0x00007ffb22080000 - 0x00007ffb22089000 	C:\Users\AFIS\.antigravity-ide\extensions\redhat.java-1.55.0-win32-x64\jre\21.0.11-win32-x86_64\bin\extnet.dll
0x00007ffb3ccb0000 - 0x00007ffb3cccb000 	C:\WINDOWS\SYSTEM32\CRYPTSP.dll
0x00007ffb3c3c0000 - 0x00007ffb3c3f9000 	C:\WINDOWS\system32\rsaenh.dll
0x00007ffb3ca80000 - 0x00007ffb3cab3000 	C:\WINDOWS\SYSTEM32\USERENV.dll
0x00007ffb3d5c0000 - 0x00007ffb3d5ea000 	C:\WINDOWS\SYSTEM32\bcrypt.dll
0x00007ffb3ccd0000 - 0x00007ffb3ccdc000 	C:\WINDOWS\SYSTEM32\CRYPTBASE.dll
0x00007ffb2b260000 - 0x00007ffb2b26e000 	C:\Users\AFIS\.antigravity-ide\extensions\redhat.java-1.55.0-win32-x64\jre\21.0.11-win32-x86_64\bin\sunmscapi.dll
0x00007ffb3d6d0000 - 0x00007ffb3d848000 	C:\WINDOWS\System32\CRYPT32.dll
0x00007ffb3ced0000 - 0x00007ffb3cf00000 	C:\WINDOWS\SYSTEM32\ncrypt.dll
0x00007ffb3ce80000 - 0x00007ffb3cebf000 	C:\WINDOWS\SYSTEM32\NTASN1.dll
0x00007ffb0a360000 - 0x00007ffb0a368000 	C:\WINDOWS\system32\wshunix.dll
0x00007ffb221a0000 - 0x00007ffb221a7000 	C:\Users\AFIS\.antigravity-ide\extensions\redhat.java-1.55.0-win32-x64\jre\21.0.11-win32-x86_64\bin\rmi.dll

JVMTI agents:
C:\Users\AFIS\.gradle\wrapper\dists\gradle-8.14.3-bin\cv11ve7ro1n3o1j4so8xd9n66\gradle-8.14.3\lib\agents\gradle-instrumentation-agent-8.14.3.jar path:C:\Users\AFIS\.antigravity-ide\extensions\redhat.java-1.55.0-win32-x64\jre\21.0.11-win32-x86_64\bin\instrument.dll, loaded, initialized, instrumentlib options:none

dbghelp: loaded successfully - version: 4.0.5 - missing functions: none
symbol engine: initialized successfully - sym options: 0x614 - pdb path: .;C:\Users\AFIS\.antigravity-ide\extensions\redhat.java-1.55.0-win32-x64\jre\21.0.11-win32-x86_64\bin;C:\WINDOWS\SYSTEM32;C:\WINDOWS\WinSxS\amd64_microsoft.windows.common-controls_6595b64144ccf1df_6.0.26100.8521_none_3e08b75ce33403b3;C:\Users\AFIS\.antigravity-ide\extensions\redhat.java-1.55.0-win32-x64\jre\21.0.11-win32-x86_64\bin\server;C:\Users\AFIS\.gradle\native\1def1411415f61bf3af743bc5b6707747c0891f09f0c88961ee8f79bc544acac\windows-amd64;C:\Users\AFIS\.gradle\native\0.2.7\x86_64-windows-gnu

VM Arguments:
jvm_args: --add-opens=java.base/java.lang=ALL-UNNAMED --add-opens=java.base/java.lang.invoke=ALL-UNNAMED --add-opens=java.base/java.util=ALL-UNNAMED --add-opens=java.prefs/java.util.prefs=ALL-UNNAMED --add-exports=jdk.compiler/com.sun.tools.javac.api=ALL-UNNAMED --add-exports=jdk.compiler/com.sun.tools.javac.util=ALL-UNNAMED --add-opens=java.base/java.util=ALL-UNNAMED --add-opens=java.prefs/java.util.prefs=ALL-UNNAMED --add-opens=java.base/java.nio.charset=ALL-UNNAMED --add-opens=java.base/java.net=ALL-UNNAMED --add-opens=java.base/java.util.concurrent.atomic=ALL-UNNAMED --add-opens=java.xml/javax.xml.namespace=ALL-UNNAMED -XX:MaxMetaspaceSize=512m -Xmx1280m -Dfile.encoding=UTF-8 -Duser.country=IN -Duser.language=en -Duser.variant -javaagent:C:\Users\AFIS\.gradle\wrapper\dists\gradle-8.14.3-bin\cv11ve7ro1n3o1j4so8xd9n66\gradle-8.14.3\lib\agents\gradle-instrumentation-agent-8.14.3.jar 
java_command: org.gradle.launcher.daemon.bootstrap.GradleDaemon 8.14.3
java_class_path (initial): C:\Users\AFIS\.gradle\wrapper\dists\gradle-8.14.3-bin\cv11ve7ro1n3o1j4so8xd9n66\gradle-8.14.3\lib\gradle-daemon-main-8.14.3.jar
Launcher Type: SUN_STANDARD

[Global flags]
     intx CICompilerCount                          = 3                                         {product} {ergonomic}
   size_t CompressedClassSpaceSize                 = 436207616                                 {product} {ergonomic}
     uint ConcGCThreads                            = 1                                         {product} {ergonomic}
     uint G1ConcRefinementThreads                  = 4                                         {product} {ergonomic}
   size_t G1HeapRegionSize                         = 1048576                                   {product} {ergonomic}
    uintx GCDrainStackTargetSize                   = 64                                        {product} {ergonomic}
   size_t InitialHeapSize                          = 130023424                                 {product} {ergonomic}
   size_t MarkStackSize                            = 4194304                                   {product} {ergonomic}
   size_t MaxHeapSize                              = 1342177280                                {product} {command line}
   size_t MaxMetaspaceSize                         = 536870912                                 {product} {command line}
   size_t MaxNewSize                               = 805306368                                 {product} {ergonomic}
   size_t MinHeapDeltaBytes                        = 1048576                                   {product} {ergonomic}
   size_t MinHeapSize                              = 8388608                                   {product} {ergonomic}
    uintx NonNMethodCodeHeapSize                   = 5832780                                {pd product} {ergonomic}
    uintx NonProfiledCodeHeapSize                  = 122912730                              {pd product} {ergonomic}
    uintx ProfiledCodeHeapSize                     = 122912730                              {pd product} {ergonomic}
    uintx ReservedCodeCacheSize                    = 251658240                              {pd product} {ergonomic}
     bool SegmentedCodeCache                       = true                                      {product} {ergonomic}
   size_t SoftMaxHeapSize                          = 1342177280                             {manageable} {ergonomic}
     bool UseCompressedOops                        = true                           {product lp64_product} {ergonomic}
     bool UseG1GC                                  = true                                      {product} {ergonomic}
     bool UseLargePagesIndividualAllocation        = false                                  {pd product} {ergonomic}

Logging:
Log output configuration:
 #0: stdout all=warning uptime,level,tags foldmultilines=false
 #1: stderr all=off uptime,level,tags foldmultilines=false

Release file:
JAVA_VERSION="21.0.11" 
MODULES="java.base java.compiler java.datatransfer java.xml java.prefs java.desktop java.instrument java.logging java.management java.security.sasl java.naming java.rmi java.management.rmi java.net.http java.scripting java.security.jgss java.transaction.xa java.sql java.sql.rowset java.xml.crypto java.se java.smartcardio jdk.accessibility jdk.internal.jvmstat jdk.attach jdk.charsets jdk.internal.opt jdk.zipfs jdk.compiler jdk.crypto.ec jdk.crypto.cryptoki jdk.crypto.mscapi jdk.dynalink jdk.internal.ed jdk.editpad jdk.hotspot.agent jdk.httpserver jdk.internal.le jdk.internal.vm.ci jdk.internal.vm.compiler jdk.internal.vm.compiler.management jdk.jartool jdk.javadoc jdk.jcmd jdk.management jdk.management.agent jdk.jconsole jdk.jdeps jdk.jdwp.agent jdk.jdi jdk.jfr jdk.jshell jdk.jsobject jdk.jstatd jdk.localedata jdk.management.jfr jdk.naming.dns jdk.naming.rmi jdk.net jdk.nio.mapmode jdk.random jdk.sctp jdk.security.auth jdk.security.jgss jdk.unsupported jdk.unsupported.desktop jdk.xml.dom" 

Environment Variables:
JAVA_HOME=C:\Program Files\Eclipse Adoptium\jdk-17.0.18.8-hotspot
PATH=C:\Program Files\Eclipse Adoptium\jdk-17.0.18.8-hotspot\bin;C:\Program Files (x86)\VMware\VMware Workstation\bin\;C:\WINDOWS\system32;C:\WINDOWS;C:\WINDOWS\System32\Wbem;C:\WINDOWS\System32\WindowsPowerShell\v1.0\;C:\WINDOWS\System32\OpenSSH\;C:\Users\AFIS\AppData\Local\Android\Sdk;C:\Program Files\Git\cmd;C:\Program Files\php-8.3.4-Win32-vs16-x64;C:\Program Files\MySQL\MySQL Server 9.0\bin;C:\Program Files\Amazon\AWSCLIV2\;C:\Users\AFIS\Desktop\Flutter\flutter\bin;C:\Program Files\cursor\resources\app\bin;C:\Program Files\SQL Anywhere 17\bin64;C:\Program Files\SQL Anywhere 17\bin32;C:\Users\AFIS\AppData\Local\nvm;C:\nvm4w\nodejs;C:\Users\AFIS\AppData\Local\Programs\Python\Python313\Scripts\;C:\Users\AFIS\AppData\Local\Programs\Python\Python313\;C:\Users\AFIS\AppData\Local\Programs\Python\Launcher\;C:\Users\AFIS\AppData\Local\Microsoft\WindowsApps;C:\Users\AFIS\AppData\Local\Programs\Microsoft VS Code\bin;C:\Users\AFIS\AppData\Local\Android\Sdk;C:\Users\AFIS\AppData\Local\GitHubDesktop\bin;C:\Users\AFIS\Desktop\Flutter\flutter\bin;C:\Users\AFIS\AppData\Roaming\npm;C:\Users\AFIS\AppData\Local\Programs\Antigravity\bin;C:\Users\AFIS\AppData\Local\Android\Sdk\platform-tools;C:\Users\AFIS\AppData\Local\Programs\Antigravity IDE\bin;C:\Users\AFIS\AppData\Local\Programs\Kiro\bin;C:\Users\AFIS\AppData\Local\nvm;C:\nvm4w\nodejs
USERNAME=AFIS
OS=Windows_NT
PROCESSOR_IDENTIFIER=Intel64 Family 6 Model 140 Stepping 1, GenuineIntel
TMP=C:\Users\AFIS\AppData\Local\Temp
TEMP=C:\Users\AFIS\AppData\Local\Temp




Periodic native trim disabled

---------------  S Y S T E M  ---------------

OS:
 Windows 11 , 64 bit Build 26100 (10.0.26100.8521)
OS uptime: 26 days 13:34 hours
Hyper-V role detected

CPU: total 4 (initial active 4) (2 cores per cpu, 2 threads per core) family 6 model 140 stepping 1 microcode 0xb4, cx8, cmov, fxsr, ht, mmx, 3dnowpref, sse, sse2, sse3, ssse3, sse4.1, sse4.2, popcnt, lzcnt, tsc, tscinvbit, avx, avx2, aes, erms, clmul, bmi1, bmi2, adx, avx512f, avx512dq, avx512cd, avx512bw, avx512vl, sha, fma, vzeroupper, avx512_vpopcntdq, avx512_vpclmulqdq, avx512_vaes, avx512_vnni, clflush, clflushopt, clwb, avx512_vbmi2, avx512_vbmi, hv, rdtscp, rdpid, fsrm, gfni, avx512_bitalg, f16c, cet_ibt, cet_ss, avx512_ifma
Processor Information for the first 4 processors :
  Max Mhz: 2901, Current Mhz: 2901, Mhz Limit: 2901

Memory: 4k page, system-wide physical 7834M (355M free)
TotalPageFile size 31386M (AvailPageFile size 4M)
current process WorkingSet (physical memory assigned to process): 326M, peak: 736M
current process commit charge ("private bytes"): 932M, peak: 936M

vm_info: OpenJDK 64-Bit Server VM (21.0.11+10-LTS) for windows-amd64 JRE (21.0.11+10-LTS), built on 2026-04-21T00:00:00Z by "admin" with MS VC++ 17.12 (VS2022)

END.
