#
# There is insufficient memory for the Java Runtime Environment to continue.
# Native memory allocation (mmap) failed to map 58720256 bytes. Error detail: G1 virtual space
# Possible reasons:
#   The system is out of physical RAM or swap space
#   This process is running with CompressedOops enabled, and the Java Heap may be blocking the growth of the native heap
# Possible solutions:
#   Reduce memory load on the system
#   Increase physical memory or swap space
#   Check if swap backing store is full
#   Decrease Java heap size (-Xmx/-Xms)
#   Decrease number of Java threads
#   Decrease Java thread stack sizes (-Xss)
#   Set larger code cache with -XX:ReservedCodeCacheSize=
#   JVM is running with Unscaled Compressed Oops mode in which the Java heap is
#     placed in the first 4GB address space. The Java Heap base address is the
#     maximum limit for the native heap growth. Please use -XX:HeapBaseMinAddress
#     to set the Java Heap base and to place the Java Heap above 4GB virtual address.
# This output file may be truncated or incomplete.
#
#  Out of Memory Error (os_windows.cpp:3714), pid=25172, tid=23156
#
# JRE version: OpenJDK Runtime Environment Temurin-21.0.11+10 (21.0.11+10) (build 21.0.11+10-LTS)
# Java VM: OpenJDK 64-Bit Server VM Temurin-21.0.11+10 (21.0.11+10-LTS, mixed mode, sharing, tiered, compressed oops, compressed class ptrs, g1 gc, windows-amd64)
# No core dump will be written. Minidumps are not enabled by default on client versions of Windows
#

---------------  S U M M A R Y ------------

Command Line: --add-opens=java.base/java.lang=ALL-UNNAMED --add-opens=java.base/java.lang.invoke=ALL-UNNAMED --add-opens=java.base/java.util=ALL-UNNAMED --add-opens=java.prefs/java.util.prefs=ALL-UNNAMED --add-exports=jdk.compiler/com.sun.tools.javac.api=ALL-UNNAMED --add-exports=jdk.compiler/com.sun.tools.javac.util=ALL-UNNAMED --add-opens=java.base/java.util=ALL-UNNAMED --add-opens=java.prefs/java.util.prefs=ALL-UNNAMED --add-opens=java.base/java.nio.charset=ALL-UNNAMED --add-opens=java.base/java.net=ALL-UNNAMED --add-opens=java.base/java.util.concurrent.atomic=ALL-UNNAMED --add-opens=java.xml/javax.xml.namespace=ALL-UNNAMED -XX:MaxMetaspaceSize=512m -Xmx1280m -Dfile.encoding=UTF-8 -Duser.country=IN -Duser.language=en -Duser.variant -javaagent:C:\Users\AFIS\.gradle\wrapper\dists\gradle-8.14.3-bin\cv11ve7ro1n3o1j4so8xd9n66\gradle-8.14.3\lib\agents\gradle-instrumentation-agent-8.14.3.jar org.gradle.launcher.daemon.bootstrap.GradleDaemon 8.14.3

Host: 11th Gen Intel(R) Core(TM) i3-1115G4 @ 3.00GHz, 4 cores, 7G,  Windows 11 , 64 bit Build 26100 (10.0.26100.8875)
Time: Tue Aug 11 15:35:23 2026 India Standard Time elapsed time: 460.626226 seconds (0d 0h 7m 40s)

---------------  T H R E A D  ---------------

Current thread (0x00000126e0a3b550):  VMThread "VM Thread"          [id=23156, stack(0x0000001d7e700000,0x0000001d7e800000) (1024K)]

Stack: [0x0000001d7e700000,0x0000001d7e800000]
Native frames: (J=compiled Java code, j=interpreted, Vv=VM code, C=native code)
V  [jvm.dll+0x6d7e19]
V  [jvm.dll+0x8b5096]
V  [jvm.dll+0x8b764e]
V  [jvm.dll+0x8b7d33]
V  [jvm.dll+0x284596]
V  [jvm.dll+0x6d4735]
V  [jvm.dll+0x6c845a]
V  [jvm.dll+0x35ef08]
V  [jvm.dll+0x366b46]
V  [jvm.dll+0x3b7c2e]
V  [jvm.dll+0x3b7ed8]
V  [jvm.dll+0x33310c]
V  [jvm.dll+0x335926]
V  [jvm.dll+0x33f91d]
V  [jvm.dll+0x374fdf]
V  [jvm.dll+0x8bda20]
V  [jvm.dll+0x8bed94]
V  [jvm.dll+0x8bf2c0]
V  [jvm.dll+0x8bf563]
V  [jvm.dll+0x85fb0d]
V  [jvm.dll+0x6d664d]
C  [ucrtbase.dll+0x2cd30]
C  [KERNEL32.DLL+0x2e957]
C  [ntdll.dll+0xaad6c]

VM_Operation (0x0000001d7e2ffae0): G1PauseRemark, mode: safepoint, requested by thread 0x00000126caafeab0


---------------  P R O C E S S  ---------------

Threads class SMR info:
_java_thread_list=0x00000126859560e0, length=64, elements={
0x00000126caaafa10, 0x00000126e0a5c580, 0x00000126e0a5dd00, 0x00000126e0a61490,
0x00000126e0a61ef0, 0x00000126e0a62950, 0x00000126e0a633b0, 0x00000126e0a64140,
0x00000126e0a6a4e0, 0x00000126e0d522a0, 0x00000126e0c6c480, 0x00000126e0ca5bc0,
0x00000126807cade0, 0x000001268137b840, 0x00000126e0abcb50, 0x00000126813738b0,
0x00000126e0ac7620, 0x00000126e0abda30, 0x0000012680940370, 0x000001268093efc0,
0x000001268093fce0, 0x0000012680940a00, 0x000001268093f650, 0x000001268093e2a0,
0x000001268093e930, 0x000001268093dc10, 0x00000126829846f0, 0x0000012682986e50,
0x0000012682984d80, 0x00000126829874e0, 0x00000126829867c0, 0x0000012682986130,
0x0000012682985aa0, 0x0000012682987b70, 0x000001268298b680, 0x000001268298aff0,
0x0000012682988200, 0x00000126832762d0, 0x0000012683272e50, 0x0000012683274890,
0x00000126832755b0, 0x00000126832734e0, 0x0000012683274f20, 0x0000012683273b70,
0x00000126812775e0, 0x0000012681277c70, 0x000001268127a3d0, 0x000001268127b780,
0x0000012681278300, 0x000001268127be10, 0x00000126828cec70, 0x00000126828d1a60,
0x00000126828fc4a0, 0x00000126828faa60, 0x00000126828f8990, 0x0000012685216d90,
0x0000012685212bf0, 0x0000012685214630, 0x0000012685212560, 0x0000012685217ab0,
0x000001268476d6d0, 0x0000012685216700, 0x0000012685213280, 0x0000012685218140
}

Java Threads: ( => current thread )
  0x00000126caaafa10 JavaThread "main"                              [_thread_blocked, id=33748, stack(0x0000001d7e000000,0x0000001d7e100000) (1024K)]
  0x00000126e0a5c580 JavaThread "Reference Handler"          daemon [_thread_blocked, id=21912, stack(0x0000001d7e800000,0x0000001d7e900000) (1024K)]
  0x00000126e0a5dd00 JavaThread "Finalizer"                  daemon [_thread_blocked, id=34564, stack(0x0000001d7e900000,0x0000001d7ea00000) (1024K)]
  0x00000126e0a61490 JavaThread "Signal Dispatcher"          daemon [_thread_blocked, id=29460, stack(0x0000001d7ea00000,0x0000001d7eb00000) (1024K)]
  0x00000126e0a61ef0 JavaThread "Attach Listener"            daemon [_thread_blocked, id=12108, stack(0x0000001d7eb00000,0x0000001d7ec00000) (1024K)]
  0x00000126e0a62950 JavaThread "Service Thread"             daemon [_thread_blocked, id=15376, stack(0x0000001d7ec00000,0x0000001d7ed00000) (1024K)]
  0x00000126e0a633b0 JavaThread "Monitor Deflation Thread"   daemon [_thread_blocked, id=28648, stack(0x0000001d7ed00000,0x0000001d7ee00000) (1024K)]
  0x00000126e0a64140 JavaThread "C2 CompilerThread0"         daemon [_thread_blocked, id=20124, stack(0x0000001d7ee00000,0x0000001d7ef00000) (1024K)]
  0x00000126e0a6a4e0 JavaThread "C1 CompilerThread0"         daemon [_thread_blocked, id=20604, stack(0x0000001d7ef00000,0x0000001d7f000000) (1024K)]
  0x00000126e0d522a0 JavaThread "Common-Cleaner"             daemon [_thread_blocked, id=20004, stack(0x0000001d7f000000,0x0000001d7f100000) (1024K)]
  0x00000126e0c6c480 JavaThread "Notification Thread"        daemon [_thread_blocked, id=18772, stack(0x0000001d7f100000,0x0000001d7f200000) (1024K)]
  0x00000126e0ca5bc0 JavaThread "Daemon health stats"               [_thread_blocked, id=25848, stack(0x0000001d7f500000,0x0000001d7f600000) (1024K)]
  0x00000126807cade0 JavaThread "Incoming local TCP Connector on port 61122"        [_thread_in_native, id=26152, stack(0x0000001d7f600000,0x0000001d7f700000) (1024K)]
  0x000001268137b840 JavaThread "Daemon periodic checks"            [_thread_blocked, id=20332, stack(0x0000001d7f700000,0x0000001d7f800000) (1024K)]
  0x00000126e0abcb50 JavaThread "Daemon"                            [_thread_blocked, id=25748, stack(0x0000001d7f800000,0x0000001d7f900000) (1024K)]
  0x00000126813738b0 JavaThread "Handler for socket connection from /127.0.0.1:61122 to /127.0.0.1:61123"        [_thread_in_native, id=13200, stack(0x0000001d7f900000,0x0000001d7fa00000) (1024K)]
  0x00000126e0ac7620 JavaThread "Cancel handler"                    [_thread_blocked, id=27908, stack(0x0000001d7fa00000,0x0000001d7fb00000) (1024K)]
  0x00000126e0abda30 JavaThread "Daemon worker"                     [_thread_blocked, id=30348, stack(0x0000001d7fb00000,0x0000001d7fc00000) (1024K)]
  0x0000012680940370 JavaThread "Asynchronous log dispatcher for DefaultDaemonConnection: socket connection from /127.0.0.1:61122 to /127.0.0.1:61123"        [_thread_blocked, id=32576, stack(0x0000001d7fc00000,0x0000001d7fd00000) (1024K)]
  0x000001268093efc0 JavaThread "Stdin handler"                     [_thread_blocked, id=26316, stack(0x0000001d7fd00000,0x0000001d7fe00000) (1024K)]
  0x000001268093fce0 JavaThread "Daemon client event forwarder"        [_thread_blocked, id=35336, stack(0x0000001d7fe00000,0x0000001d7ff00000) (1024K)]
  0x0000012680940a00 JavaThread "Cache worker for journal cache (C:\Users\AFIS\.gradle\caches\journal-1)"        [_thread_blocked, id=1780, stack(0x0000001d7ff00000,0x0000001d80000000) (1024K)]
  0x000001268093f650 JavaThread "File lock request listener"        [_thread_in_native, id=25752, stack(0x0000001d00000000,0x0000001d00100000) (1024K)]
  0x000001268093e2a0 JavaThread "Cache worker for file hash cache (C:\Users\AFIS\.gradle\caches\8.14.3\fileHashes)"        [_thread_blocked, id=16648, stack(0x0000001d00100000,0x0000001d00200000) (1024K)]
  0x000001268093e930 JavaThread "Cache worker for file hash cache (C:\Users\AFIS\Desktop\ReactNativeIMC\MeloneLite\android\.gradle\8.14.3\fileHashes)"        [_thread_blocked, id=27076, stack(0x0000001d00200000,0x0000001d00300000) (1024K)]
  0x000001268093dc10 JavaThread "Cache worker for Build Output Cleanup Cache (C:\Users\AFIS\Desktop\ReactNativeIMC\MeloneLite\android\.gradle\buildOutputCleanup)"        [_thread_blocked, id=35400, stack(0x0000001d00300000,0x0000001d00400000) (1024K)]
  0x00000126829846f0 JavaThread "File watcher server"        daemon [_thread_in_native, id=8588, stack(0x0000001d00400000,0x0000001d00500000) (1024K)]
  0x0000012682986e50 JavaThread "File watcher consumer"      daemon [_thread_blocked, id=35984, stack(0x0000001d00500000,0x0000001d00600000) (1024K)]
  0x0000012682984d80 JavaThread "jar transforms"                    [_thread_blocked, id=2576, stack(0x0000001d00600000,0x0000001d00700000) (1024K)]
  0x00000126829874e0 JavaThread "jar transforms Thread 2"           [_thread_blocked, id=19824, stack(0x0000001d00700000,0x0000001d00800000) (1024K)]
  0x00000126829867c0 JavaThread "Cache worker for checksums cache (C:\Users\AFIS\Desktop\ReactNativeIMC\MeloneLite\android\.gradle\8.14.3\checksums)"        [_thread_blocked, id=33456, stack(0x0000001d00800000,0x0000001d00900000) (1024K)]
  0x0000012682986130 JavaThread "Cache worker for file content cache (C:\Users\AFIS\.gradle\caches\8.14.3\fileContent)"        [_thread_blocked, id=11728, stack(0x0000001d00900000,0x0000001d00a00000) (1024K)]
  0x0000012682985aa0 JavaThread "jar transforms Thread 3"           [_thread_blocked, id=35948, stack(0x0000001d00a00000,0x0000001d00b00000) (1024K)]
  0x0000012682987b70 JavaThread "Cache worker for cache directory md-supplier (C:\Users\AFIS\.gradle\caches\8.14.3\md-supplier)"        [_thread_blocked, id=26304, stack(0x0000001d00e00000,0x0000001d00f00000) (1024K)]
  0x000001268298b680 JavaThread "Cache worker for cache directory md-rule (C:\Users\AFIS\.gradle\caches\8.14.3\md-rule)"        [_thread_blocked, id=13520, stack(0x0000001d00f00000,0x0000001d01000000) (1024K)]
  0x000001268298aff0 JavaThread "Cache worker for Build Output Cleanup Cache (C:\Users\AFIS\Desktop\ReactNativeIMC\MeloneLite\node_modules\@react-native\gradle-plugin\.gradle\buildOutputCleanup)"        [_thread_blocked, id=34296, stack(0x0000001d01000000,0x0000001d01100000) (1024K)]
  0x0000012682988200 JavaThread "Unconstrained build operations"        [_thread_blocked, id=30440, stack(0x0000001d01100000,0x0000001d01200000) (1024K)]
  0x00000126832762d0 JavaThread "Unconstrained build operations Thread 2"        [_thread_blocked, id=1876, stack(0x0000001d01200000,0x0000001d01300000) (1024K)]
  0x0000012683272e50 JavaThread "Unconstrained build operations Thread 3"        [_thread_blocked, id=35392, stack(0x0000001d01300000,0x0000001d01400000) (1024K)]
  0x0000012683274890 JavaThread "Cache worker for Build Output Cleanup Cache (C:\Users\AFIS\Desktop\ReactNativeIMC\MeloneLite\node_modules\expo-modules-autolinking\android\expo-gradle-plugin\.gradle\buildOutputCleanup)"        [_thread_blocked, id=33268, stack(0x0000001d01400000,0x0000001d01500000) (1024K)]
  0x00000126832755b0 JavaThread "Unconstrained build operations Thread 4"        [_thread_blocked, id=17960, stack(0x0000001d01500000,0x0000001d01600000) (1024K)]
  0x00000126832734e0 JavaThread "Unconstrained build operations Thread 5"        [_thread_blocked, id=28552, stack(0x0000001d01600000,0x0000001d01700000) (1024K)]
  0x0000012683274f20 JavaThread "Unconstrained build operations Thread 6"        [_thread_blocked, id=23848, stack(0x0000001d01700000,0x0000001d01800000) (1024K)]
  0x0000012683273b70 JavaThread "build event listener"              [_thread_blocked, id=26636, stack(0x0000001d01800000,0x0000001d01900000) (1024K)]
  0x00000126812775e0 JavaThread "Memory manager"                    [_thread_blocked, id=8868, stack(0x0000001d01900000,0x0000001d01a00000) (1024K)]
  0x0000012681277c70 JavaThread "Unconstrained build operations Thread 7"        [_thread_blocked, id=16264, stack(0x0000001d01a00000,0x0000001d01b00000) (1024K)]
  0x000001268127a3d0 JavaThread "build event listener"              [_thread_blocked, id=2816, stack(0x0000001d01b00000,0x0000001d01c00000) (1024K)]
  0x000001268127b780 JavaThread "Unconstrained build operations Thread 8"        [_thread_blocked, id=22860, stack(0x0000001d01c00000,0x0000001d01d00000) (1024K)]
  0x0000012681278300 JavaThread "Unconstrained build operations Thread 9"        [_thread_blocked, id=24432, stack(0x0000001d01d00000,0x0000001d01e00000) (1024K)]
  0x000001268127be10 JavaThread "Unconstrained build operations Thread 10"        [_thread_blocked, id=27576, stack(0x0000001d01e00000,0x0000001d01f00000) (1024K)]
  0x00000126828cec70 JavaThread "Cache worker for execution history cache (C:\Users\AFIS\Desktop\ReactNativeIMC\MeloneLite\node_modules\@react-native\gradle-plugin\.gradle\8.14.3\executionHistory)"        [_thread_blocked, id=34024, stack(0x0000001d02800000,0x0000001d02900000) (1024K)]
  0x00000126828d1a60 JavaThread "Cache worker for execution history cache (C:\Users\AFIS\Desktop\ReactNativeIMC\MeloneLite\node_modules\expo-modules-autolinking\android\expo-gradle-plugin\.gradle\8.14.3\executionHistory)"        [_thread_blocked, id=10404, stack(0x0000001d02900000,0x0000001d02a00000) (1024K)]
  0x00000126828fc4a0 JavaThread "jar transforms Thread 4"           [_thread_blocked, id=29212, stack(0x0000001d02a00000,0x0000001d02b00000) (1024K)]
  0x00000126828faa60 JavaThread "Cache worker for Build Output Cleanup Cache (C:\Users\AFIS\Desktop\ReactNativeIMC\MeloneLite\node_modules\expo-dev-launcher\expo-dev-launcher-gradle-plugin\.gradle\buildOutputCleanup)"        [_thread_blocked, id=21820, stack(0x0000001d02b00000,0x0000001d02c00000) (1024K)]
  0x00000126828f8990 JavaThread "Cache worker for Build Output Cleanup Cache (C:\Users\AFIS\Desktop\ReactNativeIMC\MeloneLite\node_modules\expo-modules-core\expo-module-gradle-plugin\.gradle\buildOutputCleanup)"        [_thread_blocked, id=36148, stack(0x0000001d02c00000,0x0000001d02d00000) (1024K)]
  0x0000012685216d90 JavaThread "build event listener"              [_thread_blocked, id=18068, stack(0x0000001d02d00000,0x0000001d02e00000) (1024K)]
  0x0000012685212bf0 JavaThread "build event listener"              [_thread_blocked, id=23168, stack(0x0000001d02e00000,0x0000001d02f00000) (1024K)]
  0x0000012685214630 JavaThread "Cache worker for execution history cache (C:\Users\AFIS\Desktop\ReactNativeIMC\MeloneLite\node_modules\expo-dev-launcher\expo-dev-launcher-gradle-plugin\.gradle\8.14.3\executionHistory)"        [_thread_blocked, id=21044, stack(0x0000001d03100000,0x0000001d03200000) (1024K)]
  0x0000012685212560 JavaThread "Cache worker for execution history cache (C:\Users\AFIS\Desktop\ReactNativeIMC\MeloneLite\node_modules\expo-modules-core\expo-module-gradle-plugin\.gradle\8.14.3\executionHistory)"        [_thread_blocked, id=26632, stack(0x0000001d03200000,0x0000001d03300000) (1024K)]
  0x0000012685217ab0 JavaThread "Problems report writer"            [_thread_blocked, id=27628, stack(0x0000001d02000000,0x0000001d02100000) (1024K)]
  0x000001268476d6d0 JavaThread "build event listener"              [_thread_blocked, id=29920, stack(0x0000001d00b00000,0x0000001d00c00000) (1024K)]
  0x0000012685216700 JavaThread "Exec process Thread 7"             [_thread_blocked, id=34872, stack(0x0000001d01f00000,0x0000001d02000000) (1024K)]
  0x0000012685213280 JavaThread "Exec process Thread 8"             [_thread_blocked, id=11884, stack(0x0000001d02100000,0x0000001d02200000) (1024K)]
  0x0000012685218140 JavaThread "Exec process Thread 9"             [_thread_blocked, id=36020, stack(0x0000001d02200000,0x0000001d02300000) (1024K)]
Total: 64

Other Threads:
=>0x00000126e0a3b550 VMThread "VM Thread"                           [id=23156, stack(0x0000001d7e700000,0x0000001d7e800000) (1024K)]
  0x00000126e0a2a140 WatcherThread "VM Periodic Task Thread"        [id=6904, stack(0x0000001d7e600000,0x0000001d7e700000) (1024K)]
  0x00000126caaefe70 WorkerThread "GC Thread#0"                     [id=29100, stack(0x0000001d7e100000,0x0000001d7e200000) (1024K)]
  0x00000126e0dd01e0 WorkerThread "GC Thread#1"                     [id=17588, stack(0x0000001d7f200000,0x0000001d7f300000) (1024K)]
  0x00000126e0e5fd90 WorkerThread "GC Thread#2"                     [id=2588, stack(0x0000001d7f300000,0x0000001d7f400000) (1024K)]
  0x0000012680785a80 WorkerThread "GC Thread#3"                     [id=28904, stack(0x0000001d7f400000,0x0000001d7f500000) (1024K)]
  0x00000126caafeab0 ConcurrentGCThread "G1 Main Marker"            [id=29400, stack(0x0000001d7e200000,0x0000001d7e300000) (1024K)]
  0x00000126cab00250 WorkerThread "G1 Conc#0"                       [id=32772, stack(0x0000001d7e300000,0x0000001d7e400000) (1024K)]
  0x00000126e08fb0f0 ConcurrentGCThread "G1 Refine#0"               [id=27712, stack(0x0000001d7e400000,0x0000001d7e500000) (1024K)]
  0x00000126e08fba80 ConcurrentGCThread "G1 Service"                [id=2452, stack(0x0000001d7e500000,0x0000001d7e600000) (1024K)]
Total: 10

Threads with active compile tasks:
Total: 0

VM state: at safepoint (normal execution)

VM Mutex/Monitor currently owned by a thread:  ([mutex/lock_event])
[0x00007ffacb21f570] Threads_lock - owner thread: 0x00000126e0a3b550
[0x00007ffacb21f670] Heap_lock - owner thread: 0x00000126caafeab0

Heap address: 0x00000000b0000000, size: 1280 MB, Compressed Oops mode: 32-bit

CDS archive(s) mapped at: [0x00000126e1000000-0x00000126e1ba0000-0x00000126e1ba0000), size 12189696, SharedBaseAddress: 0x00000126e1000000, ArchiveRelocationMode: 1.
Compressed class space mapped at: 0x00000126e2000000-0x00000126fc000000, reserved size: 436207616
Narrow klass base: 0x00000126e1000000, Narrow klass shift: 0, Narrow klass range: 0x100000000

GC Precious Log:
 CardTable entry size: 512
 Card Set container configuration: InlinePtr #cards 5 size 8 Array Of Cards #cards 12 size 40 Howl #buckets 4 coarsen threshold 1843 Howl Bitmap #cards 512 size 80 coarsen threshold 460 Card regions per heap region 1 cards per card region 2048
 CPUs: 4 total, 4 available
 Memory: 7834M
 Large Page Support: Disabled
 NUMA Support: Disabled
 Compressed Oops: Enabled (32-bit)
 Heap Region Size: 1M
 Heap Min Capacity: 8M
 Heap Initial Capacity: 124M
 Heap Max Capacity: 1280M
 Pre-touch: Disabled
 Parallel Workers: 4
 Concurrent Workers: 1
 Concurrent Refinement Workers: 4
 Periodic GC: Disabled

Heap:
 garbage-first heap   total 357376K, used 258859K [0x00000000b0000000, 0x0000000100000000)
  region size 1024K, 20 young (20480K), 8 survivors (8192K)
 Metaspace       used 132814K, committed 136128K, reserved 557056K
  class space    used 18817K, committed 20352K, reserved 425984K

Heap Regions: E=young(eden), S=young(survivor), O=old, HS=humongous(starts), HC=humongous(continues), CS=collection set, F=free, TAMS=top-at-mark-start, PB=parsable bottom
|   0|0x00000000b0000000, 0x00000000b0100000, 0x00000000b0100000|100%|HS|  |TAMS 0x00000000b0100000| PB 0x00000000b0000000| Complete 
|   1|0x00000000b0100000, 0x00000000b0200000, 0x00000000b0200000|100%|HC|  |TAMS 0x00000000b0200000| PB 0x00000000b0100000| Complete 
|   2|0x00000000b0200000, 0x00000000b0300000, 0x00000000b0300000|100%|HC|  |TAMS 0x00000000b0300000| PB 0x00000000b0200000| Complete 
|   3|0x00000000b0300000, 0x00000000b0400000, 0x00000000b0400000|100%| O|  |TAMS 0x00000000b0400000| PB 0x00000000b0400000| Untracked 
|   4|0x00000000b0400000, 0x00000000b0500000, 0x00000000b0500000|100%| O|  |TAMS 0x00000000b0500000| PB 0x00000000b0500000| Untracked 
|   5|0x00000000b0500000, 0x00000000b0600000, 0x00000000b0600000|100%| O|  |TAMS 0x00000000b0600000| PB 0x00000000b0600000| Untracked 
|   6|0x00000000b0600000, 0x00000000b0700000, 0x00000000b0700000|100%| O|  |TAMS 0x00000000b0700000| PB 0x00000000b0700000| Updating 
|   7|0x00000000b0700000, 0x00000000b0800000, 0x00000000b0800000|100%|HS|  |TAMS 0x00000000b0800000| PB 0x00000000b0700000| Complete 
|   8|0x00000000b0800000, 0x00000000b0900000, 0x00000000b0900000|100%| O|  |TAMS 0x00000000b0900000| PB 0x00000000b0900000| Updating 
|   9|0x00000000b0900000, 0x00000000b0a00000, 0x00000000b0a00000|100%| O|  |TAMS 0x00000000b0a00000| PB 0x00000000b0a00000| Untracked 
|  10|0x00000000b0a00000, 0x00000000b0b00000, 0x00000000b0b00000|100%| O|  |TAMS 0x00000000b0b00000| PB 0x00000000b0b00000| Untracked 
|  11|0x00000000b0b00000, 0x00000000b0c00000, 0x00000000b0c00000|100%| O|  |TAMS 0x00000000b0c00000| PB 0x00000000b0c00000| Updating 
|  12|0x00000000b0c00000, 0x00000000b0d00000, 0x00000000b0d00000|100%| O|  |TAMS 0x00000000b0d00000| PB 0x00000000b0d00000| Untracked 
|  13|0x00000000b0d00000, 0x00000000b0e00000, 0x00000000b0e00000|100%| O|  |TAMS 0x00000000b0e00000| PB 0x00000000b0e00000| Untracked 
|  14|0x00000000b0e00000, 0x00000000b0f00000, 0x00000000b0f00000|100%| O|  |TAMS 0x00000000b0f00000| PB 0x00000000b0f00000| Untracked 
|  15|0x00000000b0f00000, 0x00000000b1000000, 0x00000000b1000000|100%| O|  |TAMS 0x00000000b1000000| PB 0x00000000b1000000| Untracked 
|  16|0x00000000b1000000, 0x00000000b1100000, 0x00000000b1100000|100%| O|  |TAMS 0x00000000b1100000| PB 0x00000000b1100000| Updating 
|  17|0x00000000b1100000, 0x00000000b1200000, 0x00000000b1200000|100%| O|  |TAMS 0x00000000b1200000| PB 0x00000000b1200000| Untracked 
|  18|0x00000000b1200000, 0x00000000b1300000, 0x00000000b1300000|100%| O|  |TAMS 0x00000000b1300000| PB 0x00000000b1300000| Untracked 
|  19|0x00000000b1300000, 0x00000000b1400000, 0x00000000b1400000|100%| O|  |TAMS 0x00000000b1400000| PB 0x00000000b1400000| Untracked 
|  20|0x00000000b1400000, 0x00000000b1500000, 0x00000000b1500000|100%| O|  |TAMS 0x00000000b1500000| PB 0x00000000b1500000| Untracked 
|  21|0x00000000b1500000, 0x00000000b1600000, 0x00000000b1600000|100%| O|  |TAMS 0x00000000b1600000| PB 0x00000000b1600000| Updating 
|  22|0x00000000b1600000, 0x00000000b1700000, 0x00000000b1700000|100%| O|  |TAMS 0x00000000b1700000| PB 0x00000000b1700000| Untracked 
|  23|0x00000000b1700000, 0x00000000b1800000, 0x00000000b1800000|100%| O|  |TAMS 0x00000000b1800000| PB 0x00000000b1800000| Updating 
|  24|0x00000000b1800000, 0x00000000b1900000, 0x00000000b1900000|100%| O|  |TAMS 0x00000000b1900000| PB 0x00000000b1900000| Untracked 
|  25|0x00000000b1900000, 0x00000000b1a00000, 0x00000000b1a00000|100%| O|  |TAMS 0x00000000b1a00000| PB 0x00000000b1a00000| Untracked 
|  26|0x00000000b1a00000, 0x00000000b1b00000, 0x00000000b1b00000|100%| O|  |TAMS 0x00000000b1b00000| PB 0x00000000b1b00000| Untracked 
|  27|0x00000000b1b00000, 0x00000000b1c00000, 0x00000000b1c00000|100%| O|  |TAMS 0x00000000b1c00000| PB 0x00000000b1c00000| Updating 
|  28|0x00000000b1c00000, 0x00000000b1d00000, 0x00000000b1d00000|100%| O|  |TAMS 0x00000000b1d00000| PB 0x00000000b1d00000| Untracked 
|  29|0x00000000b1d00000, 0x00000000b1e00000, 0x00000000b1e00000|100%| O|  |TAMS 0x00000000b1e00000| PB 0x00000000b1e00000| Untracked 
|  30|0x00000000b1e00000, 0x00000000b1f00000, 0x00000000b1f00000|100%| O|  |TAMS 0x00000000b1f00000| PB 0x00000000b1f00000| Updating 
|  31|0x00000000b1f00000, 0x00000000b2000000, 0x00000000b2000000|100%| O|  |TAMS 0x00000000b2000000| PB 0x00000000b2000000| Untracked 
|  32|0x00000000b2000000, 0x00000000b2100000, 0x00000000b2100000|100%| O|  |TAMS 0x00000000b2100000| PB 0x00000000b2100000| Untracked 
|  33|0x00000000b2100000, 0x00000000b2200000, 0x00000000b2200000|100%| O|  |TAMS 0x00000000b2200000| PB 0x00000000b2200000| Updating 
|  34|0x00000000b2200000, 0x00000000b2300000, 0x00000000b2300000|100%| O|  |TAMS 0x00000000b2300000| PB 0x00000000b2300000| Updating 
|  35|0x00000000b2300000, 0x00000000b2400000, 0x00000000b2400000|100%| O|  |TAMS 0x00000000b2400000| PB 0x00000000b2400000| Updating 
|  36|0x00000000b2400000, 0x00000000b2500000, 0x00000000b2500000|100%| O|  |TAMS 0x00000000b2500000| PB 0x00000000b2500000| Updating 
|  37|0x00000000b2500000, 0x00000000b2600000, 0x00000000b2600000|100%| O|  |TAMS 0x00000000b2600000| PB 0x00000000b2600000| Untracked 
|  38|0x00000000b2600000, 0x00000000b2700000, 0x00000000b2700000|100%| O|  |TAMS 0x00000000b2700000| PB 0x00000000b2700000| Untracked 
|  39|0x00000000b2700000, 0x00000000b2800000, 0x00000000b2800000|100%| O|  |TAMS 0x00000000b2800000| PB 0x00000000b2800000| Untracked 
|  40|0x00000000b2800000, 0x00000000b2900000, 0x00000000b2900000|100%| O|  |TAMS 0x00000000b2900000| PB 0x00000000b2900000| Untracked 
|  41|0x00000000b2900000, 0x00000000b2a00000, 0x00000000b2a00000|100%| O|  |TAMS 0x00000000b2a00000| PB 0x00000000b2a00000| Untracked 
|  42|0x00000000b2a00000, 0x00000000b2b00000, 0x00000000b2b00000|100%| O|  |TAMS 0x00000000b2b00000| PB 0x00000000b2b00000| Untracked 
|  43|0x00000000b2b00000, 0x00000000b2c00000, 0x00000000b2c00000|100%| O|  |TAMS 0x00000000b2c00000| PB 0x00000000b2c00000| Untracked 
|  44|0x00000000b2c00000, 0x00000000b2d00000, 0x00000000b2d00000|100%| O|  |TAMS 0x00000000b2d00000| PB 0x00000000b2d00000| Untracked 
|  45|0x00000000b2d00000, 0x00000000b2e00000, 0x00000000b2e00000|100%| O|  |TAMS 0x00000000b2e00000| PB 0x00000000b2e00000| Untracked 
|  46|0x00000000b2e00000, 0x00000000b2f00000, 0x00000000b2f00000|100%| O|  |TAMS 0x00000000b2f00000| PB 0x00000000b2f00000| Updating 
|  47|0x00000000b2f00000, 0x00000000b3000000, 0x00000000b3000000|100%| O|  |TAMS 0x00000000b3000000| PB 0x00000000b3000000| Updating 
|  48|0x00000000b3000000, 0x00000000b3100000, 0x00000000b3100000|100%| O|  |TAMS 0x00000000b3100000| PB 0x00000000b3100000| Untracked 
|  49|0x00000000b3100000, 0x00000000b3200000, 0x00000000b3200000|100%| O|  |TAMS 0x00000000b3200000| PB 0x00000000b3200000| Updating 
|  50|0x00000000b3200000, 0x00000000b3300000, 0x00000000b3300000|100%| O|  |TAMS 0x00000000b3300000| PB 0x00000000b3300000| Updating 
|  51|0x00000000b3300000, 0x00000000b3400000, 0x00000000b3400000|100%| O|  |TAMS 0x00000000b3400000| PB 0x00000000b3400000| Updating 
|  52|0x00000000b3400000, 0x00000000b3500000, 0x00000000b3500000|100%| O|  |TAMS 0x00000000b3500000| PB 0x00000000b3500000| Untracked 
|  53|0x00000000b3500000, 0x00000000b3600000, 0x00000000b3600000|100%| O|  |TAMS 0x00000000b3600000| PB 0x00000000b3600000| Updating 
|  54|0x00000000b3600000, 0x00000000b3700000, 0x00000000b3700000|100%| O|  |TAMS 0x00000000b3700000| PB 0x00000000b3700000| Updating 
|  55|0x00000000b3700000, 0x00000000b3800000, 0x00000000b3800000|100%|HS|  |TAMS 0x00000000b3800000| PB 0x00000000b3700000| Complete 
|  56|0x00000000b3800000, 0x00000000b3900000, 0x00000000b3900000|100%|HC|  |TAMS 0x00000000b3900000| PB 0x00000000b3800000| Complete 
|  57|0x00000000b3900000, 0x00000000b3a00000, 0x00000000b3a00000|100%|HC|  |TAMS 0x00000000b3a00000| PB 0x00000000b3900000| Complete 
|  58|0x00000000b3a00000, 0x00000000b3b00000, 0x00000000b3b00000|100%|HS|  |TAMS 0x00000000b3b00000| PB 0x00000000b3a00000| Complete 
|  59|0x00000000b3b00000, 0x00000000b3c00000, 0x00000000b3c00000|100%|HC|  |TAMS 0x00000000b3c00000| PB 0x00000000b3b00000| Complete 
|  60|0x00000000b3c00000, 0x00000000b3d00000, 0x00000000b3d00000|100%|HC|  |TAMS 0x00000000b3d00000| PB 0x00000000b3c00000| Complete 
|  61|0x00000000b3d00000, 0x00000000b3e00000, 0x00000000b3e00000|100%| O|  |TAMS 0x00000000b3e00000| PB 0x00000000b3e00000| Updating 
|  62|0x00000000b3e00000, 0x00000000b3f00000, 0x00000000b3f00000|100%| O|  |TAMS 0x00000000b3f00000| PB 0x00000000b3f00000| Untracked 
|  63|0x00000000b3f00000, 0x00000000b4000000, 0x00000000b4000000|100%| O|  |TAMS 0x00000000b4000000| PB 0x00000000b4000000| Untracked 
|  64|0x00000000b4000000, 0x00000000b4100000, 0x00000000b4100000|100%| O|  |TAMS 0x00000000b4100000| PB 0x00000000b4100000| Untracked 
|  65|0x00000000b4100000, 0x00000000b4200000, 0x00000000b4200000|100%|HS|  |TAMS 0x00000000b4200000| PB 0x00000000b4100000| Complete 
|  66|0x00000000b4200000, 0x00000000b4300000, 0x00000000b4300000|100%| O|  |TAMS 0x00000000b4300000| PB 0x00000000b4300000| Untracked 
|  67|0x00000000b4300000, 0x00000000b4400000, 0x00000000b4400000|100%| O|  |TAMS 0x00000000b4400000| PB 0x00000000b4400000| Untracked 
|  68|0x00000000b4400000, 0x00000000b4500000, 0x00000000b4500000|100%|HS|  |TAMS 0x00000000b4500000| PB 0x00000000b4400000| Complete 
|  69|0x00000000b4500000, 0x00000000b4600000, 0x00000000b4600000|100%| O|  |TAMS 0x00000000b4600000| PB 0x00000000b4600000| Untracked 
|  70|0x00000000b4600000, 0x00000000b4700000, 0x00000000b4700000|100%| O|  |TAMS 0x00000000b4700000| PB 0x00000000b4700000| Untracked 
|  71|0x00000000b4700000, 0x00000000b4800000, 0x00000000b4800000|100%| O|  |TAMS 0x00000000b4800000| PB 0x00000000b4800000| Untracked 
|  72|0x00000000b4800000, 0x00000000b4900000, 0x00000000b4900000|100%| O|  |TAMS 0x00000000b4900000| PB 0x00000000b4900000| Untracked 
|  73|0x00000000b4900000, 0x00000000b4a00000, 0x00000000b4a00000|100%| O|  |TAMS 0x00000000b4a00000| PB 0x00000000b4a00000| Untracked 
|  74|0x00000000b4a00000, 0x00000000b4b00000, 0x00000000b4b00000|100%| O|  |TAMS 0x00000000b4b00000| PB 0x00000000b4b00000| Updating 
|  75|0x00000000b4b00000, 0x00000000b4c00000, 0x00000000b4c00000|100%| O|  |TAMS 0x00000000b4c00000| PB 0x00000000b4c00000| Untracked 
|  76|0x00000000b4c00000, 0x00000000b4d00000, 0x00000000b4d00000|100%| O|  |TAMS 0x00000000b4d00000| PB 0x00000000b4d00000| Untracked 
|  77|0x00000000b4d00000, 0x00000000b4e00000, 0x00000000b4e00000|100%| O|  |TAMS 0x00000000b4e00000| PB 0x00000000b4e00000| Updating 
|  78|0x00000000b4e00000, 0x00000000b4f00000, 0x00000000b4f00000|100%|HS|  |TAMS 0x00000000b4f00000| PB 0x00000000b4e00000| Complete 
|  79|0x00000000b4f00000, 0x00000000b5000000, 0x00000000b5000000|100%| O|  |TAMS 0x00000000b5000000| PB 0x00000000b5000000| Updating 
|  80|0x00000000b5000000, 0x00000000b5100000, 0x00000000b5100000|100%| O|  |TAMS 0x00000000b5100000| PB 0x00000000b5100000| Untracked 
|  81|0x00000000b5100000, 0x00000000b5200000, 0x00000000b5200000|100%|HS|  |TAMS 0x00000000b5200000| PB 0x00000000b5100000| Complete 
|  82|0x00000000b5200000, 0x00000000b5300000, 0x00000000b5300000|100%| O|  |TAMS 0x00000000b5300000| PB 0x00000000b5300000| Updating 
|  83|0x00000000b5300000, 0x00000000b5400000, 0x00000000b5400000|100%|HS|  |TAMS 0x00000000b5400000| PB 0x00000000b5300000| Complete 
|  84|0x00000000b5400000, 0x00000000b5500000, 0x00000000b5500000|100%| O|  |TAMS 0x00000000b5500000| PB 0x00000000b5500000| Untracked 
|  85|0x00000000b5500000, 0x00000000b5600000, 0x00000000b5600000|100%| O|  |TAMS 0x00000000b5600000| PB 0x00000000b5600000| Updating 
|  86|0x00000000b5600000, 0x00000000b5700000, 0x00000000b5700000|100%| O|  |TAMS 0x00000000b5700000| PB 0x00000000b5700000| Untracked 
|  87|0x00000000b5700000, 0x00000000b5800000, 0x00000000b5800000|100%| O|  |TAMS 0x00000000b5800000| PB 0x00000000b5800000| Untracked 
|  88|0x00000000b5800000, 0x00000000b5900000, 0x00000000b5900000|100%| O|  |TAMS 0x00000000b5900000| PB 0x00000000b5900000| Untracked 
|  89|0x00000000b5900000, 0x00000000b5a00000, 0x00000000b5a00000|100%| O|  |TAMS 0x00000000b5a00000| PB 0x00000000b5a00000| Untracked 
|  90|0x00000000b5a00000, 0x00000000b5b00000, 0x00000000b5b00000|100%| O|  |TAMS 0x00000000b5b00000| PB 0x00000000b5b00000| Untracked 
|  91|0x00000000b5b00000, 0x00000000b5c00000, 0x00000000b5c00000|100%|HS|  |TAMS 0x00000000b5c00000| PB 0x00000000b5b00000| Complete 
|  92|0x00000000b5c00000, 0x00000000b5d00000, 0x00000000b5d00000|100%| O|  |TAMS 0x00000000b5d00000| PB 0x00000000b5d00000| Updating 
|  93|0x00000000b5d00000, 0x00000000b5e00000, 0x00000000b5e00000|100%| O|  |TAMS 0x00000000b5e00000| PB 0x00000000b5e00000| Untracked 
|  94|0x00000000b5e00000, 0x00000000b5f00000, 0x00000000b5f00000|100%| O|  |TAMS 0x00000000b5f00000| PB 0x00000000b5f00000| Updating 
|  95|0x00000000b5f00000, 0x00000000b6000000, 0x00000000b6000000|100%|HS|  |TAMS 0x00000000b6000000| PB 0x00000000b5f00000| Complete 
|  96|0x00000000b6000000, 0x00000000b6100000, 0x00000000b6100000|100%| O|  |TAMS 0x00000000b6100000| PB 0x00000000b6100000| Updating 
|  97|0x00000000b6100000, 0x00000000b6200000, 0x00000000b6200000|100%| O|  |TAMS 0x00000000b6200000| PB 0x00000000b6200000| Untracked 
|  98|0x00000000b6200000, 0x00000000b6300000, 0x00000000b6300000|100%| O|  |TAMS 0x00000000b6300000| PB 0x00000000b6300000| Untracked 
|  99|0x00000000b6300000, 0x00000000b6400000, 0x00000000b6400000|100%| O|  |TAMS 0x00000000b6400000| PB 0x00000000b6400000| Untracked 
| 100|0x00000000b6400000, 0x00000000b6500000, 0x00000000b6500000|100%| O|  |TAMS 0x00000000b6500000| PB 0x00000000b6500000| Untracked 
| 101|0x00000000b6500000, 0x00000000b6600000, 0x00000000b6600000|100%| O|  |TAMS 0x00000000b6600000| PB 0x00000000b6600000| Untracked 
| 102|0x00000000b6600000, 0x00000000b6700000, 0x00000000b6700000|100%| O|  |TAMS 0x00000000b6700000| PB 0x00000000b6700000| Untracked 
| 103|0x00000000b6700000, 0x00000000b6800000, 0x00000000b6800000|100%| O|  |TAMS 0x00000000b6800000| PB 0x00000000b6800000| Untracked 
| 104|0x00000000b6800000, 0x00000000b6900000, 0x00000000b6900000|100%| O|  |TAMS 0x00000000b6900000| PB 0x00000000b6900000| Untracked 
| 105|0x00000000b6900000, 0x00000000b6a00000, 0x00000000b6a00000|100%| O|  |TAMS 0x00000000b6a00000| PB 0x00000000b6a00000| Untracked 
| 106|0x00000000b6a00000, 0x00000000b6b00000, 0x00000000b6b00000|100%| O|  |TAMS 0x00000000b6b00000| PB 0x00000000b6b00000| Updating 
| 107|0x00000000b6b00000, 0x00000000b6c00000, 0x00000000b6c00000|100%| O|  |TAMS 0x00000000b6c00000| PB 0x00000000b6c00000| Updating 
| 108|0x00000000b6c00000, 0x00000000b6d00000, 0x00000000b6d00000|100%| O|  |TAMS 0x00000000b6d00000| PB 0x00000000b6d00000| Untracked 
| 109|0x00000000b6d00000, 0x00000000b6e00000, 0x00000000b6e00000|100%|HS|  |TAMS 0x00000000b6e00000| PB 0x00000000b6d00000| Complete 
| 110|0x00000000b6e00000, 0x00000000b6f00000, 0x00000000b6f00000|100%|HC|  |TAMS 0x00000000b6f00000| PB 0x00000000b6e00000| Complete 
| 111|0x00000000b6f00000, 0x00000000b7000000, 0x00000000b7000000|100%|HC|  |TAMS 0x00000000b7000000| PB 0x00000000b6f00000| Complete 
| 112|0x00000000b7000000, 0x00000000b7100000, 0x00000000b7100000|100%| O|  |TAMS 0x00000000b7100000| PB 0x00000000b7100000| Untracked 
| 113|0x00000000b7100000, 0x00000000b7200000, 0x00000000b7200000|100%| O|  |TAMS 0x00000000b7200000| PB 0x00000000b7200000| Untracked 
| 114|0x00000000b7200000, 0x00000000b7300000, 0x00000000b7300000|100%| O|  |TAMS 0x00000000b7300000| PB 0x00000000b7300000| Untracked 
| 115|0x00000000b7300000, 0x00000000b7400000, 0x00000000b7400000|100%| O|  |TAMS 0x00000000b7400000| PB 0x00000000b7400000| Updating 
| 116|0x00000000b7400000, 0x00000000b7500000, 0x00000000b7500000|100%| O|  |TAMS 0x00000000b7500000| PB 0x00000000b7500000| Untracked 
| 117|0x00000000b7500000, 0x00000000b7600000, 0x00000000b7600000|100%| O|  |TAMS 0x00000000b7600000| PB 0x00000000b7600000| Untracked 
| 118|0x00000000b7600000, 0x00000000b7700000, 0x00000000b7700000|100%| O|  |TAMS 0x00000000b7700000| PB 0x00000000b7700000| Untracked 
| 119|0x00000000b7700000, 0x00000000b7800000, 0x00000000b7800000|100%| O|  |TAMS 0x00000000b7800000| PB 0x00000000b7800000| Untracked 
| 120|0x00000000b7800000, 0x00000000b7900000, 0x00000000b7900000|100%| O|  |TAMS 0x00000000b7900000| PB 0x00000000b7900000| Untracked 
| 121|0x00000000b7900000, 0x00000000b7a00000, 0x00000000b7a00000|100%| O|  |TAMS 0x00000000b7a00000| PB 0x00000000b7a00000| Untracked 
| 122|0x00000000b7a00000, 0x00000000b7b00000, 0x00000000b7b00000|100%| O|  |TAMS 0x00000000b7b00000| PB 0x00000000b7b00000| Untracked 
| 123|0x00000000b7b00000, 0x00000000b7c00000, 0x00000000b7c00000|100%| O|  |TAMS 0x00000000b7c00000| PB 0x00000000b7c00000| Untracked 
| 124|0x00000000b7c00000, 0x00000000b7d00000, 0x00000000b7d00000|100%| O|  |TAMS 0x00000000b7d00000| PB 0x00000000b7d00000| Untracked 
| 125|0x00000000b7d00000, 0x00000000b7e00000, 0x00000000b7e00000|100%| O|  |TAMS 0x00000000b7e00000| PB 0x00000000b7e00000| Untracked 
| 126|0x00000000b7e00000, 0x00000000b7f00000, 0x00000000b7f00000|100%| O|  |TAMS 0x00000000b7f00000| PB 0x00000000b7f00000| Untracked 
| 127|0x00000000b7f00000, 0x00000000b8000000, 0x00000000b8000000|100%| O|  |TAMS 0x00000000b8000000| PB 0x00000000b8000000| Updating 
| 128|0x00000000b8000000, 0x00000000b8100000, 0x00000000b8100000|100%| O|  |TAMS 0x00000000b8100000| PB 0x00000000b8100000| Untracked 
| 129|0x00000000b8100000, 0x00000000b8200000, 0x00000000b8200000|100%| O|  |TAMS 0x00000000b8200000| PB 0x00000000b8200000| Untracked 
| 130|0x00000000b8200000, 0x00000000b8300000, 0x00000000b8300000|100%| O|  |TAMS 0x00000000b8300000| PB 0x00000000b8300000| Untracked 
| 131|0x00000000b8300000, 0x00000000b8400000, 0x00000000b8400000|100%| O|  |TAMS 0x00000000b8400000| PB 0x00000000b8400000| Untracked 
| 132|0x00000000b8400000, 0x00000000b8500000, 0x00000000b8500000|100%| O|  |TAMS 0x00000000b8500000| PB 0x00000000b8500000| Untracked 
| 133|0x00000000b8500000, 0x00000000b8600000, 0x00000000b8600000|100%| O|  |TAMS 0x00000000b8600000| PB 0x00000000b8600000| Untracked 
| 134|0x00000000b8600000, 0x00000000b8700000, 0x00000000b8700000|100%| O|  |TAMS 0x00000000b8700000| PB 0x00000000b8700000| Updating 
| 135|0x00000000b8700000, 0x00000000b8800000, 0x00000000b8800000|100%| O|  |TAMS 0x00000000b8800000| PB 0x00000000b8800000| Updating 
| 136|0x00000000b8800000, 0x00000000b8900000, 0x00000000b8900000|100%| O|  |TAMS 0x00000000b8900000| PB 0x00000000b8900000| Untracked 
| 137|0x00000000b8900000, 0x00000000b8a00000, 0x00000000b8a00000|100%| O|  |TAMS 0x00000000b8a00000| PB 0x00000000b8a00000| Untracked 
| 138|0x00000000b8a00000, 0x00000000b8b00000, 0x00000000b8b00000|100%| O|  |TAMS 0x00000000b8b00000| PB 0x00000000b8b00000| Untracked 
| 139|0x00000000b8b00000, 0x00000000b8c00000, 0x00000000b8c00000|100%| O|  |TAMS 0x00000000b8c00000| PB 0x00000000b8c00000| Untracked 
| 140|0x00000000b8c00000, 0x00000000b8d00000, 0x00000000b8d00000|100%| O|  |TAMS 0x00000000b8d00000| PB 0x00000000b8d00000| Untracked 
| 141|0x00000000b8d00000, 0x00000000b8e00000, 0x00000000b8e00000|100%| O|  |TAMS 0x00000000b8e00000| PB 0x00000000b8e00000| Untracked 
| 142|0x00000000b8e00000, 0x00000000b8f00000, 0x00000000b8f00000|100%| O|  |TAMS 0x00000000b8f00000| PB 0x00000000b8f00000| Untracked 
| 143|0x00000000b8f00000, 0x00000000b9000000, 0x00000000b9000000|100%| O|  |TAMS 0x00000000b9000000| PB 0x00000000b9000000| Updating 
| 144|0x00000000b9000000, 0x00000000b9100000, 0x00000000b9100000|100%| O|  |TAMS 0x00000000b9100000| PB 0x00000000b9100000| Untracked 
| 145|0x00000000b9100000, 0x00000000b9200000, 0x00000000b9200000|100%| O|  |TAMS 0x00000000b9200000| PB 0x00000000b9200000| Untracked 
| 146|0x00000000b9200000, 0x00000000b9300000, 0x00000000b9300000|100%| O|  |TAMS 0x00000000b9300000| PB 0x00000000b9300000| Untracked 
| 147|0x00000000b9300000, 0x00000000b9400000, 0x00000000b9400000|100%| O|  |TAMS 0x00000000b9400000| PB 0x00000000b9400000| Untracked 
| 148|0x00000000b9400000, 0x00000000b9500000, 0x00000000b9500000|100%| O|  |TAMS 0x00000000b9500000| PB 0x00000000b9500000| Untracked 
| 149|0x00000000b9500000, 0x00000000b9600000, 0x00000000b9600000|100%| O|  |TAMS 0x00000000b9600000| PB 0x00000000b9600000| Untracked 
| 150|0x00000000b9600000, 0x00000000b9700000, 0x00000000b9700000|100%| O|  |TAMS 0x00000000b9700000| PB 0x00000000b9700000| Untracked 
| 151|0x00000000b9700000, 0x00000000b9800000, 0x00000000b9800000|100%|HS|  |TAMS 0x00000000b9800000| PB 0x00000000b9700000| Complete 
| 152|0x00000000b9800000, 0x00000000b9900000, 0x00000000b9900000|100%|HS|  |TAMS 0x00000000b9900000| PB 0x00000000b9800000| Complete 
| 153|0x00000000b9900000, 0x00000000b9a00000, 0x00000000b9a00000|100%| O|  |TAMS 0x00000000b9a00000| PB 0x00000000b9a00000| Untracked 
| 154|0x00000000b9a00000, 0x00000000b9b00000, 0x00000000b9b00000|100%| O|  |TAMS 0x00000000b9b00000| PB 0x00000000b9b00000| Updating 
| 155|0x00000000b9b00000, 0x00000000b9c00000, 0x00000000b9c00000|100%|HS|  |TAMS 0x00000000b9c00000| PB 0x00000000b9b00000| Complete 
| 156|0x00000000b9c00000, 0x00000000b9d00000, 0x00000000b9d00000|100%| O|  |TAMS 0x00000000b9d00000| PB 0x00000000b9d00000| Untracked 
| 157|0x00000000b9d00000, 0x00000000b9e00000, 0x00000000b9e00000|100%| O|  |TAMS 0x00000000b9e00000| PB 0x00000000b9e00000| Untracked 
| 158|0x00000000b9e00000, 0x00000000b9f00000, 0x00000000b9f00000|100%| O|  |TAMS 0x00000000b9f00000| PB 0x00000000b9f00000| Untracked 
| 159|0x00000000b9f00000, 0x00000000ba000000, 0x00000000ba000000|100%| O|  |TAMS 0x00000000ba000000| PB 0x00000000ba000000| Untracked 
| 160|0x00000000ba000000, 0x00000000ba100000, 0x00000000ba100000|100%| O|  |TAMS 0x00000000ba100000| PB 0x00000000ba100000| Untracked 
| 161|0x00000000ba100000, 0x00000000ba200000, 0x00000000ba200000|100%| O|  |TAMS 0x00000000ba200000| PB 0x00000000ba200000| Untracked 
| 162|0x00000000ba200000, 0x00000000ba300000, 0x00000000ba300000|100%| O|  |TAMS 0x00000000ba300000| PB 0x00000000ba300000| Untracked 
| 163|0x00000000ba300000, 0x00000000ba400000, 0x00000000ba400000|100%| O|  |TAMS 0x00000000ba400000| PB 0x00000000ba400000| Untracked 
| 164|0x00000000ba400000, 0x00000000ba500000, 0x00000000ba500000|100%| O|  |TAMS 0x00000000ba500000| PB 0x00000000ba500000| Untracked 
| 165|0x00000000ba500000, 0x00000000ba600000, 0x00000000ba600000|100%| O|  |TAMS 0x00000000ba600000| PB 0x00000000ba600000| Untracked 
| 166|0x00000000ba600000, 0x00000000ba700000, 0x00000000ba700000|100%| O|  |TAMS 0x00000000ba700000| PB 0x00000000ba700000| Untracked 
| 167|0x00000000ba700000, 0x00000000ba800000, 0x00000000ba800000|100%| O|  |TAMS 0x00000000ba800000| PB 0x00000000ba800000| Untracked 
| 168|0x00000000ba800000, 0x00000000ba900000, 0x00000000ba900000|100%| O|  |TAMS 0x00000000ba900000| PB 0x00000000ba900000| Untracked 
| 169|0x00000000ba900000, 0x00000000baa00000, 0x00000000baa00000|100%| O|  |TAMS 0x00000000baa00000| PB 0x00000000baa00000| Untracked 
| 170|0x00000000baa00000, 0x00000000bab00000, 0x00000000bab00000|100%| O|  |TAMS 0x00000000bab00000| PB 0x00000000bab00000| Untracked 
| 171|0x00000000bab00000, 0x00000000bac00000, 0x00000000bac00000|100%| O|  |TAMS 0x00000000bac00000| PB 0x00000000bac00000| Untracked 
| 172|0x00000000bac00000, 0x00000000bad00000, 0x00000000bad00000|100%| O|  |TAMS 0x00000000bad00000| PB 0x00000000bad00000| Untracked 
| 173|0x00000000bad00000, 0x00000000bae00000, 0x00000000bae00000|100%| O|  |TAMS 0x00000000bae00000| PB 0x00000000bae00000| Untracked 
| 174|0x00000000bae00000, 0x00000000baf00000, 0x00000000baf00000|100%| O|  |TAMS 0x00000000baf00000| PB 0x00000000baf00000| Updating 
| 175|0x00000000baf00000, 0x00000000bb000000, 0x00000000bb000000|100%| O|  |TAMS 0x00000000bb000000| PB 0x00000000bb000000| Untracked 
| 176|0x00000000bb000000, 0x00000000bb100000, 0x00000000bb100000|100%| O|  |TAMS 0x00000000bb100000| PB 0x00000000bb100000| Untracked 
| 177|0x00000000bb100000, 0x00000000bb200000, 0x00000000bb200000|100%| O|  |TAMS 0x00000000bb200000| PB 0x00000000bb200000| Untracked 
| 178|0x00000000bb200000, 0x00000000bb300000, 0x00000000bb300000|100%| O|  |TAMS 0x00000000bb300000| PB 0x00000000bb300000| Untracked 
| 179|0x00000000bb300000, 0x00000000bb400000, 0x00000000bb400000|100%| O|  |TAMS 0x00000000bb400000| PB 0x00000000bb400000| Untracked 
| 180|0x00000000bb400000, 0x00000000bb500000, 0x00000000bb500000|100%| O|  |TAMS 0x00000000bb500000| PB 0x00000000bb500000| Untracked 
| 181|0x00000000bb500000, 0x00000000bb600000, 0x00000000bb600000|100%| O|  |TAMS 0x00000000bb600000| PB 0x00000000bb600000| Untracked 
| 182|0x00000000bb600000, 0x00000000bb700000, 0x00000000bb700000|100%| O|  |TAMS 0x00000000bb700000| PB 0x00000000bb700000| Untracked 
| 183|0x00000000bb700000, 0x00000000bb800000, 0x00000000bb800000|100%| O|  |TAMS 0x00000000bb800000| PB 0x00000000bb800000| Untracked 
| 184|0x00000000bb800000, 0x00000000bb900000, 0x00000000bb900000|100%| O|  |TAMS 0x00000000bb900000| PB 0x00000000bb900000| Updating 
| 185|0x00000000bb900000, 0x00000000bba00000, 0x00000000bba00000|100%| O|  |TAMS 0x00000000bba00000| PB 0x00000000bba00000| Untracked 
| 186|0x00000000bba00000, 0x00000000bbb00000, 0x00000000bbb00000|100%| O|  |TAMS 0x00000000bbb00000| PB 0x00000000bbb00000| Updating 
| 187|0x00000000bbb00000, 0x00000000bbc00000, 0x00000000bbc00000|100%|HS|  |TAMS 0x00000000bbc00000| PB 0x00000000bbb00000| Complete 
| 188|0x00000000bbc00000, 0x00000000bbd00000, 0x00000000bbd00000|100%| O|  |TAMS 0x00000000bbd00000| PB 0x00000000bbd00000| Untracked 
| 189|0x00000000bbd00000, 0x00000000bbe00000, 0x00000000bbe00000|100%| O|  |TAMS 0x00000000bbe00000| PB 0x00000000bbe00000| Untracked 
| 190|0x00000000bbe00000, 0x00000000bbf00000, 0x00000000bbf00000|100%| O|  |TAMS 0x00000000bbf00000| PB 0x00000000bbf00000| Untracked 
| 191|0x00000000bbf00000, 0x00000000bc000000, 0x00000000bc000000|100%| O|  |TAMS 0x00000000bc000000| PB 0x00000000bc000000| Untracked 
| 192|0x00000000bc000000, 0x00000000bc100000, 0x00000000bc100000|100%| O|  |TAMS 0x00000000bc100000| PB 0x00000000bc100000| Untracked 
| 193|0x00000000bc100000, 0x00000000bc200000, 0x00000000bc200000|100%| O|  |TAMS 0x00000000bc200000| PB 0x00000000bc200000| Untracked 
| 194|0x00000000bc200000, 0x00000000bc300000, 0x00000000bc300000|100%| O|  |TAMS 0x00000000bc300000| PB 0x00000000bc300000| Untracked 
| 195|0x00000000bc300000, 0x00000000bc400000, 0x00000000bc400000|100%| O|  |TAMS 0x00000000bc400000| PB 0x00000000bc400000| Untracked 
| 196|0x00000000bc400000, 0x00000000bc500000, 0x00000000bc500000|100%| O|  |TAMS 0x00000000bc500000| PB 0x00000000bc500000| Untracked 
| 197|0x00000000bc500000, 0x00000000bc600000, 0x00000000bc600000|100%| O|  |TAMS 0x00000000bc600000| PB 0x00000000bc600000| Untracked 
| 198|0x00000000bc600000, 0x00000000bc700000, 0x00000000bc700000|100%| O|  |TAMS 0x00000000bc700000| PB 0x00000000bc700000| Updating 
| 199|0x00000000bc700000, 0x00000000bc800000, 0x00000000bc800000|100%| O|  |TAMS 0x00000000bc800000| PB 0x00000000bc800000| Updating 
| 200|0x00000000bc800000, 0x00000000bc900000, 0x00000000bc900000|100%| O|  |TAMS 0x00000000bc900000| PB 0x00000000bc900000| Updating 
| 201|0x00000000bc900000, 0x00000000bca00000, 0x00000000bca00000|100%| O|  |TAMS 0x00000000bca00000| PB 0x00000000bca00000| Untracked 
| 202|0x00000000bca00000, 0x00000000bcb00000, 0x00000000bcb00000|100%| O|  |TAMS 0x00000000bcb00000| PB 0x00000000bcb00000| Untracked 
| 203|0x00000000bcb00000, 0x00000000bcc00000, 0x00000000bcc00000|100%| O|  |TAMS 0x00000000bcc00000| PB 0x00000000bcc00000| Untracked 
| 204|0x00000000bcc00000, 0x00000000bcd00000, 0x00000000bcd00000|100%| O|  |TAMS 0x00000000bcd00000| PB 0x00000000bcd00000| Updating 
| 205|0x00000000bcd00000, 0x00000000bce00000, 0x00000000bce00000|100%| O|  |TAMS 0x00000000bce00000| PB 0x00000000bce00000| Untracked 
| 206|0x00000000bce00000, 0x00000000bcf00000, 0x00000000bcf00000|100%| O|  |TAMS 0x00000000bcf00000| PB 0x00000000bcf00000| Untracked 
| 207|0x00000000bcf00000, 0x00000000bd000000, 0x00000000bd000000|100%| O|  |TAMS 0x00000000bd000000| PB 0x00000000bd000000| Untracked 
| 208|0x00000000bd000000, 0x00000000bd100000, 0x00000000bd100000|100%| O|  |TAMS 0x00000000bd100000| PB 0x00000000bd100000| Untracked 
| 209|0x00000000bd100000, 0x00000000bd200000, 0x00000000bd200000|100%| O|  |TAMS 0x00000000bd200000| PB 0x00000000bd200000| Untracked 
| 210|0x00000000bd200000, 0x00000000bd300000, 0x00000000bd300000|100%| O|  |TAMS 0x00000000bd300000| PB 0x00000000bd300000| Untracked 
| 211|0x00000000bd300000, 0x00000000bd400000, 0x00000000bd400000|100%| O|  |TAMS 0x00000000bd400000| PB 0x00000000bd400000| Updating 
| 212|0x00000000bd400000, 0x00000000bd500000, 0x00000000bd500000|100%| O|  |TAMS 0x00000000bd500000| PB 0x00000000bd500000| Updating 
| 213|0x00000000bd500000, 0x00000000bd600000, 0x00000000bd600000|100%|HS|  |TAMS 0x00000000bd600000| PB 0x00000000bd500000| Complete 
| 214|0x00000000bd600000, 0x00000000bd700000, 0x00000000bd700000|100%|HS|  |TAMS 0x00000000bd700000| PB 0x00000000bd600000| Complete 
| 215|0x00000000bd700000, 0x00000000bd800000, 0x00000000bd800000|100%| O|  |TAMS 0x00000000bd800000| PB 0x00000000bd800000| Untracked 
| 216|0x00000000bd800000, 0x00000000bd900000, 0x00000000bd900000|100%| O|  |TAMS 0x00000000bd900000| PB 0x00000000bd900000| Untracked 
| 217|0x00000000bd900000, 0x00000000bda00000, 0x00000000bda00000|100%| O|  |TAMS 0x00000000bda00000| PB 0x00000000bda00000| Updating 
| 218|0x00000000bda00000, 0x00000000bdb00000, 0x00000000bdb00000|100%| O|  |TAMS 0x00000000bdb00000| PB 0x00000000bdb00000| Untracked 
| 219|0x00000000bdb00000, 0x00000000bdc00000, 0x00000000bdc00000|100%| O|  |TAMS 0x00000000bdc00000| PB 0x00000000bdc00000| Untracked 
| 220|0x00000000bdc00000, 0x00000000bdd00000, 0x00000000bdd00000|100%| O|  |TAMS 0x00000000bdd00000| PB 0x00000000bdd00000| Updating 
| 221|0x00000000bdd00000, 0x00000000bde00000, 0x00000000bde00000|100%| O|  |TAMS 0x00000000bde00000| PB 0x00000000bde00000| Updating 
| 222|0x00000000bde00000, 0x00000000bdf00000, 0x00000000bdf00000|100%| O|  |TAMS 0x00000000bdf00000| PB 0x00000000bdf00000| Untracked 
| 223|0x00000000bdf00000, 0x00000000be000000, 0x00000000be000000|100%| O|  |TAMS 0x00000000be000000| PB 0x00000000be000000| Untracked 
| 224|0x00000000be000000, 0x00000000be100000, 0x00000000be100000|100%| O|  |TAMS 0x00000000be100000| PB 0x00000000be100000| Untracked 
| 225|0x00000000be100000, 0x00000000be200000, 0x00000000be200000|100%| O|  |TAMS 0x00000000be200000| PB 0x00000000be200000| Untracked 
| 226|0x00000000be200000, 0x00000000be300000, 0x00000000be300000|100%| O|  |TAMS 0x00000000be300000| PB 0x00000000be300000| Untracked 
| 227|0x00000000be300000, 0x00000000be400000, 0x00000000be400000|100%| O|  |TAMS 0x00000000be400000| PB 0x00000000be400000| Updating 
| 228|0x00000000be400000, 0x00000000be500000, 0x00000000be500000|100%| O|  |TAMS 0x00000000be500000| PB 0x00000000be500000| Updating 
| 229|0x00000000be500000, 0x00000000be57aee0, 0x00000000be600000| 48%| O|  |TAMS 0x00000000be57aee0| PB 0x00000000be57aee0| Updating 
| 230|0x00000000be600000, 0x00000000be600000, 0x00000000be700000|  0%| F|  |TAMS 0x00000000be600000| PB 0x00000000be600000| Untracked 
| 231|0x00000000be700000, 0x00000000be700000, 0x00000000be800000|  0%| F|  |TAMS 0x00000000be700000| PB 0x00000000be700000| Untracked 
| 232|0x00000000be800000, 0x00000000be800000, 0x00000000be900000|  0%| F|  |TAMS 0x00000000be800000| PB 0x00000000be800000| Untracked 
| 233|0x00000000be900000, 0x00000000be900000, 0x00000000bea00000|  0%| F|  |TAMS 0x00000000be900000| PB 0x00000000be900000| Untracked 
| 234|0x00000000bea00000, 0x00000000bea00000, 0x00000000beb00000|  0%| F|  |TAMS 0x00000000bea00000| PB 0x00000000bea00000| Untracked 
| 235|0x00000000beb00000, 0x00000000beb00000, 0x00000000bec00000|  0%| F|  |TAMS 0x00000000beb00000| PB 0x00000000beb00000| Untracked 
| 236|0x00000000bec00000, 0x00000000bec00000, 0x00000000bed00000|  0%| F|  |TAMS 0x00000000bec00000| PB 0x00000000bec00000| Untracked 
| 237|0x00000000bed00000, 0x00000000bed00000, 0x00000000bee00000|  0%| F|  |TAMS 0x00000000bed00000| PB 0x00000000bed00000| Untracked 
| 238|0x00000000bee00000, 0x00000000bee00000, 0x00000000bef00000|  0%| F|  |TAMS 0x00000000bee00000| PB 0x00000000bee00000| Untracked 
| 239|0x00000000bef00000, 0x00000000bef00000, 0x00000000bf000000|  0%| F|  |TAMS 0x00000000bef00000| PB 0x00000000bef00000| Untracked 
| 240|0x00000000bf000000, 0x00000000bf000000, 0x00000000bf100000|  0%| F|  |TAMS 0x00000000bf000000| PB 0x00000000bf000000| Untracked 
| 241|0x00000000bf100000, 0x00000000bf100000, 0x00000000bf200000|  0%| F|  |TAMS 0x00000000bf100000| PB 0x00000000bf100000| Untracked 
| 242|0x00000000bf200000, 0x00000000bf200000, 0x00000000bf300000|  0%| F|  |TAMS 0x00000000bf200000| PB 0x00000000bf200000| Untracked 
| 243|0x00000000bf300000, 0x00000000bf300000, 0x00000000bf400000|  0%| F|  |TAMS 0x00000000bf300000| PB 0x00000000bf300000| Untracked 
| 244|0x00000000bf400000, 0x00000000bf400000, 0x00000000bf500000|  0%| F|  |TAMS 0x00000000bf400000| PB 0x00000000bf400000| Untracked 
| 245|0x00000000bf500000, 0x00000000bf500000, 0x00000000bf600000|  0%| F|  |TAMS 0x00000000bf500000| PB 0x00000000bf500000| Untracked 
| 246|0x00000000bf600000, 0x00000000bf600000, 0x00000000bf700000|  0%| F|  |TAMS 0x00000000bf600000| PB 0x00000000bf600000| Untracked 
| 247|0x00000000bf700000, 0x00000000bf700000, 0x00000000bf800000|  0%| F|  |TAMS 0x00000000bf700000| PB 0x00000000bf700000| Untracked 
| 248|0x00000000bf800000, 0x00000000bf800000, 0x00000000bf900000|  0%| F|  |TAMS 0x00000000bf800000| PB 0x00000000bf800000| Untracked 
| 249|0x00000000bf900000, 0x00000000bf900000, 0x00000000bfa00000|  0%| F|  |TAMS 0x00000000bf900000| PB 0x00000000bf900000| Untracked 
| 250|0x00000000bfa00000, 0x00000000bfa00000, 0x00000000bfb00000|  0%| F|  |TAMS 0x00000000bfa00000| PB 0x00000000bfa00000| Untracked 
| 251|0x00000000bfb00000, 0x00000000bfb00000, 0x00000000bfc00000|  0%| F|  |TAMS 0x00000000bfb00000| PB 0x00000000bfb00000| Untracked 
| 252|0x00000000bfc00000, 0x00000000bfc00000, 0x00000000bfd00000|  0%| F|  |TAMS 0x00000000bfc00000| PB 0x00000000bfc00000| Untracked 
| 253|0x00000000bfd00000, 0x00000000bfd4fe90, 0x00000000bfe00000| 31%| S|CS|TAMS 0x00000000bfd00000| PB 0x00000000bfd00000| Complete 
| 254|0x00000000bfe00000, 0x00000000bff00000, 0x00000000bff00000|100%| S|CS|TAMS 0x00000000bfe00000| PB 0x00000000bfe00000| Complete 
| 255|0x00000000bff00000, 0x00000000c0000000, 0x00000000c0000000|100%| S|CS|TAMS 0x00000000bff00000| PB 0x00000000bff00000| Complete 
| 256|0x00000000c0000000, 0x00000000c0100000, 0x00000000c0100000|100%| S|CS|TAMS 0x00000000c0000000| PB 0x00000000c0000000| Complete 
| 257|0x00000000c0100000, 0x00000000c0200000, 0x00000000c0200000|100%| S|CS|TAMS 0x00000000c0100000| PB 0x00000000c0100000| Complete 
| 258|0x00000000c0200000, 0x00000000c0300000, 0x00000000c0300000|100%| S|CS|TAMS 0x00000000c0200000| PB 0x00000000c0200000| Complete 
| 259|0x00000000c0300000, 0x00000000c0400000, 0x00000000c0400000|100%| S|CS|TAMS 0x00000000c0300000| PB 0x00000000c0300000| Complete 
| 260|0x00000000c0400000, 0x00000000c0500000, 0x00000000c0500000|100%| S|CS|TAMS 0x00000000c0400000| PB 0x00000000c0400000| Complete 
| 261|0x00000000c0500000, 0x00000000c0500000, 0x00000000c0600000|  0%| F|  |TAMS 0x00000000c0500000| PB 0x00000000c0500000| Untracked 
| 262|0x00000000c0600000, 0x00000000c0600000, 0x00000000c0700000|  0%| F|  |TAMS 0x00000000c0600000| PB 0x00000000c0600000| Untracked 
| 263|0x00000000c0700000, 0x00000000c0700000, 0x00000000c0800000|  0%| F|  |TAMS 0x00000000c0700000| PB 0x00000000c0700000| Untracked 
| 264|0x00000000c0800000, 0x00000000c0800000, 0x00000000c0900000|  0%| F|  |TAMS 0x00000000c0800000| PB 0x00000000c0800000| Untracked 
| 265|0x00000000c0900000, 0x00000000c0900000, 0x00000000c0a00000|  0%| F|  |TAMS 0x00000000c0900000| PB 0x00000000c0900000| Untracked 
| 266|0x00000000c0a00000, 0x00000000c0a00000, 0x00000000c0b00000|  0%| F|  |TAMS 0x00000000c0a00000| PB 0x00000000c0a00000| Untracked 
| 267|0x00000000c0b00000, 0x00000000c0b00000, 0x00000000c0c00000|  0%| F|  |TAMS 0x00000000c0b00000| PB 0x00000000c0b00000| Untracked 
| 268|0x00000000c0c00000, 0x00000000c0c00000, 0x00000000c0d00000|  0%| F|  |TAMS 0x00000000c0c00000| PB 0x00000000c0c00000| Untracked 
| 269|0x00000000c0d00000, 0x00000000c0d00000, 0x00000000c0e00000|  0%| F|  |TAMS 0x00000000c0d00000| PB 0x00000000c0d00000| Untracked 
| 270|0x00000000c0e00000, 0x00000000c0e00000, 0x00000000c0f00000|  0%| F|  |TAMS 0x00000000c0e00000| PB 0x00000000c0e00000| Untracked 
| 271|0x00000000c0f00000, 0x00000000c0f00000, 0x00000000c1000000|  0%| F|  |TAMS 0x00000000c0f00000| PB 0x00000000c0f00000| Untracked 
| 272|0x00000000c1000000, 0x00000000c1000000, 0x00000000c1100000|  0%| F|  |TAMS 0x00000000c1000000| PB 0x00000000c1000000| Untracked 
| 273|0x00000000c1100000, 0x00000000c1100000, 0x00000000c1200000|  0%| F|  |TAMS 0x00000000c1100000| PB 0x00000000c1100000| Untracked 
| 274|0x00000000c1200000, 0x00000000c1200000, 0x00000000c1300000|  0%| F|  |TAMS 0x00000000c1200000| PB 0x00000000c1200000| Untracked 
| 275|0x00000000c1300000, 0x00000000c1300000, 0x00000000c1400000|  0%| F|  |TAMS 0x00000000c1300000| PB 0x00000000c1300000| Untracked 
| 276|0x00000000c1400000, 0x00000000c1400000, 0x00000000c1500000|  0%| F|  |TAMS 0x00000000c1400000| PB 0x00000000c1400000| Untracked 
| 277|0x00000000c1500000, 0x00000000c1500000, 0x00000000c1600000|  0%| F|  |TAMS 0x00000000c1500000| PB 0x00000000c1500000| Untracked 
| 278|0x00000000c1600000, 0x00000000c1600000, 0x00000000c1700000|  0%| F|  |TAMS 0x00000000c1600000| PB 0x00000000c1600000| Untracked 
| 279|0x00000000c1700000, 0x00000000c1700000, 0x00000000c1800000|  0%| F|  |TAMS 0x00000000c1700000| PB 0x00000000c1700000| Untracked 
| 280|0x00000000c1800000, 0x00000000c1800000, 0x00000000c1900000|  0%| F|  |TAMS 0x00000000c1800000| PB 0x00000000c1800000| Untracked 
| 281|0x00000000c1900000, 0x00000000c1900000, 0x00000000c1a00000|  0%| F|  |TAMS 0x00000000c1900000| PB 0x00000000c1900000| Untracked 
| 282|0x00000000c1a00000, 0x00000000c1a00000, 0x00000000c1b00000|  0%| F|  |TAMS 0x00000000c1a00000| PB 0x00000000c1a00000| Untracked 
| 283|0x00000000c1b00000, 0x00000000c1b00000, 0x00000000c1c00000|  0%| F|  |TAMS 0x00000000c1b00000| PB 0x00000000c1b00000| Untracked 
| 284|0x00000000c1c00000, 0x00000000c1c00000, 0x00000000c1d00000|  0%| F|  |TAMS 0x00000000c1c00000| PB 0x00000000c1c00000| Untracked 
| 285|0x00000000c1d00000, 0x00000000c1d00000, 0x00000000c1e00000|  0%| F|  |TAMS 0x00000000c1d00000| PB 0x00000000c1d00000| Untracked 
| 286|0x00000000c1e00000, 0x00000000c1e00000, 0x00000000c1f00000|  0%| F|  |TAMS 0x00000000c1e00000| PB 0x00000000c1e00000| Untracked 
| 287|0x00000000c1f00000, 0x00000000c1f00000, 0x00000000c2000000|  0%| F|  |TAMS 0x00000000c1f00000| PB 0x00000000c1f00000| Untracked 
| 288|0x00000000c2000000, 0x00000000c2000000, 0x00000000c2100000|  0%| F|  |TAMS 0x00000000c2000000| PB 0x00000000c2000000| Untracked 
| 289|0x00000000c2100000, 0x00000000c2100000, 0x00000000c2200000|  0%| F|  |TAMS 0x00000000c2100000| PB 0x00000000c2100000| Untracked 
| 290|0x00000000c2200000, 0x00000000c2200000, 0x00000000c2300000|  0%| F|  |TAMS 0x00000000c2200000| PB 0x00000000c2200000| Untracked 
| 291|0x00000000c2300000, 0x00000000c2300000, 0x00000000c2400000|  0%| F|  |TAMS 0x00000000c2300000| PB 0x00000000c2300000| Untracked 
| 292|0x00000000c2400000, 0x00000000c2400000, 0x00000000c2500000|  0%| F|  |TAMS 0x00000000c2400000| PB 0x00000000c2400000| Untracked 
| 293|0x00000000c2500000, 0x00000000c2500000, 0x00000000c2600000|  0%| F|  |TAMS 0x00000000c2500000| PB 0x00000000c2500000| Untracked 
| 294|0x00000000c2600000, 0x00000000c2600000, 0x00000000c2700000|  0%| F|  |TAMS 0x00000000c2600000| PB 0x00000000c2600000| Untracked 
| 295|0x00000000c2700000, 0x00000000c2700000, 0x00000000c2800000|  0%| F|  |TAMS 0x00000000c2700000| PB 0x00000000c2700000| Untracked 
| 296|0x00000000c2800000, 0x00000000c2800000, 0x00000000c2900000|  0%| F|  |TAMS 0x00000000c2800000| PB 0x00000000c2800000| Untracked 
| 297|0x00000000c2900000, 0x00000000c2900000, 0x00000000c2a00000|  0%| F|  |TAMS 0x00000000c2900000| PB 0x00000000c2900000| Untracked 
| 298|0x00000000c2a00000, 0x00000000c2a00000, 0x00000000c2b00000|  0%| F|  |TAMS 0x00000000c2a00000| PB 0x00000000c2a00000| Untracked 
| 299|0x00000000c2b00000, 0x00000000c2b00000, 0x00000000c2c00000|  0%| F|  |TAMS 0x00000000c2b00000| PB 0x00000000c2b00000| Untracked 
| 300|0x00000000c2c00000, 0x00000000c2c00000, 0x00000000c2d00000|  0%| F|  |TAMS 0x00000000c2c00000| PB 0x00000000c2c00000| Untracked 
| 301|0x00000000c2d00000, 0x00000000c2d00000, 0x00000000c2e00000|  0%| F|  |TAMS 0x00000000c2d00000| PB 0x00000000c2d00000| Untracked 
| 302|0x00000000c2e00000, 0x00000000c2e00000, 0x00000000c2f00000|  0%| F|  |TAMS 0x00000000c2e00000| PB 0x00000000c2e00000| Untracked 
| 303|0x00000000c2f00000, 0x00000000c2f00000, 0x00000000c3000000|  0%| F|  |TAMS 0x00000000c2f00000| PB 0x00000000c2f00000| Untracked 
| 304|0x00000000c3000000, 0x00000000c3000000, 0x00000000c3100000|  0%| F|  |TAMS 0x00000000c3000000| PB 0x00000000c3000000| Untracked 
| 305|0x00000000c3100000, 0x00000000c3100000, 0x00000000c3200000|  0%| F|  |TAMS 0x00000000c3100000| PB 0x00000000c3100000| Untracked 
| 306|0x00000000c3200000, 0x00000000c3200000, 0x00000000c3300000|  0%| F|  |TAMS 0x00000000c3200000| PB 0x00000000c3200000| Untracked 
| 307|0x00000000c3300000, 0x00000000c3300000, 0x00000000c3400000|  0%| F|  |TAMS 0x00000000c3300000| PB 0x00000000c3300000| Untracked 
| 308|0x00000000c3400000, 0x00000000c3400000, 0x00000000c3500000|  0%| F|  |TAMS 0x00000000c3400000| PB 0x00000000c3400000| Untracked 
| 309|0x00000000c3500000, 0x00000000c3500000, 0x00000000c3600000|  0%| F|  |TAMS 0x00000000c3500000| PB 0x00000000c3500000| Untracked 
| 310|0x00000000c3600000, 0x00000000c3600000, 0x00000000c3700000|  0%| F|  |TAMS 0x00000000c3600000| PB 0x00000000c3600000| Untracked 
| 311|0x00000000c3700000, 0x00000000c3700000, 0x00000000c3800000|  0%| F|  |TAMS 0x00000000c3700000| PB 0x00000000c3700000| Untracked 
| 312|0x00000000c3800000, 0x00000000c3800000, 0x00000000c3900000|  0%| F|  |TAMS 0x00000000c3800000| PB 0x00000000c3800000| Untracked 
| 313|0x00000000c3900000, 0x00000000c3900000, 0x00000000c3a00000|  0%| F|  |TAMS 0x00000000c3900000| PB 0x00000000c3900000| Untracked 
| 314|0x00000000c3a00000, 0x00000000c3a00000, 0x00000000c3b00000|  0%| F|  |TAMS 0x00000000c3a00000| PB 0x00000000c3a00000| Untracked 
| 315|0x00000000c3b00000, 0x00000000c3b00000, 0x00000000c3c00000|  0%| F|  |TAMS 0x00000000c3b00000| PB 0x00000000c3b00000| Untracked 
| 316|0x00000000c3c00000, 0x00000000c3c00000, 0x00000000c3d00000|  0%| F|  |TAMS 0x00000000c3c00000| PB 0x00000000c3c00000| Untracked 
| 317|0x00000000c3d00000, 0x00000000c3d00000, 0x00000000c3e00000|  0%| F|  |TAMS 0x00000000c3d00000| PB 0x00000000c3d00000| Untracked 
| 318|0x00000000c3e00000, 0x00000000c3e00000, 0x00000000c3f00000|  0%| F|  |TAMS 0x00000000c3e00000| PB 0x00000000c3e00000| Untracked 
| 319|0x00000000c3f00000, 0x00000000c3f00000, 0x00000000c4000000|  0%| F|  |TAMS 0x00000000c3f00000| PB 0x00000000c3f00000| Untracked 
| 320|0x00000000c4000000, 0x00000000c4000000, 0x00000000c4100000|  0%| F|  |TAMS 0x00000000c4000000| PB 0x00000000c4000000| Untracked 
| 321|0x00000000c4100000, 0x00000000c4100000, 0x00000000c4200000|  0%| F|  |TAMS 0x00000000c4100000| PB 0x00000000c4100000| Untracked 
| 322|0x00000000c4200000, 0x00000000c4200000, 0x00000000c4300000|  0%| F|  |TAMS 0x00000000c4200000| PB 0x00000000c4200000| Untracked 
| 323|0x00000000c4300000, 0x00000000c4300000, 0x00000000c4400000|  0%| F|  |TAMS 0x00000000c4300000| PB 0x00000000c4300000| Untracked 
| 324|0x00000000c4400000, 0x00000000c4400000, 0x00000000c4500000|  0%| F|  |TAMS 0x00000000c4400000| PB 0x00000000c4400000| Untracked 
| 325|0x00000000c4500000, 0x00000000c4500000, 0x00000000c4600000|  0%| F|  |TAMS 0x00000000c4500000| PB 0x00000000c4500000| Untracked 
| 326|0x00000000c4600000, 0x00000000c4600000, 0x00000000c4700000|  0%| F|  |TAMS 0x00000000c4600000| PB 0x00000000c4600000| Untracked 
| 327|0x00000000c4700000, 0x00000000c4700000, 0x00000000c4800000|  0%| F|  |TAMS 0x00000000c4700000| PB 0x00000000c4700000| Untracked 
| 328|0x00000000c4800000, 0x00000000c4800000, 0x00000000c4900000|  0%| F|  |TAMS 0x00000000c4800000| PB 0x00000000c4800000| Untracked 
| 329|0x00000000c4900000, 0x00000000c4900000, 0x00000000c4a00000|  0%| F|  |TAMS 0x00000000c4900000| PB 0x00000000c4900000| Untracked 
| 330|0x00000000c4a00000, 0x00000000c4a00000, 0x00000000c4b00000|  0%| F|  |TAMS 0x00000000c4a00000| PB 0x00000000c4a00000| Untracked 
| 331|0x00000000c4b00000, 0x00000000c4b00000, 0x00000000c4c00000|  0%| F|  |TAMS 0x00000000c4b00000| PB 0x00000000c4b00000| Untracked 
| 332|0x00000000c4c00000, 0x00000000c4d00000, 0x00000000c4d00000|100%| E|  |TAMS 0x00000000c4c00000| PB 0x00000000c4c00000| Complete 
| 333|0x00000000c4d00000, 0x00000000c4e00000, 0x00000000c4e00000|100%| E|CS|TAMS 0x00000000c4d00000| PB 0x00000000c4d00000| Complete 
| 334|0x00000000c4e00000, 0x00000000c4f00000, 0x00000000c4f00000|100%| E|CS|TAMS 0x00000000c4e00000| PB 0x00000000c4e00000| Complete 
| 335|0x00000000c4f00000, 0x00000000c5000000, 0x00000000c5000000|100%| E|CS|TAMS 0x00000000c4f00000| PB 0x00000000c4f00000| Complete 
| 336|0x00000000c5000000, 0x00000000c5100000, 0x00000000c5100000|100%| E|CS|TAMS 0x00000000c5000000| PB 0x00000000c5000000| Complete 
| 337|0x00000000c5100000, 0x00000000c5200000, 0x00000000c5200000|100%| E|CS|TAMS 0x00000000c5100000| PB 0x00000000c5100000| Complete 
| 338|0x00000000c5200000, 0x00000000c5300000, 0x00000000c5300000|100%| E|CS|TAMS 0x00000000c5200000| PB 0x00000000c5200000| Complete 
| 339|0x00000000c5300000, 0x00000000c5400000, 0x00000000c5400000|100%| E|CS|TAMS 0x00000000c5300000| PB 0x00000000c5300000| Complete 
| 340|0x00000000c5400000, 0x00000000c5500000, 0x00000000c5500000|100%| E|CS|TAMS 0x00000000c5400000| PB 0x00000000c5400000| Complete 
|1272|0x00000000ff800000, 0x00000000ff900000, 0x00000000ff900000|100%| O|  |TAMS 0x00000000ff900000| PB 0x00000000ff900000| Updating 
|1273|0x00000000ff900000, 0x00000000ffa00000, 0x00000000ffa00000|100%| E|CS|TAMS 0x00000000ff900000| PB 0x00000000ff900000| Complete 
|1274|0x00000000ffa00000, 0x00000000ffb00000, 0x00000000ffb00000|100%| O|  |TAMS 0x00000000ffb00000| PB 0x00000000ffb00000| Updating 
|1275|0x00000000ffb00000, 0x00000000ffc00000, 0x00000000ffc00000|100%| O|  |TAMS 0x00000000ffc00000| PB 0x00000000ffc00000| Updating 
|1276|0x00000000ffc00000, 0x00000000ffd00000, 0x00000000ffd00000|100%| E|CS|TAMS 0x00000000ffc00000| PB 0x00000000ffc00000| Complete 
|1277|0x00000000ffd00000, 0x00000000ffe00000, 0x00000000ffe00000|100%| O|  |TAMS 0x00000000ffe00000| PB 0x00000000ffe00000| Updating 
|1278|0x00000000ffe00000, 0x00000000fff00000, 0x00000000fff00000|100%| E|CS|TAMS 0x00000000ffe00000| PB 0x00000000ffe00000| Complete 
|1279|0x00000000fff00000, 0x0000000100000000, 0x0000000100000000|100%| O|  |TAMS 0x0000000100000000| PB 0x0000000100000000| Updating 

Card table byte_map: [0x00000126dcf30000,0x00000126dd1b0000] _byte_map_base: 0x00000126dc9b0000

Marking Bits: (CMBitMap*) 0x00000126caaf2bb0
 Bits: [0x00000126dd1b0000, 0x00000126de5b0000)

Polling page: 0x00000126c8ae0000

Metaspace:

Usage:
  Non-class:    111.33 MB used.
      Class:     18.38 MB used.
       Both:    129.70 MB used.

Virtual space:
  Non-class space:      128.00 MB reserved,     113.06 MB ( 88%) committed,  2 nodes.
      Class space:      416.00 MB reserved,      19.88 MB (  5%) committed,  1 nodes.
             Both:      544.00 MB reserved,     132.94 MB ( 24%) committed. 

Chunk freelists:
   Non-Class:  14.10 MB
       Class:  12.12 MB
        Both:  26.21 MB

MaxMetaspaceSize: 512.00 MB
CompressedClassSpaceSize: 416.00 MB
Initial GC threshold: 21.00 MB
Current GC threshold: 217.62 MB
CDS: on
 - commit_granule_bytes: 65536.
 - commit_granule_words: 8192.
 - virtual_space_node_default_size: 8388608.
 - enlarge_chunks_in_place: 1.
 - use_allocation_guard: 0.


Internal statistics:

num_allocs_failed_limit: 6.
num_arena_births: 5036.
num_arena_deaths: 0.
num_vsnodes_births: 3.
num_vsnodes_deaths: 0.
num_space_committed: 2127.
num_space_uncommitted: 0.
num_chunks_returned_to_freelist: 6.
num_chunks_taken_from_freelist: 11406.
num_chunk_merges: 6.
num_chunk_splits: 7447.
num_chunks_enlarged: 4675.
num_inconsistent_stats: 0.

CodeHeap 'non-profiled nmethods': size=120000Kb used=11868Kb max_used=11887Kb free=108132Kb
 bounds [0x00000126d5780000, 0x00000126d6320000, 0x00000126dccb0000]
CodeHeap 'profiled nmethods': size=120000Kb used=29134Kb max_used=31567Kb free=90865Kb
 bounds [0x00000126cdcb0000, 0x00000126cfb90000, 0x00000126d51e0000]
CodeHeap 'non-nmethods': size=5760Kb used=3102Kb max_used=3168Kb free=2658Kb
 bounds [0x00000126d51e0000, 0x00000126d5510000, 0x00000126d5780000]
CodeCache: size=245760Kb, used=44104Kb, max_used=46622Kb, free=201655Kb
 total_blobs=16061, nmethods=14985, adapters=978, full_count=0
Compilation: enabled, stopped_count=0, restarted_count=0

Compilation events (20 events):
Event: 443.660 Thread 0x00000126e0a64140 20457       4       sun.nio.fs.WindowsFileSystemProvider::readAttributes (63 bytes)
Event: 443.834 Thread 0x00000126e0a64140 nmethod 20457 0x00000126d6305b90 code [0x00000126d63060e0, 0x00000126d6309488]
Event: 444.462 Thread 0x00000126e0a64140 20458       4       org.gradle.cache.internal.LockOnDemandCrossProcessCacheAccess$UnlockAction::run (8 bytes)
Event: 444.503 Thread 0x00000126e0a64140 nmethod 20458 0x00000126d630c810 code [0x00000126d630ca20, 0x00000126d630cf40]
Event: 449.061 Thread 0x00000126e0a64140 20459  s!   4       java.io.FileDescriptor::closeAll (163 bytes)
Event: 449.096 Thread 0x00000126e0a64140 nmethod 20459 0x00000126d630d310 code [0x00000126d630d520, 0x00000126d630e240]
Event: 449.213 Thread 0x00000126e0a64140 20460       4       org.gradle.internal.snapshot.AbstractFileSystemLocationSnapshot::roots (5 bytes)
Event: 449.232 Thread 0x00000126e0a64140 nmethod 20460 0x00000126d630e690 code [0x00000126d630e820, 0x00000126d630e9c8]
Event: 451.891 Thread 0x00000126e0a64140 20461       4       java.util.concurrent.locks.AbstractQueuedSynchronizer$ConditionObject::signalAll (34 bytes)
Event: 451.897 Thread 0x00000126e0a64140 nmethod 20461 0x00000126d630eb10 code [0x00000126d630ecc0, 0x00000126d630edf0]
Event: 451.927 Thread 0x00000126e0a64140 20462       4       org.gradle.cache.internal.LockOnDemandCrossProcessCacheAccess::acquireFileLock (9 bytes)
Event: 452.108 Thread 0x00000126e0a64140 nmethod 20462 0x00000126d630ef10 code [0x00000126d630f1c0, 0x00000126d630fc08]
Event: 458.574 Thread 0x00000126e0a64140 20463       4       com.google.common.collect.CollectCollectors$$Lambda/0x00000126e2472600::accept (17 bytes)
Event: 458.589 Thread 0x00000126e0a64140 nmethod 20463 0x00000126d6310390 code [0x00000126d6310560, 0x00000126d6310768]
Event: 458.589 Thread 0x00000126e0a64140 20464       4       org.gradle.internal.execution.steps.AssignImmutableWorkspaceStep$$Lambda/0x00000126e2471f60::apply (10 bytes)
Event: 458.590 Thread 0x00000126e0a64140 nmethod 20464 0x00000126d6310990 code [0x00000126d6310b20, 0x00000126d6310be8]
Event: 458.590 Thread 0x00000126e0a64140 20465       4       org.gradle.internal.execution.steps.AssignImmutableWorkspaceStep$$Lambda/0x00000126e24721a0::apply (10 bytes)
Event: 458.591 Thread 0x00000126e0a64140 nmethod 20465 0x00000126d6310c90 code [0x00000126d6310e20, 0x00000126d6310ee8]
Event: 459.495 Thread 0x00000126e0a64140 20466   !   4       org.gradle.internal.execution.history.impl.DefaultImmutableWorkspaceMetadataStore::loadWorkspaceMetadata (185 bytes)
Event: 459.899 Thread 0x00000126e0a64140 nmethod 20466 0x00000126d6310f90 code [0x00000126d6311640, 0x00000126d6316c20]

GC Heap History (20 events):
Event: 247.512 GC heap before
{Heap before GC invocations=73 (full 0):
 garbage-first heap   total 283648K, used 252928K [0x00000000b0000000, 0x0000000100000000)
  region size 1024K, 76 young (77824K), 11 survivors (11264K)
 Metaspace       used 129992K, committed 133120K, reserved 557056K
  class space    used 18438K, committed 19904K, reserved 425984K
}
Event: 247.786 GC heap after
{Heap after GC invocations=74 (full 0):
 garbage-first heap   total 283648K, used 196608K [0x00000000b0000000, 0x0000000100000000)
  region size 1024K, 10 young (10240K), 10 survivors (10240K)
 Metaspace       used 129992K, committed 133120K, reserved 557056K
  class space    used 18438K, committed 19904K, reserved 425984K
}
Event: 263.559 GC heap before
{Heap before GC invocations=75 (full 0):
 garbage-first heap   total 327680K, used 256000K [0x00000000b0000000, 0x0000000100000000)
  region size 1024K, 68 young (69632K), 10 survivors (10240K)
 Metaspace       used 130489K, committed 133632K, reserved 557056K
  class space    used 18500K, committed 19968K, reserved 425984K
}
Event: 263.705 GC heap after
{Heap after GC invocations=76 (full 0):
 garbage-first heap   total 327680K, used 207809K [0x00000000b0000000, 0x0000000100000000)
  region size 1024K, 9 young (9216K), 9 survivors (9216K)
 Metaspace       used 130489K, committed 133632K, reserved 557056K
  class space    used 18500K, committed 19968K, reserved 425984K
}
Event: 314.222 GC heap before
{Heap before GC invocations=76 (full 0):
 garbage-first heap   total 327680K, used 285633K [0x00000000b0000000, 0x0000000100000000)
  region size 1024K, 85 young (87040K), 9 survivors (9216K)
 Metaspace       used 130507K, committed 133632K, reserved 557056K
  class space    used 18500K, committed 19968K, reserved 425984K
}
Event: 314.524 GC heap after
{Heap after GC invocations=77 (full 0):
 garbage-first heap   total 327680K, used 207786K [0x00000000b0000000, 0x0000000100000000)
  region size 1024K, 5 young (5120K), 5 survivors (5120K)
 Metaspace       used 130507K, committed 133632K, reserved 557056K
  class space    used 18500K, committed 19968K, reserved 425984K
}
Event: 339.326 GC heap before
{Heap before GC invocations=77 (full 0):
 garbage-first heap   total 327680K, used 279466K [0x00000000b0000000, 0x0000000100000000)
  region size 1024K, 76 young (77824K), 5 survivors (5120K)
 Metaspace       used 130549K, committed 133696K, reserved 557056K
  class space    used 18507K, committed 19968K, reserved 425984K
}
Event: 339.490 GC heap after
{Heap after GC invocations=78 (full 0):
 garbage-first heap   total 327680K, used 210718K [0x00000000b0000000, 0x0000000100000000)
  region size 1024K, 8 young (8192K), 8 survivors (8192K)
 Metaspace       used 130549K, committed 133696K, reserved 557056K
  class space    used 18507K, committed 19968K, reserved 425984K
}
Event: 360.285 GC heap before
{Heap before GC invocations=79 (full 0):
 garbage-first heap   total 357376K, used 282398K [0x00000000b0000000, 0x0000000100000000)
  region size 1024K, 75 young (76800K), 8 survivors (8192K)
 Metaspace       used 131423K, committed 134656K, reserved 557056K
  class space    used 18620K, committed 20096K, reserved 425984K
}
Event: 360.390 GC heap after
{Heap after GC invocations=80 (full 0):
 garbage-first heap   total 357376K, used 224256K [0x00000000b0000000, 0x0000000100000000)
  region size 1024K, 10 young (10240K), 10 survivors (10240K)
 Metaspace       used 131423K, committed 134656K, reserved 557056K
  class space    used 18620K, committed 20096K, reserved 425984K
}
Event: 368.733 GC heap before
{Heap before GC invocations=80 (full 0):
 garbage-first heap   total 357376K, used 270336K [0x00000000b0000000, 0x0000000100000000)
  region size 1024K, 55 young (56320K), 10 survivors (10240K)
 Metaspace       used 131426K, committed 134656K, reserved 557056K
  class space    used 18621K, committed 20096K, reserved 425984K
}
Event: 368.772 GC heap after
{Heap after GC invocations=81 (full 0):
 garbage-first heap   total 357376K, used 226259K [0x00000000b0000000, 0x0000000100000000)
  region size 1024K, 4 young (4096K), 4 survivors (4096K)
 Metaspace       used 131426K, committed 134656K, reserved 557056K
  class space    used 18621K, committed 20096K, reserved 425984K
}
Event: 387.020 GC heap before
{Heap before GC invocations=81 (full 0):
 garbage-first heap   total 357376K, used 312275K [0x00000000b0000000, 0x0000000100000000)
  region size 1024K, 88 young (90112K), 4 survivors (4096K)
 Metaspace       used 131426K, committed 134656K, reserved 557056K
  class space    used 18621K, committed 20096K, reserved 425984K
}
Event: 387.144 GC heap after
{Heap after GC invocations=82 (full 0):
 garbage-first heap   total 357376K, used 227257K [0x00000000b0000000, 0x0000000100000000)
  region size 1024K, 6 young (6144K), 6 survivors (6144K)
 Metaspace       used 131426K, committed 134656K, reserved 557056K
  class space    used 18621K, committed 20096K, reserved 425984K
}
Event: 419.641 GC heap before
{Heap before GC invocations=82 (full 0):
 garbage-first heap   total 357376K, used 326585K [0x00000000b0000000, 0x0000000100000000)
  region size 1024K, 100 young (102400K), 6 survivors (6144K)
 Metaspace       used 132702K, committed 135936K, reserved 557056K
  class space    used 18805K, committed 20288K, reserved 425984K
}
Event: 419.812 GC heap after
{Heap after GC invocations=83 (full 0):
 garbage-first heap   total 357376K, used 240382K [0x00000000b0000000, 0x0000000100000000)
  region size 1024K, 13 young (13312K), 13 survivors (13312K)
 Metaspace       used 132702K, committed 135936K, reserved 557056K
  class space    used 18805K, committed 20288K, reserved 425984K
}
Event: 434.436 GC heap before
{Heap before GC invocations=83 (full 0):
 garbage-first heap   total 357376K, used 291582K [0x00000000b0000000, 0x0000000100000000)
  region size 1024K, 63 young (64512K), 13 survivors (13312K)
 Metaspace       used 132814K, committed 136128K, reserved 557056K
  class space    used 18817K, committed 20352K, reserved 425984K
}
Event: 434.559 GC heap after
{Heap after GC invocations=84 (full 0):
 garbage-first heap   total 357376K, used 246114K [0x00000000b0000000, 0x0000000100000000)
  region size 1024K, 6 young (6144K), 6 survivors (6144K)
 Metaspace       used 132814K, committed 136128K, reserved 557056K
  class space    used 18817K, committed 20352K, reserved 425984K
}
Event: 453.494 GC heap before
{Heap before GC invocations=84 (full 0):
 garbage-first heap   total 357376K, used 324962K [0x00000000b0000000, 0x0000000100000000)
  region size 1024K, 83 young (84992K), 6 survivors (6144K)
 Metaspace       used 132814K, committed 136128K, reserved 557056K
  class space    used 18817K, committed 20352K, reserved 425984K
}
Event: 453.826 GC heap after
{Heap after GC invocations=85 (full 0):
 garbage-first heap   total 357376K, used 247595K [0x00000000b0000000, 0x0000000100000000)
  region size 1024K, 8 young (8192K), 8 survivors (8192K)
 Metaspace       used 132814K, committed 136128K, reserved 557056K
  class space    used 18817K, committed 20352K, reserved 425984K
}

Dll operation events (14 events):
Event: 0.038 Loaded shared library C:\Users\AFIS\.antigravity-ide\extensions\redhat.java-1.55.0-win32-x64\jre\21.0.11-win32-x86_64\bin\java.dll
Event: 0.237 Loaded shared library C:\Users\AFIS\.antigravity-ide\extensions\redhat.java-1.55.0-win32-x64\jre\21.0.11-win32-x86_64\bin\zip.dll
Event: 0.280 Loaded shared library C:\Users\AFIS\.antigravity-ide\extensions\redhat.java-1.55.0-win32-x64\jre\21.0.11-win32-x86_64\bin\instrument.dll
Event: 0.293 Loaded shared library C:\Users\AFIS\.antigravity-ide\extensions\redhat.java-1.55.0-win32-x64\jre\21.0.11-win32-x86_64\bin\net.dll
Event: 0.298 Loaded shared library C:\Users\AFIS\.antigravity-ide\extensions\redhat.java-1.55.0-win32-x64\jre\21.0.11-win32-x86_64\bin\nio.dll
Event: 0.302 Loaded shared library C:\Users\AFIS\.antigravity-ide\extensions\redhat.java-1.55.0-win32-x64\jre\21.0.11-win32-x86_64\bin\zip.dll
Event: 1.276 Loaded shared library C:\Users\AFIS\.antigravity-ide\extensions\redhat.java-1.55.0-win32-x64\jre\21.0.11-win32-x86_64\bin\jimage.dll
Event: 2.835 Loaded shared library C:\Users\AFIS\.antigravity-ide\extensions\redhat.java-1.55.0-win32-x64\jre\21.0.11-win32-x86_64\bin\verify.dll
Event: 3.044 Loaded shared library C:\Users\AFIS\.gradle\native\1def1411415f61bf3af743bc5b6707747c0891f09f0c88961ee8f79bc544acac\windows-amd64\native-platform.dll
Event: 3.086 Loaded shared library C:\Users\AFIS\.gradle\native\0.2.7\x86_64-windows-gnu\gradle-fileevents.dll
Event: 6.198 Loaded shared library C:\Users\AFIS\.antigravity-ide\extensions\redhat.java-1.55.0-win32-x64\jre\21.0.11-win32-x86_64\bin\management.dll
Event: 6.211 Loaded shared library C:\Users\AFIS\.antigravity-ide\extensions\redhat.java-1.55.0-win32-x64\jre\21.0.11-win32-x86_64\bin\management_ext.dll
Event: 7.188 Loaded shared library C:\Users\AFIS\.antigravity-ide\extensions\redhat.java-1.55.0-win32-x64\jre\21.0.11-win32-x86_64\bin\extnet.dll
Event: 8.049 Loaded shared library C:\Users\AFIS\.antigravity-ide\extensions\redhat.java-1.55.0-win32-x64\jre\21.0.11-win32-x86_64\bin\sunmscapi.dll

Deoptimization events (20 events):
Event: 415.060 Thread 0x00000126e0abda30 DEOPT PACKING pc=0x00000126cf5a838e sp=0x0000001d7fbf6bd0
Event: 415.063 Thread 0x00000126e0abda30 DEOPT UNPACKING pc=0x00000126d52386e2 sp=0x0000001d7fbf60e0 mode 0
Event: 415.216 Thread 0x00000126e0abda30 DEOPT PACKING pc=0x00000126cf5a838e sp=0x0000001d7fbf6bd0
Event: 415.216 Thread 0x00000126e0abda30 DEOPT UNPACKING pc=0x00000126d52386e2 sp=0x0000001d7fbf60e0 mode 0
Event: 415.587 Thread 0x00000126e0abda30 DEOPT PACKING pc=0x00000126cf5a838e sp=0x0000001d7fbf6bd0
Event: 415.587 Thread 0x00000126e0abda30 DEOPT UNPACKING pc=0x00000126d52386e2 sp=0x0000001d7fbf60e0 mode 0
Event: 425.244 Thread 0x00000126e0abda30 Uncommon trap: trap_request=0xffffff45 fr.pc=0x00000126d611414c relative=0x00000000000000ac
Event: 425.244 Thread 0x00000126e0abda30 Uncommon trap: reason=unstable_if action=reinterpret pc=0x00000126d611414c method=com.esotericsoftware.kryo.io.Output.writeByte(B)V @ 8 c2
Event: 425.245 Thread 0x00000126e0abda30 DEOPT PACKING pc=0x00000126d611414c sp=0x0000001d7fbf82c0
Event: 425.246 Thread 0x00000126e0abda30 DEOPT UNPACKING pc=0x00000126d5237ba2 sp=0x0000001d7fbf81e0 mode 2
Event: 425.250 Thread 0x00000126e0abda30 Uncommon trap: trap_request=0xffffff45 fr.pc=0x00000126d57ab4d4 relative=0x00000000000000b4
Event: 425.250 Thread 0x00000126e0abda30 Uncommon trap: reason=unstable_if action=reinterpret pc=0x00000126d57ab4d4 method=com.esotericsoftware.kryo.io.Output.writeBoolean(Z)V @ 8 c2
Event: 425.250 Thread 0x00000126e0abda30 DEOPT PACKING pc=0x00000126d57ab4d4 sp=0x0000001d7fbf83c0
Event: 425.250 Thread 0x00000126e0abda30 DEOPT UNPACKING pc=0x00000126d5237ba2 sp=0x0000001d7fbf82e0 mode 2
Event: 425.255 Thread 0x00000126e0abda30 Uncommon trap: trap_request=0xffffff45 fr.pc=0x00000126d5e20ccc relative=0x00000000000000ac
Event: 425.255 Thread 0x00000126e0abda30 Uncommon trap: reason=unstable_if action=reinterpret pc=0x00000126d5e20ccc method=com.esotericsoftware.kryo.io.Output.writeByte(B)V @ 8 c2
Event: 425.255 Thread 0x00000126e0abda30 DEOPT PACKING pc=0x00000126d5e20ccc sp=0x0000001d7fbf8390
Event: 425.255 Thread 0x00000126e0abda30 DEOPT UNPACKING pc=0x00000126d5237ba2 sp=0x0000001d7fbf8318 mode 2
Event: 427.944 Thread 0x00000126e0abda30 DEOPT PACKING pc=0x00000126ceb45360 sp=0x0000001d7fbf59c0
Event: 427.946 Thread 0x00000126e0abda30 DEOPT UNPACKING pc=0x00000126d52386e2 sp=0x0000001d7fbf5028 mode 0

Classes loaded (20 events):
Event: 351.103 Loading class java/lang/NumberCustomizer
Event: 351.103 Loading class java/lang/NumberCustomizer done
Event: 351.104 Loading class java/lang/IntegerCustomizer
Event: 351.105 Loading class java/lang/IntegerCustomizer done
Event: 351.106 Loading class java/lang/IntegerCustomizer
Event: 351.106 Loading class java/lang/IntegerCustomizer done
Event: 351.167 Loading class java/util/TreeSetBeanInfo
Event: 351.167 Loading class java/util/TreeSetBeanInfo done
Event: 351.170 Loading class java/util/TreeSetBeanInfo
Event: 351.170 Loading class java/util/TreeSetBeanInfo done
Event: 351.172 Loading class java/util/TreeSetCustomizer
Event: 351.173 Loading class java/util/TreeSetCustomizer done
Event: 351.176 Loading class java/util/TreeSetCustomizer
Event: 351.177 Loading class java/util/TreeSetCustomizer done
Event: 352.065 Loading class java/io/LineNumberReader
Event: 352.080 Loading class java/io/LineNumberReader done
Event: 405.373 Loading class jdk/internal/reflect/MethodHandleCharacterFieldAccessorImpl
Event: 405.386 Loading class jdk/internal/reflect/MethodHandleCharacterFieldAccessorImpl done
Event: 408.597 Loading class java/io/FilterReader
Event: 408.599 Loading class java/io/FilterReader done

Classes unloaded (0 events):
No events

Classes redefined (0 events):
No events

Internal exceptions (20 events):
Event: 417.660 Thread 0x00000126e0abda30 Exception <a 'java/lang/ClassNotFoundException'{0x00000000c039a2c8}: com/android/build/gradle/tasks/ExternalNativeBuildJsonTask_DecoratedBeanInfo> (0x00000000c039a2c8) 
thrown [s\src\hotspot\share\classfile\systemDictionary.cpp, line 313]
Event: 417.668 Thread 0x00000126e0abda30 Exception <a 'java/lang/ClassNotFoundException'{0x00000000c03b3de8}: com/android/build/gradle/tasks/ExternalNativeBuildJsonTaskBeanInfo> (0x00000000c03b3de8) 
thrown [s\src\hotspot\share\classfile\systemDictionary.cpp, line 313]
Event: 417.680 Thread 0x00000126e0abda30 Exception <a 'java/lang/ClassNotFoundException'{0x00000000c03cebd8}: com/android/build/gradle/internal/tasks/UnsafeOutputsTaskBeanInfo> (0x00000000c03cebd8) 
thrown [s\src\hotspot\share\classfile\systemDictionary.cpp, line 313]
Event: 417.686 Thread 0x00000126e0abda30 Exception <a 'java/lang/ClassNotFoundException'{0x00000000c03ea1d0}: com/android/build/gradle/internal/tasks/AndroidVariantTaskBeanInfo> (0x00000000c03ea1d0) 
thrown [s\src\hotspot\share\classfile\systemDictionary.cpp, line 313]
Event: 417.698 Thread 0x00000126e0abda30 Exception <a 'java/lang/ClassNotFoundException'{0x00000000c0205740}: com/android/build/gradle/internal/tasks/BaseTaskBeanInfo> (0x00000000c0205740) 
thrown [s\src\hotspot\share\classfile\systemDictionary.cpp, line 313]
Event: 417.711 Thread 0x00000126e0abda30 Exception <a 'java/lang/ClassNotFoundException'{0x00000000c0220cf0}: com/android/build/gradle/internal/tasks/BaseTaskCustomizer> (0x00000000c0220cf0) 
thrown [s\src\hotspot\share\classfile\systemDictionary.cpp, line 313]
Event: 417.728 Thread 0x00000126e0abda30 Exception <a 'java/lang/ClassNotFoundException'{0x00000000c024b480}: com/android/build/gradle/internal/tasks/AndroidVariantTaskCustomizer> (0x00000000c024b480) 
thrown [s\src\hotspot\share\classfile\systemDictionary.cpp, line 313]
Event: 417.744 Thread 0x00000126e0abda30 Exception <a 'java/lang/ClassNotFoundException'{0x00000000c0274060}: com/android/build/gradle/internal/tasks/UnsafeOutputsTaskCustomizer> (0x00000000c0274060) 
thrown [s\src\hotspot\share\classfile\systemDictionary.cpp, line 313]
Event: 417.751 Thread 0x00000126e0abda30 Exception <a 'java/lang/ClassNotFoundException'{0x00000000c029b7d8}: com/android/build/gradle/tasks/ExternalNativeBuildJsonTaskCustomizer> (0x00000000c029b7d8) 
thrown [s\src\hotspot\share\classfile\systemDictionary.cpp, line 313]
Event: 417.760 Thread 0x00000126e0abda30 Exception <a 'java/lang/ClassNotFoundException'{0x00000000c02ccd28}: com/android/build/gradle/tasks/ExternalNativeBuildJsonTask_DecoratedCustomizer> (0x00000000c02ccd28) 
thrown [s\src\hotspot\share\classfile\systemDictionary.cpp, line 313]
Event: 418.136 Thread 0x00000126e0abda30 Exception <a 'java/lang/NoSuchMethodError'{0x00000000c0080b80}: static Lcom/android/build/gradle/internal/cxx/prefab/PrefabPackagePublication;.<clinit>()V> (0x00000000c0080b80) 
thrown [s\src\hotspot\share\prims\jni.cpp, line 1111]
Event: 418.161 Thread 0x00000126e0abda30 Exception <a 'java/lang/NoSuchMethodError'{0x00000000c00b2000}: static Lcom/android/build/gradle/internal/cxx/prefab/PrefabModulePublication;.<clinit>()V> (0x00000000c00b2000) 
thrown [s\src\hotspot\share\prims\jni.cpp, line 1111]
Event: 418.169 Thread 0x00000126e0abda30 Exception <a 'java/lang/NoSuchMethodError'{0x00000000c00cf2e8}: static Lcom/android/build/gradle/internal/cxx/prefab/PrefabAbiPublication;.<clinit>()V> (0x00000000c00cf2e8) 
thrown [s\src\hotspot\share\prims\jni.cpp, line 1111]
Event: 418.352 Thread 0x00000126e0abda30 Exception <a 'java/lang/NoSuchMethodError'{0x00000000bf97bc78}: 'int java.lang.invoke.Invokers$Holder.invokeExact_MT(java.lang.Object, java.lang.Object, java.lang.Object)'> (0x00000000bf97bc78) 
thrown [s\src\hotspot\share\interpreter\linkResolver.cpp, line 773]
Event: 422.654 Thread 0x00000126e0abda30 Exception <a 'java/lang/ClassNotFoundException'{0x00000000c5094098}: com/android/build/gradle/tasks/ExternalNativeBuildTask_DecoratedBeanInfo> (0x00000000c5094098) 
thrown [s\src\hotspot\share\classfile\systemDictionary.cpp, line 313]
Event: 422.656 Thread 0x00000126e0abda30 Exception <a 'java/lang/ClassNotFoundException'{0x00000000c50a2d88}: com/android/build/gradle/tasks/ExternalNativeBuildTaskBeanInfo> (0x00000000c50a2d88) 
thrown [s\src\hotspot\share\classfile\systemDictionary.cpp, line 313]
Event: 422.660 Thread 0x00000126e0abda30 Exception <a 'java/lang/ClassNotFoundException'{0x00000000c50b1358}: com/android/build/gradle/tasks/ExternalNativeBuildTaskCustomizer> (0x00000000c50b1358) 
thrown [s\src\hotspot\share\classfile\systemDictionary.cpp, line 313]
Event: 422.663 Thread 0x00000126e0abda30 Exception <a 'java/lang/ClassNotFoundException'{0x00000000c50d25d8}: com/android/build/gradle/tasks/ExternalNativeBuildTask_DecoratedCustomizer> (0x00000000c50d25d8) 
thrown [s\src\hotspot\share\classfile\systemDictionary.cpp, line 313]
Event: 422.842 Thread 0x00000126e0abda30 Exception <a 'java/lang/ClassNotFoundException'{0x00000000c4e36c98}: build_ezbmmtyjag2xgomex3578wbdcBeanInfo> (0x00000000c4e36c98) 
thrown [s\src\hotspot\share\classfile\systemDictionary.cpp, line 313]
Event: 422.843 Thread 0x00000126e0abda30 Exception <a 'java/lang/ClassNotFoundException'{0x00000000c4e3da68}: build_ezbmmtyjag2xgomex3578wbdcCustomizer> (0x00000000c4e3da68) 
thrown [s\src\hotspot\share\classfile\systemDictionary.cpp, line 313]

ZGC Phase Switch (0 events):
No events

VM Operations (20 events):
Event: 423.971 Executing safepoint VM operation: Cleanup done
Event: 424.980 Executing safepoint VM operation: Cleanup
Event: 424.980 Executing safepoint VM operation: Cleanup done
Event: 425.984 Executing safepoint VM operation: Cleanup
Event: 425.984 Executing safepoint VM operation: Cleanup done
Event: 434.435 Executing safepoint VM operation: G1CollectForAllocation (G1 Evacuation Pause)
Event: 434.559 Executing safepoint VM operation: G1CollectForAllocation (G1 Evacuation Pause) done
Event: 438.581 Executing safepoint VM operation: Cleanup
Event: 438.581 Executing safepoint VM operation: Cleanup done
Event: 442.619 Executing safepoint VM operation: Cleanup
Event: 442.619 Executing safepoint VM operation: Cleanup done
Event: 444.645 Executing safepoint VM operation: Cleanup
Event: 444.645 Executing safepoint VM operation: Cleanup done
Event: 446.670 Executing safepoint VM operation: Cleanup
Event: 446.670 Executing safepoint VM operation: Cleanup done
Event: 452.727 Executing safepoint VM operation: Cleanup
Event: 452.803 Executing safepoint VM operation: Cleanup done
Event: 453.493 Executing safepoint VM operation: G1CollectForAllocation (G1 Evacuation Pause)
Event: 453.827 Executing safepoint VM operation: G1CollectForAllocation (G1 Evacuation Pause) done
Event: 460.030 Executing safepoint VM operation: G1PauseRemark

Memory protections (0 events):
No events

Nmethod flushes (20 events):
Event: 460.563 Thread 0x00000126e0a3b550 flushing  nmethod 0x00000126ce979390
Event: 460.564 Thread 0x00000126e0a3b550 flushing  nmethod 0x00000126cea44a10
Event: 460.564 Thread 0x00000126e0a3b550 flushing  nmethod 0x00000126cea71110
Event: 460.564 Thread 0x00000126e0a3b550 flushing  nmethod 0x00000126ceaea510
Event: 460.564 Thread 0x00000126e0a3b550 flushing  nmethod 0x00000126ceb80810
Event: 460.564 Thread 0x00000126e0a3b550 flushing  nmethod 0x00000126ceb80d10
Event: 460.565 Thread 0x00000126e0a3b550 flushing  nmethod 0x00000126ceb85310
Event: 460.565 Thread 0x00000126e0a3b550 flushing  nmethod 0x00000126ceb87510
Event: 460.565 Thread 0x00000126e0a3b550 flushing  nmethod 0x00000126ceddac90
Event: 460.565 Thread 0x00000126e0a3b550 flushing  nmethod 0x00000126cee36490
Event: 460.565 Thread 0x00000126e0a3b550 flushing  nmethod 0x00000126cf0c5810
Event: 460.565 Thread 0x00000126e0a3b550 flushing  nmethod 0x00000126cf516190
Event: 460.565 Thread 0x00000126e0a3b550 flushing  nmethod 0x00000126cf516890
Event: 460.565 Thread 0x00000126e0a3b550 flushing  nmethod 0x00000126cf605410
Event: 460.565 Thread 0x00000126e0a3b550 flushing  nmethod 0x00000126cf685990
Event: 460.566 Thread 0x00000126e0a3b550 flushing  nmethod 0x00000126cf6c3090
Event: 460.566 Thread 0x00000126e0a3b550 flushing  nmethod 0x00000126cf7a3a10
Event: 460.566 Thread 0x00000126e0a3b550 flushing  nmethod 0x00000126cfa9eb90
Event: 460.566 Thread 0x00000126e0a3b550 flushing  nmethod 0x00000126cfacb090
Event: 460.566 Thread 0x00000126e0a3b550 flushing  nmethod 0x00000126cfad9910

Events (20 events):
Event: 136.897 Thread 0x000001268298a960 Thread exited: 0x000001268298a960
Event: 136.897 Thread 0x0000012682988890 Thread exited: 0x0000012682988890
Event: 137.005 Thread 0x0000012682984060 Thread exited: 0x0000012682984060
Event: 139.621 Thread 0x00000126e0abda30 Thread added: 0x000001268476d6d0
Event: 150.207 Thread 0x00000126828ce5e0 Thread exited: 0x00000126828ce5e0
Event: 151.475 Thread 0x00000126852159e0 Thread exited: 0x00000126852159e0
Event: 152.058 Thread 0x00000126828d0d40 Thread exited: 0x00000126828d0d40
Event: 152.509 Thread 0x0000012685211ed0 Thread exited: 0x0000012685211ed0
Event: 158.028 Thread 0x00000126e0abda30 Thread added: 0x000001268bb33a10
Event: 158.109 Thread 0x000001268bb33a10 Thread added: 0x000001268bb31fd0
Event: 158.109 Thread 0x000001268bb33a10 Thread added: 0x000001268bb340a0
Event: 181.606 Thread 0x000001268127c4a0 Thread exited: 0x000001268127c4a0
Event: 241.646 Thread 0x000001268127d850 Thread exited: 0x000001268127d850
Event: 259.908 Thread 0x000001268bb340a0 Thread exited: 0x000001268bb340a0
Event: 259.908 Thread 0x000001268bb31fd0 Thread exited: 0x000001268bb31fd0
Event: 260.128 Thread 0x000001268bb33a10 Thread exited: 0x000001268bb33a10
Event: 337.654 Thread 0x00000126e0abda30 Thread added: 0x0000012685216700
Event: 337.792 Thread 0x0000012685216700 Thread added: 0x0000012685213280
Event: 337.798 Thread 0x0000012685216700 Thread added: 0x0000012685218140
Event: 423.333 Thread 0x000001268127dee0 Thread exited: 0x000001268127dee0


Dynamic libraries:
0x00007ff76c8f0000 - 0x00007ff76c8fe000 	C:\Users\AFIS\.antigravity-ide\extensions\redhat.java-1.55.0-win32-x64\jre\21.0.11-win32-x86_64\bin\java.exe
0x00007ffb7d780000 - 0x00007ffb7d9e6000 	C:\WINDOWS\SYSTEM32\ntdll.dll
0x00007ffb7bd30000 - 0x00007ffb7bdf9000 	C:\WINDOWS\System32\KERNEL32.DLL
0x00007ffb7a9a0000 - 0x00007ffb7ad9e000 	C:\WINDOWS\System32\KERNELBASE.dll
0x00007ffb7b0e0000 - 0x00007ffb7b22c000 	C:\WINDOWS\System32\ucrtbase.dll
0x00007ffb613d0000 - 0x00007ffb613e8000 	C:\Users\AFIS\.antigravity-ide\extensions\redhat.java-1.55.0-win32-x64\jre\21.0.11-win32-x86_64\bin\jli.dll
0x00007ffb7d0e0000 - 0x00007ffb7d2a7000 	C:\WINDOWS\System32\USER32.dll
0x00007ffb7b480000 - 0x00007ffb7b4a7000 	C:\WINDOWS\System32\win32u.dll
0x00007ffb7ca30000 - 0x00007ffb7ca5b000 	C:\WINDOWS\System32\GDI32.dll
0x00007ffb7af20000 - 0x00007ffb7b04a000 	C:\WINDOWS\System32\gdi32full.dll
0x00007ffb7adb0000 - 0x00007ffb7ae53000 	C:\WINDOWS\System32\msvcp_win.dll
0x00007ffb61020000 - 0x00007ffb6103e000 	C:\Users\AFIS\.antigravity-ide\extensions\redhat.java-1.55.0-win32-x64\jre\21.0.11-win32-x86_64\bin\VCRUNTIME140.dll
0x00007ffb5d6a0000 - 0x00007ffb5d932000 	C:\WINDOWS\WinSxS\amd64_microsoft.windows.common-controls_6595b64144ccf1df_6.0.26100.8875_none_3e0d5d42e32fe9dd\COMCTL32.dll
0x00007ffb7cf00000 - 0x00007ffb7cfa9000 	C:\WINDOWS\System32\msvcrt.dll
0x00007ffb7b5e0000 - 0x00007ffb7b612000 	C:\WINDOWS\System32\IMM32.DLL
0x00007ffb74920000 - 0x00007ffb7492c000 	C:\Users\AFIS\.antigravity-ide\extensions\redhat.java-1.55.0-win32-x64\jre\21.0.11-win32-x86_64\bin\vcruntime140_1.dll
0x00007ffb4fcd0000 - 0x00007ffb4fd5d000 	C:\Users\AFIS\.antigravity-ide\extensions\redhat.java-1.55.0-win32-x64\jre\21.0.11-win32-x86_64\bin\msvcp140.dll
0x00007ffaca560000 - 0x00007ffacb302000 	C:\Users\AFIS\.antigravity-ide\extensions\redhat.java-1.55.0-win32-x64\jre\21.0.11-win32-x86_64\bin\server\jvm.dll
0x00007ffb7b6f0000 - 0x00007ffb7b7a7000 	C:\WINDOWS\System32\ADVAPI32.dll
0x00007ffb7b620000 - 0x00007ffb7b6ca000 	C:\WINDOWS\System32\sechost.dll
0x00007ffb7ccd0000 - 0x00007ffb7cde8000 	C:\WINDOWS\System32\RPCRT4.dll
0x00007ffb7cdf0000 - 0x00007ffb7ce70000 	C:\WINDOWS\System32\WS2_32.dll
0x00007ffb7a820000 - 0x00007ffb7a87e000 	C:\WINDOWS\SYSTEM32\POWRPROF.dll
0x00007ffb6fe90000 - 0x00007ffb6fec6000 	C:\WINDOWS\SYSTEM32\WINMM.dll
0x00007ffb69480000 - 0x00007ffb6948b000 	C:\WINDOWS\SYSTEM32\VERSION.dll
0x00007ffb7a800000 - 0x00007ffb7a814000 	C:\WINDOWS\SYSTEM32\UMPDC.dll
0x00007ffb79660000 - 0x00007ffb7967b000 	C:\WINDOWS\SYSTEM32\kernel.appcore.dll
0x00007ffb748b0000 - 0x00007ffb748ba000 	C:\Users\AFIS\.antigravity-ide\extensions\redhat.java-1.55.0-win32-x64\jre\21.0.11-win32-x86_64\bin\jimage.dll
0x00007ffb780d0000 - 0x00007ffb78312000 	C:\WINDOWS\SYSTEM32\DBGHELP.DLL
0x00007ffb7b7b0000 - 0x00007ffb7bb33000 	C:\WINDOWS\System32\combase.dll
0x00007ffb7d000000 - 0x00007ffb7d0d9000 	C:\WINDOWS\System32\OLEAUT32.dll
0x00007ffb60e10000 - 0x00007ffb60e4b000 	C:\WINDOWS\SYSTEM32\dbgcore.DLL
0x00007ffb7b240000 - 0x00007ffb7b2ec000 	C:\WINDOWS\System32\bcryptPrimitives.dll
0x00007ffb72390000 - 0x00007ffb7239f000 	C:\Users\AFIS\.antigravity-ide\extensions\redhat.java-1.55.0-win32-x64\jre\21.0.11-win32-x86_64\bin\instrument.dll
0x00007ffb68270000 - 0x00007ffb68290000 	C:\Users\AFIS\.antigravity-ide\extensions\redhat.java-1.55.0-win32-x64\jre\21.0.11-win32-x86_64\bin\java.dll
0x00007ffb7bff0000 - 0x00007ffb7c782000 	C:\WINDOWS\System32\SHELL32.dll
0x00007ffb78400000 - 0x00007ffb78c92000 	C:\WINDOWS\SYSTEM32\windows.storage.dll
0x00007ffb7c790000 - 0x00007ffb7c887000 	C:\WINDOWS\System32\SHCORE.dll
0x00007ffb7b4b0000 - 0x00007ffb7b517000 	C:\WINDOWS\System32\shlwapi.dll
0x00007ffb7a8c0000 - 0x00007ffb7a8e9000 	C:\WINDOWS\SYSTEM32\profapi.dll
0x00007ffb61060000 - 0x00007ffb61078000 	C:\Users\AFIS\.antigravity-ide\extensions\redhat.java-1.55.0-win32-x64\jre\21.0.11-win32-x86_64\bin\zip.dll
0x00007ffb6b0a0000 - 0x00007ffb6b0b0000 	C:\Users\AFIS\.antigravity-ide\extensions\redhat.java-1.55.0-win32-x64\jre\21.0.11-win32-x86_64\bin\net.dll
0x00007ffb6fd60000 - 0x00007ffb6fe87000 	C:\WINDOWS\SYSTEM32\WINHTTP.dll
0x00007ffb79c30000 - 0x00007ffb79c9c000 	C:\WINDOWS\system32\mswsock.dll
0x00007ffb61040000 - 0x00007ffb61056000 	C:\Users\AFIS\.antigravity-ide\extensions\redhat.java-1.55.0-win32-x64\jre\21.0.11-win32-x86_64\bin\nio.dll
0x00007ffb69cf0000 - 0x00007ffb69d00000 	C:\Users\AFIS\.antigravity-ide\extensions\redhat.java-1.55.0-win32-x64\jre\21.0.11-win32-x86_64\bin\verify.dll
0x00007ffb5c070000 - 0x00007ffb5c097000 	C:\Users\AFIS\.gradle\native\1def1411415f61bf3af743bc5b6707747c0891f09f0c88961ee8f79bc544acac\windows-amd64\native-platform.dll
0x00007ffb4ff30000 - 0x00007ffb4ffa8000 	C:\Users\AFIS\.gradle\native\0.2.7\x86_64-windows-gnu\gradle-fileevents.dll
0x00007ffb64fb0000 - 0x00007ffb64fba000 	C:\Users\AFIS\.antigravity-ide\extensions\redhat.java-1.55.0-win32-x64\jre\21.0.11-win32-x86_64\bin\management.dll
0x00007ffb613a0000 - 0x00007ffb613ac000 	C:\Users\AFIS\.antigravity-ide\extensions\redhat.java-1.55.0-win32-x64\jre\21.0.11-win32-x86_64\bin\management_ext.dll
0x00007ffb7bfe0000 - 0x00007ffb7bfe8000 	C:\WINDOWS\System32\PSAPI.DLL
0x00007ffb79000000 - 0x00007ffb79033000 	C:\WINDOWS\SYSTEM32\IPHLPAPI.DLL
0x00007ffb7ccb0000 - 0x00007ffb7ccba000 	C:\WINDOWS\System32\NSI.dll
0x00007ffb61330000 - 0x00007ffb61339000 	C:\Users\AFIS\.antigravity-ide\extensions\redhat.java-1.55.0-win32-x64\jre\21.0.11-win32-x86_64\bin\extnet.dll
0x00007ffb79f30000 - 0x00007ffb79f4b000 	C:\WINDOWS\SYSTEM32\CRYPTSP.dll
0x00007ffb795c0000 - 0x00007ffb795f9000 	C:\WINDOWS\system32\rsaenh.dll
0x00007ffb79cf0000 - 0x00007ffb79d22000 	C:\WINDOWS\SYSTEM32\USERENV.dll
0x00007ffb7a890000 - 0x00007ffb7a8ba000 	C:\WINDOWS\SYSTEM32\bcrypt.dll
0x00007ffb79f50000 - 0x00007ffb79f5c000 	C:\WINDOWS\SYSTEM32\CRYPTBASE.dll
0x00007ffb61320000 - 0x00007ffb6132e000 	C:\Users\AFIS\.antigravity-ide\extensions\redhat.java-1.55.0-win32-x64\jre\21.0.11-win32-x86_64\bin\sunmscapi.dll
0x00007ffb7b300000 - 0x00007ffb7b478000 	C:\WINDOWS\System32\CRYPT32.dll
0x00007ffb7a170000 - 0x00007ffb7a1a0000 	C:\WINDOWS\SYSTEM32\ncrypt.dll
0x00007ffb7a120000 - 0x00007ffb7a15f000 	C:\WINDOWS\SYSTEM32\NTASN1.dll
0x00007ffb13320000 - 0x00007ffb13328000 	C:\WINDOWS\system32\wshunix.dll
0x00007ffb79090000 - 0x00007ffb791e6000 	C:\WINDOWS\SYSTEM32\DNSAPI.dll
0x00007ffb79a30000 - 0x00007ffb79a3d000 	C:\WINDOWS\SYSTEM32\DSPARSE.dll
0x00007ffb694b0000 - 0x00007ffb694bb000 	C:\Windows\System32\rasadhlp.dll
0x00007ffb71e80000 - 0x00007ffb71f06000 	C:\WINDOWS\System32\fwpuclnt.dll

JVMTI agents:
C:\Users\AFIS\.gradle\wrapper\dists\gradle-8.14.3-bin\cv11ve7ro1n3o1j4so8xd9n66\gradle-8.14.3\lib\agents\gradle-instrumentation-agent-8.14.3.jar path:C:\Users\AFIS\.antigravity-ide\extensions\redhat.java-1.55.0-win32-x64\jre\21.0.11-win32-x86_64\bin\instrument.dll, loaded, initialized, instrumentlib options:none

dbghelp: loaded successfully - version: 4.0.5 - missing functions: none
symbol engine: initialized successfully - sym options: 0x614 - pdb path: .;C:\Users\AFIS\.antigravity-ide\extensions\redhat.java-1.55.0-win32-x64\jre\21.0.11-win32-x86_64\bin;C:\WINDOWS\SYSTEM32;C:\WINDOWS\WinSxS\amd64_microsoft.windows.common-controls_6595b64144ccf1df_6.0.26100.8875_none_3e0d5d42e32fe9dd;C:\Users\AFIS\.antigravity-ide\extensions\redhat.java-1.55.0-win32-x64\jre\21.0.11-win32-x86_64\bin\server;C:\Users\AFIS\.gradle\native\1def1411415f61bf3af743bc5b6707747c0891f09f0c88961ee8f79bc544acac\windows-amd64;C:\Users\AFIS\.gradle\native\0.2.7\x86_64-windows-gnu

VM Arguments:
jvm_args: --add-opens=java.base/java.lang=ALL-UNNAMED --add-opens=java.base/java.lang.invoke=ALL-UNNAMED --add-opens=java.base/java.util=ALL-UNNAMED --add-opens=java.prefs/java.util.prefs=ALL-UNNAMED --add-exports=jdk.compiler/com.sun.tools.javac.api=ALL-UNNAMED --add-exports=jdk.compiler/com.sun.tools.javac.util=ALL-UNNAMED --add-opens=java.base/java.util=ALL-UNNAMED --add-opens=java.prefs/java.util.prefs=ALL-UNNAMED --add-opens=java.base/java.nio.charset=ALL-UNNAMED --add-opens=java.base/java.net=ALL-UNNAMED --add-opens=java.base/java.util.concurrent.atomic=ALL-UNNAMED --add-opens=java.xml/javax.xml.namespace=ALL-UNNAMED -XX:MaxMetaspaceSize=512m -Xmx1280m -Dfile.encoding=UTF-8 -Duser.country=IN -Duser.language=en -Duser.variant -javaagent:C:\Users\AFIS\.gradle\wrapper\dists\gradle-8.14.3-bin\cv11ve7ro1n3o1j4so8xd9n66\gradle-8.14.3\lib\agents\gradle-instrumentation-agent-8.14.3.jar 
java_command: org.gradle.launcher.daemon.bootstrap.GradleDaemon 8.14.3
java_class_path (initial): C:\Users\AFIS\.gradle\wrapper\dists\gradle-8.14.3-bin\cv11ve7ro1n3o1j4so8xd9n66\gradle-8.14.3\lib\gradle-daemon-main-8.14.3.jar
Launcher Type: SUN_STANDARD

[Global flags]
     intx CICompilerCount                          = 3                                         {product} {ergonomic}
   size_t CompressedClassSpaceSize                 = 436207616                                 {product} {ergonomic}
     uint ConcGCThreads                            = 1                                         {product} {ergonomic}
     uint G1ConcRefinementThreads                  = 4                                         {product} {ergonomic}
   size_t G1HeapRegionSize                         = 1048576                                   {product} {ergonomic}
    uintx GCDrainStackTargetSize                   = 64                                        {product} {ergonomic}
   size_t InitialHeapSize                          = 130023424                                 {product} {ergonomic}
   size_t MarkStackSize                            = 4194304                                   {product} {ergonomic}
   size_t MaxHeapSize                              = 1342177280                                {product} {command line}
   size_t MaxMetaspaceSize                         = 536870912                                 {product} {command line}
   size_t MaxNewSize                               = 805306368                                 {product} {ergonomic}
   size_t MinHeapDeltaBytes                        = 1048576                                   {product} {ergonomic}
   size_t MinHeapSize                              = 8388608                                   {product} {ergonomic}
    uintx NonNMethodCodeHeapSize                   = 5832780                                {pd product} {ergonomic}
    uintx NonProfiledCodeHeapSize                  = 122912730                              {pd product} {ergonomic}
    uintx ProfiledCodeHeapSize                     = 122912730                              {pd product} {ergonomic}
    uintx ReservedCodeCacheSize                    = 251658240                              {pd product} {ergonomic}
     bool SegmentedCodeCache                       = true                                      {product} {ergonomic}
   size_t SoftMaxHeapSize                          = 1342177280                             {manageable} {ergonomic}
     bool UseCompressedOops                        = true                           {product lp64_product} {ergonomic}
     bool UseG1GC                                  = true                                      {product} {ergonomic}
     bool UseLargePagesIndividualAllocation        = false                                  {pd product} {ergonomic}

Logging:
Log output configuration:
 #0: stdout all=warning uptime,level,tags foldmultilines=false
 #1: stderr all=off uptime,level,tags foldmultilines=false

Release file:
JAVA_VERSION="21.0.11" 
MODULES="java.base java.compiler java.datatransfer java.xml java.prefs java.desktop java.instrument java.logging java.management java.security.sasl java.naming java.rmi java.management.rmi java.net.http java.scripting java.security.jgss java.transaction.xa java.sql java.sql.rowset java.xml.crypto java.se java.smartcardio jdk.accessibility jdk.internal.jvmstat jdk.attach jdk.charsets jdk.internal.opt jdk.zipfs jdk.compiler jdk.crypto.ec jdk.crypto.cryptoki jdk.crypto.mscapi jdk.dynalink jdk.internal.ed jdk.editpad jdk.hotspot.agent jdk.httpserver jdk.internal.le jdk.internal.vm.ci jdk.internal.vm.compiler jdk.internal.vm.compiler.management jdk.jartool jdk.javadoc jdk.jcmd jdk.management jdk.management.agent jdk.jconsole jdk.jdeps jdk.jdwp.agent jdk.jdi jdk.jfr jdk.jshell jdk.jsobject jdk.jstatd jdk.localedata jdk.management.jfr jdk.naming.dns jdk.naming.rmi jdk.net jdk.nio.mapmode jdk.random jdk.sctp jdk.security.auth jdk.security.jgss jdk.unsupported jdk.unsupported.desktop jdk.xml.dom" 

Environment Variables:
JAVA_HOME=C:\Program Files\Eclipse Adoptium\jdk-17.0.18.8-hotspot
PATH=C:\Program Files\Eclipse Adoptium\jdk-17.0.18.8-hotspot\bin;C:\Program Files (x86)\VMware\VMware Workstation\bin\;C:\WINDOWS\system32;C:\WINDOWS;C:\WINDOWS\System32\Wbem;C:\WINDOWS\System32\WindowsPowerShell\v1.0\;C:\WINDOWS\System32\OpenSSH\;C:\Users\AFIS\AppData\Local\Android\Sdk;C:\Program Files\Git\cmd;C:\Program Files\php-8.3.4-Win32-vs16-x64;C:\Program Files\MySQL\MySQL Server 9.0\bin;C:\Program Files\Amazon\AWSCLIV2\;C:\Users\AFIS\Desktop\Flutter\flutter\bin;C:\Program Files\cursor\resources\app\bin;C:\Program Files\SQL Anywhere 17\bin64;C:\Program Files\SQL Anywhere 17\bin32;C:\Users\AFIS\AppData\Local\nvm;C:\nvm4w\nodejs;C:\Users\AFIS\AppData\Local\Programs\Python\Python313\Scripts\;C:\Users\AFIS\AppData\Local\Programs\Python\Python313\;C:\Users\AFIS\AppData\Local\Programs\Python\Launcher\;C:\Users\AFIS\AppData\Local\Microsoft\WindowsApps;C:\Users\AFIS\AppData\Local\Programs\Microsoft VS Code\bin;C:\Users\AFIS\AppData\Local\Android\Sdk;C:\Users\AFIS\AppData\Local\GitHubDesktop\bin;C:\Users\AFIS\Desktop\Flutter\flutter\bin;C:\Users\AFIS\AppData\Roaming\npm;C:\Users\AFIS\AppData\Local\Programs\Antigravity\bin;C:\Users\AFIS\AppData\Local\Android\Sdk\platform-tools;C:\Users\AFIS\AppData\Local\Programs\Antigravity IDE\bin;C:\Users\AFIS\AppData\Local\Programs\Kiro\bin;C:\Users\AFIS\AppData\Local\nvm;C:\nvm4w\nodejs
USERNAME=AFIS
OS=Windows_NT
PROCESSOR_IDENTIFIER=Intel64 Family 6 Model 140 Stepping 1, GenuineIntel
TMP=C:\Users\AFIS\AppData\Local\Temp
TEMP=C:\Users\AFIS\AppData\Local\Temp




Periodic native trim disabled

---------------  S Y S T E M  ---------------

OS:
 Windows 11 , 64 bit Build 26100 (10.0.26100.8875)
OS uptime: 6 days 5:50 hours
Hyper-V role detected

CPU: total 4 (initial active 4) (2 cores per cpu, 2 threads per core) family 6 model 140 stepping 1 microcode 0xb4, cx8, cmov, fxsr, ht, mmx, 3dnowpref, sse, sse2, sse3, ssse3, sse4.1, sse4.2, popcnt, lzcnt, tsc, tscinvbit, avx, avx2, aes, erms, clmul, bmi1, bmi2, adx, avx512f, avx512dq, avx512cd, avx512bw, avx512vl, sha, fma, vzeroupper, avx512_vpopcntdq, avx512_vpclmulqdq, avx512_vaes, avx512_vnni, clflush, clflushopt, clwb, avx512_vbmi2, avx512_vbmi, hv, rdtscp, rdpid, fsrm, gfni, avx512_bitalg, f16c, cet_ibt, cet_ss, avx512_ifma
Processor Information for the first 4 processors :
  Max Mhz: 2901, Current Mhz: 2901, Mhz Limit: 2901

Memory: 4k page, system-wide physical 7834M (214M free)
TotalPageFile size 31386M (AvailPageFile size 43M)
current process WorkingSet (physical memory assigned to process): 330M, peak: 431M
current process commit charge ("private bytes"): 728M, peak: 784M

vm_info: OpenJDK 64-Bit Server VM (21.0.11+10-LTS) for windows-amd64 JRE (21.0.11+10-LTS), built on 2026-04-21T00:00:00Z by "admin" with MS VC++ 17.12 (VS2022)

END.
